datetime,timestamp,open,high,low,close,volume
2025-07-12 17:00:00+00:00,1752339600000,117191.08,117548.69,117186.81,117478.4,209.00655
2025-07-12 18:00:00+00:00,1752343200000,117478.4,117509.76,117378.91,117504.0,161.72998
2025-07-12 19:00:00+00:00,1752346800000,117504.01,117639.98,117439.72,117550.96,307.8177
2025-07-12 20:00:00+00:00,1752350400000,117550.96,117550.96,117023.35,117023.36,154.52026
2025-07-12 21:00:00+00:00,1752354000000,117023.36,117555.5,117000.01,117485.22,207.04733
2025-07-12 22:00:00+00:00,1752357600000,117485.21,117563.75,117312.04,117385.37,233.15011
2025-07-12 23:00:00+00:00,1752361200000,117385.38,117460.02,117219.53,117420.0,117.07289
2025-07-13 00:00:00+00:00,1752364800000,117420.0,117458.48,117248.21,117316.1,163.58729
2025-07-13 01:00:00+00:00,1752368400000,117316.1,117640.61,117224.79,117553.37,236.13001
2025-07-13 02:00:00+00:00,1752372000000,117553.37,117817.16,117407.94,117620.0,158.6613
2025-07-13 03:00:00+00:00,1752375600000,117620.0,117824.76,117600.81,117753.6,138.03288
2025-07-13 04:00:00+00:00,1752379200000,117753.59,117892.23,117684.22,117879.22,222.50112
2025-07-13 05:00:00+00:00,1752382800000,117879.22,117904.75,117700.65,117759.99,150.55904
2025-07-13 06:00:00+00:00,1752386400000,117759.99,117978.97,117742.31,117888.51,186.7356
2025-07-13 07:00:00+00:00,1752390000000,117888.51,118054.79,117852.0,117999.0,308.18406
2025-07-13 08:00:00+00:00,1752393600000,117998.99,118006.96,117756.39,117895.78,165.74382
2025-07-13 09:00:00+00:00,1752397200000,117895.78,117901.34,117689.63,117739.16,151.43307
2025-07-13 10:00:00+00:00,1752400800000,117739.16,117845.48,117739.16,117747.99,98.78511
2025-07-13 11:00:00+00:00,1752404400000,117748.0,118086.66,117747.99,118072.01,269.48693
2025-07-13 12:00:00+00:00,1752408000000,118072.01,118636.92,117989.53,118432.11,689.7104
2025-07-13 13:00:00+00:00,1752411600000,118432.11,118750.0,118154.81,118610.01,736.92273
2025-07-13 14:00:00+00:00,1752415200000,118610.0,119376.0,118353.2,118766.94,1897.939057
2025-07-13 15:00:00+00:00,1752418800000,118766.94,119124.0,118532.84,118672.24,566.53213
2025-07-13 16:00:00+00:00,1752422400000,118672.23,118982.89,118520.0,118528.01,483.67524
2025-07-13 17:00:00+00:00,1752426000000,118528.0,118844.83,118382.56,118699.6,348.79838
2025-07-13 18:00:00+00:00,1752429600000,118699.6,119070.24,118592.01,118992.73,315.39573
2025-07-13 19:00:00+00:00,1752433200000,118992.73,119488.0,118897.44,118961.08,601.53222
2025-07-13 20:00:00+00:00,1752436800000,118961.09,119367.37,118826.0,119083.6,290.26988
2025-07-13 21:00:00+00:00,1752440400000,119083.6,119083.6,118500.01,118648.87,421.07599
2025-07-13 22:00:00+00:00,1752444000000,118648.86,118774.64,118243.68,118520.01,584.71541
2025-07-13 23:00:00+00:00,1752447600000,118520.01,119198.0,118386.55,119086.64,364.38555
2025-07-14 00:00:00+00:00,1752451200000,119086.65,119470.54,118916.17,119061.4,538.61781
2025-07-14 01:00:00+00:00,1752454800000,119061.4,119238.1,118905.18,119100.58,349.35207
2025-07-14 02:00:00+00:00,1752458400000,119100.58,119999.0,118969.56,119647.88,1311.09415
2025-07-14 03:00:00+00:00,1752462000000,119647.88,121492.48,119592.7,120750.24,3219.468856
2025-07-14 04:00:00+00:00,1752465600000,120750.25,121438.27,120557.63,121400.0,1343.86331
2025-07-14 05:00:00+00:00,1752469200000,121400.0,122666.0,121129.0,122461.99,2704.498689
2025-07-14 06:00:00+00:00,1752472800000,122461.99,122465.3,122017.81,122130.99,1146.85917
2025-07-14 07:00:00+00:00,1752476400000,122130.99,123218.0,122100.0,122736.04,1786.579052
2025-07-14 08:00:00+00:00,1752480000000,122736.04,122769.19,122300.0,122578.0,851.02194
2025-07-14 09:00:00+00:00,1752483600000,122578.01,122582.97,121888.44,121973.74,929.42357
2025-07-14 10:00:00+00:00,1752487200000,121973.74,122130.65,121628.47,121905.48,742.89705
2025-07-14 11:00:00+00:00,1752490800000,121905.48,121905.48,121355.55,121467.24,755.99271
2025-07-14 12:00:00+00:00,1752494400000,121467.23,121945.63,121400.01,121918.0,930.72081
2025-07-14 13:00:00+00:00,1752498000000,121918.01,122120.0,121188.0,121710.64,1151.85025
2025-07-14 14:00:00+00:00,1752501600000,121710.64,121990.42,120600.0,121158.89,1855.94127
2025-07-14 15:00:00+00:00,1752505200000,121158.88,121176.26,119611.7,119878.23,2109.20019
2025-07-14 16:00:00+00:00,1752508800000,119878.22,120299.58,119202.0,120268.87,1443.04559
2025-07-14 17:00:00+00:00,1752512400000,120268.88,120526.03,119769.4,119896.42,1173.36404
2025-07-14 18:00:00+00:00,1752516000000,119896.42,120192.73,119632.0,119644.94,812.38191
2025-07-14 19:00:00+00:00,1752519600000,119644.93,120103.31,119610.92,119939.41,698.45342
2025-07-14 20:00:00+00:00,1752523200000,119939.42,120447.0,119522.72,120167.07,552.37318
2025-07-14 21:00:00+00:00,1752526800000,120167.06,120244.5,119827.34,120034.98,290.33134
2025-07-14 22:00:00+00:00,1752530400000,120034.97,120300.0,119924.0,120057.01,297.55117
2025-07-14 23:00:00+00:00,1752534000000,120057.01,120057.01,119766.05,119841.18,274.46733
2025-07-15 00:00:00+00:00,1752537600000,119841.17,119940.83,119110.0,119497.92,646.74195
2025-07-15 01:00:00+00:00,1752541200000,119497.93,119537.22,118352.09,118431.71,1780.21194
2025-07-15 02:00:00+00:00,1752544800000,118431.71,118855.56,117827.46,118251.05,1830.73981
2025-07-15 03:00:00+00:00,1752548400000,118251.04,118251.04,116840.01,117148.47,2365.70802
2025-07-15 04:00:00+00:00,1752552000000,117148.46,117511.33,116250.0,117480.48,1853.98992
2025-07-15 05:00:00+00:00,1752555600000,117480.48,117765.4,116962.97,117335.12,1161.25519
2025-07-15 06:00:00+00:00,1752559200000,117335.12,117335.12,116766.0,117070.54,1050.33694
2025-07-15 07:00:00+00:00,1752562800000,117070.54,117270.86,116400.0,116779.12,1413.2237
2025-07-15 08:00:00+00:00,1752566400000,116779.13,116862.02,116300.0,116777.47,1086.30795
2025-07-15 09:00:00+00:00,1752570000000,116777.47,117224.08,116711.67,116779.99,920.92254
2025-07-15 10:00:00+00:00,1752573600000,116780.0,117198.21,116744.48,117016.48,853.89059
2025-07-15 11:00:00+00:00,1752577200000,117016.49,117161.52,116338.3,117113.98,751.22184
2025-07-15 12:00:00+00:00,1752580800000,117113.98,117466.52,116417.0,117204.18,1464.86775
2025-07-15 13:00:00+00:00,1752584400000,117204.18,118490.71,117157.25,118088.13,2210.06348
2025-07-15 14:00:00+00:00,1752588000000,118088.13,118458.31,115736.92,116008.19,2687.57274
2025-07-15 15:00:00+00:00,1752591600000,116008.2,116750.0,115800.0,116391.43,2299.77308
2025-07-15 16:00:00+00:00,1752595200000,116391.43,117800.6,116362.97,117188.01,1624.68167
2025-07-15 17:00:00+00:00,1752598800000,117188.0,117538.46,117140.0,117372.99,995.72856
2025-07-15 18:00:00+00:00,1752602400000,117373.0,117380.0,116019.05,116719.55,1721.15939
2025-07-15 19:00:00+00:00,1752606000000,116719.55,117204.5,116282.38,116416.07,1053.82399
2025-07-15 20:00:00+00:00,1752609600000,116416.07,116725.02,116192.27,116419.02,604.23115
2025-07-15 21:00:00+00:00,1752613200000,116419.01,117600.0,116350.0,117553.92,613.20681
2025-07-15 22:00:00+00:00,1752616800000,117553.91,117868.52,117263.66,117827.74,634.19704
2025-07-15 23:00:00+00:00,1752620400000,117827.74,117972.86,117500.0,117758.09,394.60478
2025-07-16 00:00:00+00:00,1752624000000,117758.08,118178.0,117425.27,118112.89,622.87077
2025-07-16 01:00:00+00:00,1752627600000,118112.9,118195.0,117582.12,117724.29,470.76557
2025-07-16 02:00:00+00:00,1752631200000,117724.29,117752.87,117017.29,117317.27,578.37446
2025-07-16 03:00:00+00:00,1752634800000,117317.27,117519.49,117211.25,117482.67,388.69782
2025-07-16 04:00:00+00:00,1752638400000,117482.67,117700.7,117275.63,117600.92,335.01607
2025-07-16 05:00:00+00:00,1752642000000,117600.92,118000.0,117600.92,117869.82,479.8066
2025-07-16 06:00:00+00:00,1752645600000,117869.82,118285.15,117760.0,118276.3,372.39644
2025-07-16 07:00:00+00:00,1752649200000,118276.3,118300.0,118046.19,118189.25,466.50951
2025-07-16 08:00:00+00:00,1752652800000,118189.24,118794.64,118113.82,118699.99,858.41533
2025-07-16 09:00:00+00:00,1752656400000,118700.0,119200.0,118693.71,119193.37,766.24927
2025-07-16 10:00:00+00:00,1752660000000,119193.38,119310.75,118734.53,118736.25,614.40925
2025-07-16 11:00:00+00:00,1752663600000,118736.24,118912.36,118650.0,118769.06,419.29991
2025-07-16 12:00:00+00:00,1752667200000,118769.06,119082.94,118580.36,118613.43,550.40761
2025-07-16 13:00:00+00:00,1752670800000,118613.43,118920.0,118181.14,118700.01,927.75357
2025-07-16 14:00:00+00:00,1752674400000,118700.02,119260.0,118200.0,119056.8,1139.36599
2025-07-16 15:00:00+00:00,1752678000000,119056.81,119794.8,118328.48,119095.76,2233.63925
2025-07-16 16:00:00+00:00,1752681600000,119095.76,119338.12,118471.38,119291.91,671.3025
2025-07-16 17:00:00+00:00,1752685200000,119291.91,119700.0,118963.96,119073.35,654.94744
2025-07-16 18:00:00+00:00,1752688800000,119073.35,119904.13,118880.27,119512.2,731.25594
2025-07-16 19:00:00+00:00,1752692400000,119512.2,119668.72,118822.72,119230.16,819.82836
2025-07-16 20:00:00+00:00,1752696000000,119230.16,119933.89,118943.91,119921.96,606.44397
2025-07-16 21:00:00+00:00,1752699600000,119921.97,120063.84,119200.0,119297.64,1094.26323
2025-07-16 22:00:00+00:00,1752703200000,119297.64,119500.0,118592.22,118639.34,893.9653
2025-07-16 23:00:00+00:00,1752706800000,118639.34,118823.5,118420.0,118630.43,343.92435
2025-07-17 00:00:00+00:00,1752710400000,118630.44,119158.28,118620.83,118894.33,319.33644
2025-07-17 01:00:00+00:00,1752714000000,118894.33,119082.88,117683.53,118149.7,854.33514
2025-07-17 02:00:00+00:00,1752717600000,118149.71,118523.25,118017.06,118330.57,607.84399
2025-07-17 03:00:00+00:00,1752721200000,118330.58,118356.32,117761.11,118128.8,452.54646
2025-07-17 04:00:00+00:00,1752724800000,118128.8,118485.4,117959.33,118485.4,389.33546
2025-07-17 05:00:00+00:00,1752728400000,118485.39,118643.59,118225.54,118587.03,364.79579
2025-07-17 06:00:00+00:00,1752732000000,118587.03,118772.0,118341.55,118452.51,592.92659
2025-07-17 07:00:00+00:00,1752735600000,118452.51,118556.45,117857.03,118311.75,733.57599
2025-07-17 08:00:00+00:00,1752739200000,118311.75,118424.28,118082.99,118330.93,416.84953
2025-07-17 09:00:00+00:00,1752742800000,118330.93,119192.0,118242.26,118769.34,734.00895
2025-07-17 10:00:00+00:00,1752746400000,118769.34,118869.73,118241.24,118340.01,402.69694
2025-07-17 11:00:00+00:00,1752750000000,118340.0,118398.82,117974.99,117995.0,488.32774
2025-07-17 12:00:00+00:00,1752753600000,117995.0,118183.74,117453.57,117867.08,1041.93489
2025-07-17 13:00:00+00:00,1752757200000,117867.08,118446.19,117520.6,118281.99,846.07215
2025-07-17 14:00:00+00:00,1752760800000,118281.99,118834.2,118141.47,118770.94,695.28925
2025-07-17 15:00:00+00:00,1752764400000,118770.94,119073.46,118334.34,118881.99,592.49854
2025-07-17 16:00:00+00:00,1752768000000,118881.99,118954.66,118333.6,118558.61,550.68619
2025-07-17 17:00:00+00:00,1752771600000,118558.61,119328.89,118500.0,119261.5,555.62392
2025-07-17 18:00:00+00:00,1752775200000,119261.51,119780.67,119211.94,119580.0,689.15184
2025-07-17 19:00:00+00:00,1752778800000,119580.0,119880.13,118821.06,118959.66,638.4785
2025-07-17 20:00:00+00:00,1752782400000,118959.66,119436.87,118383.97,119436.86,583.39954
2025-07-17 21:00:00+00:00,1752786000000,119436.86,120998.71,119431.93,120272.19,1869.7935
2025-07-17 22:00:00+00:00,1752789600000,120272.19,120693.35,119485.71,119766.71,695.69871
2025-07-17 23:00:00+00:00,1752793200000,119766.7,119879.35,119170.52,119177.56,613.37046
2025-07-18 00:00:00+00:00,1752796800000,119177.56,119786.52,119020.48,119739.06,492.21525
2025-07-18 01:00:00+00:00,1752800400000,119739.06,120785.49,119644.21,120336.88,1117.34665
2025-07-18 02:00:00+00:00,1752804000000,120336.88,120399.04,119869.97,120096.43,585.26308
2025-07-18 03:00:00+00:00,1752807600000,120096.42,120478.83,119949.28,120223.09,478.04437
2025-07-18 04:00:00+00:00,1752811200000,120223.08,120486.29,119750.0,120403.4,535.70911
2025-07-18 05:00:00+00:00,1752814800000,120403.4,120635.97,120210.02,120589.95,806.90934
2025-07-18 06:00:00+00:00,1752818400000,120589.94,120820.71,120075.04,120251.0,876.24559
2025-07-18 07:00:00+00:00,1752822000000,120251.0,120386.27,119287.72,119339.51,1430.3153
2025-07-18 08:00:00+00:00,1752825600000,119339.51,119469.21,118395.0,118642.01,1456.19404
2025-07-18 09:00:00+00:00,1752829200000,118642.02,118974.99,118442.84,118875.01,960.39557
2025-07-18 10:00:00+00:00,1752832800000,118875.01,119259.98,118502.7,119250.72,893.61085
2025-07-18 11:00:00+00:00,1752836400000,119250.72,119281.93,118772.4,119171.34,504.29437
2025-07-18 12:00:00+00:00,1752840000000,119171.35,119531.48,119145.84,119442.44,580.75482
2025-07-18 13:00:00+00:00,1752843600000,119442.43,119442.44,118500.0,118773.38,1270.18453
2025-07-18 14:00:00+00:00,1752847200000,118773.38,119242.63,117315.69,118139.99,2133.86458
2025-07-18 15:00:00+00:00,1752850800000,118139.99,118265.96,117480.0,117860.25,1035.97451
2025-07-18 16:00:00+00:00,1752854400000,117860.24,118054.92,117479.92,117553.42,743.90949
2025-07-18 17:00:00+00:00,1752858000000,117553.41,117996.49,117377.0,117600.01,466.84347
2025-07-18 18:00:00+00:00,1752861600000,117600.01,117723.11,117235.0,117310.72,633.76775
2025-07-18 19:00:00+00:00,1752865200000,117310.72,117874.0,117120.53,117374.76,720.06492
2025-07-18 20:00:00+00:00,1752868800000,117374.75,117539.51,116812.76,117405.0,971.31857
2025-07-18 21:00:00+00:00,1752872400000,117404.99,117879.9,117368.01,117676.82,398.26546
2025-07-18 22:00:00+00:00,1752876000000,117676.81,117962.09,117402.25,117683.71,397.4577
2025-07-18 23:00:00+00:00,1752879600000,117683.71,118021.62,117455.94,117924.84,435.71334
2025-07-19 00:00:00+00:00,1752883200000,117924.84,118028.86,117714.85,117739.7,314.9014
2025-07-19 01:00:00+00:00,1752886800000,117739.7,118109.95,117613.35,118036.73,286.4576
2025-07-19 02:00:00+00:00,1752890400000,118036.74,118297.72,117935.0,118201.03,339.10664
2025-07-19 03:00:00+00:00,1752894000000,118201.04,118371.42,118123.6,118322.54,382.53888
2025-07-19 04:00:00+00:00,1752897600000,118322.53,118364.0,118096.89,118134.83,245.36594
2025-07-19 05:00:00+00:00,1752901200000,118134.83,118289.43,118044.19,118205.98,257.94833
2025-07-19 06:00:00+00:00,1752904800000,118205.98,118261.7,118065.8,118164.42,162.98805
2025-07-19 07:00:00+00:00,1752908400000,118164.42,118326.8,118156.32,118163.06,162.42311
2025-07-19 08:00:00+00:00,1752912000000,118163.07,118265.95,117943.25,118101.82,259.81389
2025-07-19 09:00:00+00:00,1752915600000,118101.83,118328.0,118069.22,118244.3,201.68294
2025-07-19 10:00:00+00:00,1752919200000,118244.3,118479.34,118180.36,118440.38,392.75678
2025-07-19 11:00:00+00:00,1752922800000,118440.39,118499.9,118166.39,118327.06,269.17371
2025-07-19 12:00:00+00:00,1752926400000,118327.05,118327.06,118099.46,118242.04,323.90381
2025-07-19 13:00:00+00:00,1752930000000,118242.04,118317.42,118086.0,118188.14,280.81512
2025-07-19 14:00:00+00:00,1752933600000,118188.15,118229.8,117627.71,117668.14,707.8297
2025-07-19 15:00:00+00:00,1752937200000,117668.14,118240.01,117661.04,118058.11,344.11867
2025-07-19 16:00:00+00:00,1752940800000,118058.1,118161.51,117850.0,117973.99,202.06426
2025-07-19 17:00:00+00:00,1752944400000,117974.0,117984.68,117741.93,117808.17,192.03328
2025-07-19 18:00:00+00:00,1752948000000,117808.17,118028.0,117761.58,117859.1,127.41782
2025-07-19 19:00:00+00:00,1752951600000,117859.1,118141.0,117605.26,118007.88,258.76097
2025-07-19 20:00:00+00:00,1752955200000,118007.88,118141.0,117708.55,117720.01,212.75326
2025-07-19 21:00:00+00:00,1752958800000,117720.0,117836.56,117277.34,117705.82,417.75569
2025-07-19 22:00:00+00:00,1752962400000,117705.81,117850.14,117529.44,117792.98,169.57842
2025-07-19 23:00:00+00:00,1752966000000,117792.98,117935.76,117738.63,117840.0,123.61479
2025-07-20 00:00:00+00:00,1752969600000,117840.01,117996.49,117650.0,117942.31,137.64118
2025-07-20 01:00:00+00:00,1752973200000,117942.31,118131.2,117900.72,117941.25,244.5789
2025-07-20 02:00:00+00:00,1752976800000,117941.25,118006.37,117766.42,117970.49,319.10411
2025-07-20 03:00:00+00:00,1752980400000,117970.5,118165.38,117706.9,117958.01,514.71198
2025-07-20 04:00:00+00:00,1752984000000,117958.0,118127.39,117900.0,117949.98,209.68915
2025-07-20 05:00:00+00:00,1752987600000,117949.99,117976.36,117800.0,117846.91,262.71011
2025-07-20 06:00:00+00:00,1752991200000,117846.92,117884.29,117760.67,117824.48,128.67886
2025-07-20 07:00:00+00:00,1752994800000,117824.49,118218.0,117824.48,118029.49,339.64911
2025-07-20 08:00:00+00:00,1752998400000,118029.49,118255.14,118000.0,118151.14,659.2723
2025-07-20 09:00:00+00:00,1753002000000,118151.15,118277.17,117886.51,117913.11,427.04081
2025-07-20 10:00:00+00:00,1753005600000,117913.12,117993.86,117876.42,117888.21,342.66508
2025-07-20 11:00:00+00:00,1753009200000,117888.21,118081.66,117819.88,117878.46,371.30411
2025-07-20 12:00:00+00:00,1753012800000,117878.46,118169.36,117723.23,118085.43,1364.32398
2025-07-20 13:00:00+00:00,1753016400000,118085.43,118422.57,118085.42,118417.35,635.77922
2025-07-20 14:00:00+00:00,1753020000000,118417.35,118799.8,118277.77,118468.41,858.70947
2025-07-20 15:00:00+00:00,1753023600000,118468.41,118775.85,118347.38,118671.11,421.29202
2025-07-20 16:00:00+00:00,1753027200000,118671.12,118856.8,118465.0,118557.78,586.79687
2025-07-20 17:00:00+00:00,1753030800000,118557.77,118557.78,117960.0,118018.69,611.1576
2025-07-20 18:00:00+00:00,1753034400000,118018.7,118448.2,118018.7,118361.79,651.93273
2025-07-20 19:00:00+00:00,1753038000000,118361.8,118563.93,118155.0,118155.01,269.24086
2025-07-20 20:00:00+00:00,1753041600000,118155.0,118263.0,117852.72,118087.67,459.44638
2025-07-20 21:00:00+00:00,1753045200000,118087.67,118153.88,117830.2,117997.88,339.24007
2025-07-20 22:00:00+00:00,1753048800000,117997.87,118040.0,116467.02,117479.93,2198.48268
2025-07-20 23:00:00+00:00,1753052400000,117479.92,117556.93,116955.94,117265.12,609.48131
2025-07-21 00:00:00+00:00,1753056000000,117265.11,117352.06,116515.0,117352.06,857.45207
2025-07-21 01:00:00+00:00,1753059600000,117352.05,117441.62,116775.95,117305.86,496.20828
2025-07-21 02:00:00+00:00,1753063200000,117305.86,118183.93,117305.86,118183.92,687.53225
2025-07-21 03:00:00+00:00,1753066800000,118183.92,118614.7,118131.75,118404.0,753.42903
2025-07-21 04:00:00+00:00,1753070400000,118404.01,118634.57,118282.25,118331.61,405.68153
2025-07-21 05:00:00+00:00,1753074000000,118331.62,118430.24,118188.95,118430.22,471.56768
2025-07-21 06:00:00+00:00,1753077600000,118430.22,119241.57,118290.24,119169.25,1099.23474
2025-07-21 07:00:00+00:00,1753081200000,119169.26,119676.73,119162.62,119362.67,807.18244
2025-07-21 08:00:00+00:00,1753084800000,119364.18,119500.0,118854.9,119016.83,700.59303
2025-07-21 09:00:00+00:00,1753088400000,119016.84,119086.05,118527.12,118690.05,373.46118
2025-07-21 10:00:00+00:00,1753092000000,118690.05,118820.0,118344.0,118578.14,677.30519
2025-07-21 11:00:00+00:00,1753095600000,118578.14,118798.2,118070.16,118070.17,760.53044
2025-07-21 12:00:00+00:00,1753099200000,118070.17,118590.0,117778.7,118172.82,742.548
2025-07-21 13:00:00+00:00,1753102800000,118172.82,119100.0,117888.25,118834.0,1080.14384
2025-07-21 14:00:00+00:00,1753106400000,118834.0,119233.71,118432.0,118828.99,1012.98942
2025-07-21 15:00:00+00:00,1753110000000,118828.99,119119.59,118270.0,118313.16,669.70168
2025-07-21 16:00:00+00:00,1753113600000,118313.16,118399.1,117500.0,117738.44,1307.79158
2025-07-21 17:00:00+00:00,1753117200000,117738.44,118093.13,117321.84,117847.82,692.69059
2025-07-21 18:00:00+00:00,1753120800000,117847.83,118213.24,117100.0,117162.28,666.85458
2025-07-21 19:00:00+00:00,1753124400000,117162.28,117521.01,116666.0,116767.67,1149.65254
2025-07-21 20:00:00+00:00,1753128000000,116767.67,117252.0,116656.88,116939.4,697.73214
2025-07-21 21:00:00+00:00,1753131600000,116939.4,117371.99,116879.1,117215.25,403.94845
2025-07-21 22:00:00+00:00,1753135200000,117215.25,117633.66,117117.85,117348.96,307.79739
2025-07-21 23:00:00+00:00,1753138800000,117348.97,117508.25,117107.03,117380.36,285.30321
2025-07-22 00:00:00+00:00,1753142400000,117380.36,117524.07,117012.29,117123.69,512.7688
2025-07-22 01:00:00+00:00,1753146000000,117123.68,117950.0,116128.0,117750.01,1747.33705
2025-07-22 02:00:00+00:00,1753149600000,117750.01,117800.0,116969.67,117027.81,641.70987
2025-07-22 03:00:00+00:00,1753153200000,117027.81,117271.32,116683.93,117210.0,805.64841
2025-07-22 04:00:00+00:00,1753156800000,117210.0,117357.21,116555.0,116555.01,1108.40285
2025-07-22 05:00:00+00:00,1753160400000,116555.01,117346.17,116552.18,117329.27,706.3125
2025-07-22 06:00:00+00:00,1753164000000,117329.28,117847.77,117275.47,117847.26,782.21261
2025-07-22 07:00:00+00:00,1753167600000,117847.26,118594.55,117780.0,117983.68,1682.91379
2025-07-22 08:00:00+00:00,1753171200000,117983.69,118345.0,117488.19,118289.99,931.64911
2025-07-22 09:00:00+00:00,1753174800000,118290.0,118656.0,117873.42,118399.09,867.84135
2025-07-22 10:00:00+00:00,1753178400000,118399.09,118956.0,118302.01,118955.99,608.10463
2025-07-22 11:00:00+00:00,1753182000000,118955.99,119188.3,118784.0,119154.99,969.19626
2025-07-22 12:00:00+00:00,1753185600000,119154.99,119419.74,119037.02,119293.7,896.31634
2025-07-22 13:00:00+00:00,1753189200000,119293.7,119573.53,118034.63,118147.82,1663.45612
2025-07-22 14:00:00+00:00,1753192800000,118147.83,119140.14,117550.0,119060.0,1271.80822
2025-07-22 15:00:00+00:00,1753196400000,119060.01,119177.53,118690.38,118912.04,765.65863
2025-07-22 16:00:00+00:00,1753200000000,118912.04,119350.01,118626.35,118681.26,608.5666
2025-07-22 17:00:00+00:00,1753203600000,118681.25,119213.0,118368.19,119199.39,444.47061
2025-07-22 18:00:00+00:00,1753207200000,119199.39,120183.96,119044.06,119733.69,1310.2716
2025-07-22 19:00:00+00:00,1753210800000,119733.7,119914.97,119097.6,119282.1,704.31973
2025-07-22 20:00:00+00:00,1753214400000,119282.11,119901.88,119203.2,119703.28,539.53916
2025-07-22 21:00:00+00:00,1753218000000,119703.29,119770.84,119400.0,119400.0,239.71174
2025-07-22 22:00:00+00:00,1753221600000,119400.0,120035.29,119385.21,119844.23,608.63065
2025-07-22 23:00:00+00:00,1753225200000,119844.23,120247.8,119835.56,119954.42,542.2831
2025-07-23 00:00:00+00:00,1753228800000,119954.43,120090.0,119500.29,119546.56,373.25447
2025-07-23 01:00:00+00:00,1753232400000,119546.56,119666.04,119379.63,119488.22,386.63831
2025-07-23 02:00:00+00:00,1753236000000,119488.21,119531.29,118983.34,119090.73,754.14191
2025-07-23 03:00:00+00:00,1753239600000,119090.73,119116.68,118532.96,118614.17,554.08458
2025-07-23 04:00:00+00:00,1753243200000,118614.16,118996.01,118576.38,118996.0,301.65112
2025-07-23 05:00:00+00:00,1753246800000,118996.01,119006.05,118615.97,118645.04,468.54694
2025-07-23 06:00:00+00:00,1753250400000,118645.04,118717.12,118329.04,118417.99,401.51312
2025-07-23 07:00:00+00:00,1753254000000,118417.99,118592.39,118288.2,118350.35,392.52237
2025-07-23 08:00:00+00:00,1753257600000,118350.35,118552.0,118222.71,118423.21,415.94192
2025-07-23 09:00:00+00:00,1753261200000,118423.21,118457.86,117910.66,118040.0,501.38076
2025-07-23 10:00:00+00:00,1753264800000,118040.01,118379.74,117844.24,118372.12,510.46248
2025-07-23 11:00:00+00:00,1753268400000,118372.13,118619.79,118160.0,118538.46,373.31825
2025-07-23 12:00:00+00:00,1753272000000,118538.46,118655.0,117799.87,117980.7,730.54489
2025-07-23 13:00:00+00:00,1753275600000,117980.69,118199.89,117330.0,117381.44,1612.8477
2025-07-23 14:00:00+00:00,1753279200000,117381.44,118205.0,117301.0,118204.99,952.15862
2025-07-23 15:00:00+00:00,1753282800000,118204.99,118708.24,117823.21,118567.39,741.63721
2025-07-23 16:00:00+00:00,1753286400000,118567.39,118567.39,117561.23,117712.53,803.50351
2025-07-23 17:00:00+00:00,1753290000000,117712.53,118136.46,117331.63,118131.99,856.62881
2025-07-23 18:00:00+00:00,1753293600000,118131.99,118387.85,117998.9,118379.45,514.88794
2025-07-23 19:00:00+00:00,1753297200000,118379.44,118466.69,118218.12,118393.64,476.80341
2025-07-23 20:00:00+00:00,1753300800000,118393.64,118498.76,117559.91,117900.0,625.02001
2025-07-23 21:00:00+00:00,1753304400000,117900.0,118181.36,117381.8,118181.36,644.9173
2025-07-23 22:00:00+00:00,1753308000000,118181.75,118630.39,117937.47,118568.99,553.07391
2025-07-23 23:00:00+00:00,1753311600000,118568.99,118756.0,118421.86,118755.99,613.27129
2025-07-24 00:00:00+00:00,1753315200000,118756.0,119138.57,118571.17,119060.0,647.45883
2025-07-24 01:00:00+00:00,1753318800000,119060.01,119100.0,118787.32,119094.4,299.18389
2025-07-24 02:00:00+00:00,1753322400000,119094.4,119094.4,118808.44,118960.6,290.68089
2025-07-24 03:00:00+00:00,1753326000000,118960.6,119273.36,118466.71,118488.92,640.95973
2025-07-24 04:00:00+00:00,1753329600000,118488.92,118610.25,117830.0,117941.86,760.33077
2025-07-24 05:00:00+00:00,1753333200000,117941.86,117953.72,117500.0,117604.55,902.71116
2025-07-24 06:00:00+00:00,1753336800000,117604.54,117855.0,117380.03,117466.81,933.69554
2025-07-24 07:00:00+00:00,1753340400000,117466.81,118473.62,117103.1,118416.21,1190.19498
2025-07-24 08:00:00+00:00,1753344000000,118416.21,118811.09,118224.76,118775.28,827.24635
2025-07-24 09:00:00+00:00,1753347600000,118775.29,118814.47,118300.53,118507.08,476.62912
2025-07-24 10:00:00+00:00,1753351200000,118507.07,118648.53,117955.59,118373.99,531.255
2025-07-24 11:00:00+00:00,1753354800000,118374.0,118739.13,118297.56,118600.0,569.02762
2025-07-24 12:00:00+00:00,1753358400000,118600.0,118728.33,118281.12,118531.42,776.17409
2025-07-24 13:00:00+00:00,1753362000000,118531.43,118727.53,118220.0,118227.48,630.03049
2025-07-24 14:00:00+00:00,1753365600000,118227.48,119109.74,117832.32,119057.11,1286.22387
2025-07-24 15:00:00+00:00,1753369200000,119057.12,119450.0,118614.84,119092.65,1446.86371
2025-07-24 16:00:00+00:00,1753372800000,119092.65,119190.41,118350.0,118529.97,870.59406
2025-07-24 17:00:00+00:00,1753376400000,118529.97,119307.43,118481.7,119122.94,402.20867
2025-07-24 18:00:00+00:00,1753380000000,119122.95,119395.81,118960.27,119044.29,426.58619
2025-07-24 19:00:00+00:00,1753383600000,119044.29,119343.97,118900.02,118943.42,467.4377
2025-07-24 20:00:00+00:00,1753387200000,118943.42,119010.64,118722.02,118722.02,271.81117
2025-07-24 21:00:00+00:00,1753390800000,118722.03,118790.44,118487.2,118527.52,211.57104
2025-07-24 22:00:00+00:00,1753394400000,118527.51,118626.09,118186.57,118280.01,387.73703
2025-07-24 23:00:00+00:00,1753398000000,118280.0,118450.24,118166.94,118340.99,560.27853
2025-07-25 00:00:00+00:00,1753401600000,118340.98,118451.57,117652.85,117664.56,992.03849
2025-07-25 01:00:00+00:00,1753405200000,117664.55,117802.04,117231.0,117359.26,2379.32463
2025-07-25 02:00:00+00:00,1753408800000,117359.27,117396.96,116353.66,116353.67,3274.41246
2025-07-25 03:00:00+00:00,1753412400000,116353.67,116428.55,115330.86,115419.66,4481.42935
2025-07-25 04:00:00+00:00,1753416000000,115419.65,116144.63,115115.0,116102.7,2028.74795
2025-07-25 05:00:00+00:00,1753419600000,116102.71,116102.71,115263.54,115500.0,1990.02649
2025-07-25 06:00:00+00:00,1753423200000,115500.0,115511.54,115200.0,115284.25,2030.76329
2025-07-25 07:00:00+00:00,1753426800000,115284.25,115946.26,114723.16,115320.01,2785.7139
2025-07-25 08:00:00+00:00,1753430400000,115320.01,115980.82,115008.85,115202.55,3646.45319
2025-07-25 09:00:00+00:00,1753434000000,115202.55,116033.46,115020.59,116033.44,1501.26322
2025-07-25 10:00:00+00:00,1753437600000,116033.44,116487.5,115990.09,116308.48,927.16868
2025-07-25 11:00:00+00:00,1753441200000,116308.48,116782.13,116308.48,116543.58,1141.32627
2025-07-25 12:00:00+00:00,1753444800000,116543.59,116656.99,115963.97,116105.96,1288.03796
2025-07-25 13:00:00+00:00,1753448400000,116105.96,116600.0,115564.75,116216.27,1802.0313
2025-07-25 14:00:00+00:00,1753452000000,116216.27,116286.87,114908.0,114960.01,2025.1148
2025-07-25 15:00:00+00:00,1753455600000,114960.01,115846.39,114916.48,115727.08,1246.60929
2025-07-25 16:00:00+00:00,1753459200000,115727.07,116214.88,115455.46,116185.32,941.06562
2025-07-25 17:00:00+00:00,1753462800000,116185.31,116345.74,115871.8,116042.5,679.50606
2025-07-25 18:00:00+00:00,1753466400000,116042.51,116568.73,116042.5,116491.53,629.2576
2025-07-25 19:00:00+00:00,1753470000000,116491.53,116997.21,116405.7,116688.6,839.57954
2025-07-25 20:00:00+00:00,1753473600000,116688.6,117306.0,116578.02,117040.01,737.6538
2025-07-25 21:00:00+00:00,1753477200000,117040.01,117377.59,116956.0,117214.23,418.42958
2025-07-25 22:00:00+00:00,1753480800000,117214.23,117343.89,117102.3,117279.97,248.88589
2025-07-25 23:00:00+00:00,1753484400000,117279.97,117630.0,117186.83,117614.31,371.50937
2025-07-26 00:00:00+00:00,1753488000000,117614.31,117614.32,117330.24,117496.0,388.41101
2025-07-26 01:00:00+00:00,1753491600000,117496.0,117550.9,117138.38,117153.73,266.66811
2025-07-26 02:00:00+00:00,1753495200000,117153.74,117750.0,117153.73,117469.0,391.82574
2025-07-26 03:00:00+00:00,1753498800000,117469.01,117603.0,117462.64,117489.62,175.33791
2025-07-26 04:00:00+00:00,1753502400000,117489.61,117547.92,117396.95,117496.81,182.72574
2025-07-26 05:00:00+00:00,1753506000000,117496.8,117541.19,117419.83,117444.99,155.81148
2025-07-26 06:00:00+00:00,1753509600000,117444.99,117458.0,117320.0,117350.71,213.86521
2025-07-26 07:00:00+00:00,1753513200000,117350.71,117382.76,117304.46,117304.47,454.07762
2025-07-26 08:00:00+00:00,1753516800000,117304.47,117615.12,117304.46,117557.14,259.96197
2025-07-26 09:00:00+00:00,1753520400000,117557.14,117617.65,117458.0,117570.6,190.39173
2025-07-26 10:00:00+00:00,1753524000000,117570.6,118217.45,117545.1,117971.93,749.16688
2025-07-26 11:00:00+00:00,1753527600000,117971.94,118072.41,117776.1,117776.11,349.789
2025-07-26 12:00:00+00:00,1753531200000,117776.1,117990.0,117772.13,117914.17,171.77445
2025-07-26 13:00:00+00:00,1753534800000,117914.16,118220.0,117855.15,118125.24,341.83674
2025-07-26 14:00:00+00:00,1753538400000,118125.24,118210.85,117956.0,118064.99,355.21897
2025-07-26 15:00:00+00:00,1753542000000,118064.99,118142.87,117818.2,118130.1,434.76718
2025-07-26 16:00:00+00:00,1753545600000,118130.1,118188.97,118011.0,118081.18,351.27128
2025-07-26 17:00:00+00:00,1753549200000,118081.19,118090.0,117990.0,118039.98,139.66952
2025-07-26 18:00:00+00:00,1753552800000,118039.99,118099.99,117941.96,118095.15,195.55155
2025-07-26 19:00:00+00:00,1753556400000,118095.16,118297.35,118040.0,118232.11,364.90102
2025-07-26 20:00:00+00:00,1753560000000,118232.11,118232.12,117883.86,117956.32,249.16255
2025-07-26 21:00:00+00:00,1753563600000,117956.32,118068.0,117888.2,118028.56,149.87446
2025-07-26 22:00:00+00:00,1753567200000,118028.56,118276.66,117978.0,118007.02,289.29406
2025-07-26 23:00:00+00:00,1753570800000,118007.03,118048.19,117890.0,117919.99,170.31788
2025-07-27 00:00:00+00:00,1753574400000,117919.99,117961.89,117825.5,117952.0,131.17257
2025-07-27 01:00:00+00:00,1753578000000,117951.99,118190.0,117920.0,118102.0,291.9617
2025-07-27 02:00:00+00:00,1753581600000,118102.0,118358.18,118021.85,118309.99,398.69577
2025-07-27 03:00:00+00:00,1753585200000,118309.99,118309.99,118080.92,118182.83,185.67692
2025-07-27 04:00:00+00:00,1753588800000,118182.83,118272.43,118149.19,118215.1,180.57499
2025-07-27 05:00:00+00:00,1753592400000,118215.09,118300.0,118160.84,118274.73,261.59962
2025-07-27 06:00:00+00:00,1753596000000,118274.73,118438.83,118197.71,118263.4,218.37982
2025-07-27 07:00:00+00:00,1753599600000,118263.4,118263.4,118066.74,118095.95,147.6577
2025-07-27 08:00:00+00:00,1753603200000,118095.95,118129.75,117950.47,117950.47,201.29673
2025-07-27 09:00:00+00:00,1753606800000,117950.47,117999.91,117859.98,117943.92,195.86439
2025-07-27 10:00:00+00:00,1753610400000,117943.92,118292.86,117943.92,118184.92,257.644
2025-07-27 11:00:00+00:00,1753614000000,118184.92,118255.32,118050.0,118072.71,181.16448
2025-07-27 12:00:00+00:00,1753617600000,118072.71,118111.34,117890.0,118097.39,298.94425
2025-07-27 13:00:00+00:00,1753621200000,118097.39,118217.6,118085.87,118201.99,217.84311
2025-07-27 14:00:00+00:00,1753624800000,118201.99,118499.0,118149.96,118422.16,467.70923
2025-07-27 15:00:00+00:00,1753628400000,118422.16,118588.0,118236.84,118585.74,601.55506
2025-07-27 16:00:00+00:00,1753632000000,118585.75,119540.01,118585.75,119090.45,2270.02899
2025-07-27 17:00:00+00:00,1753635600000,119090.46,119334.88,118855.58,119196.69,652.20986
2025-07-27 18:00:00+00:00,1753639200000,119196.68,119372.87,118942.9,119021.33,339.99317
2025-07-27 19:00:00+00:00,1753642800000,119021.33,119073.91,118895.09,118960.0,156.14032
2025-07-27 20:00:00+00:00,1753646400000,118960.01,119169.97,118713.74,118754.13,284.59066
2025-07-27 21:00:00+00:00,1753650000000,118754.13,119270.15,118724.0,119265.76,238.52881
2025-07-27 22:00:00+00:00,1753653600000,119265.75,119766.65,119228.56,119495.17,773.18425
2025-07-27 23:00:00+00:00,1753657200000,119495.16,119528.47,119119.53,119415.55,375.89279
2025-07-28 00:00:00+00:00,1753660800000,119415.56,119690.32,119126.09,119236.72,466.02933
2025-07-28 01:00:00+00:00,1753664400000,119236.72,119480.0,118960.5,119037.77,475.77219
2025-07-28 02:00:00+00:00,1753668000000,119037.77,119800.0,119021.11,119434.14,578.13763
2025-07-28 03:00:00+00:00,1753671600000,119434.14,119521.03,119234.37,119287.99,304.59253
2025-07-28 04:00:00+00:00,1753675200000,119287.99,119423.58,119128.46,119218.05,341.10705
2025-07-28 05:00:00+00:00,1753678800000,119218.06,119701.07,119138.24,119526.13,787.5627
2025-07-28 06:00:00+00:00,1753682400000,119526.13,119600.0,119440.0,119448.02,349.57844
2025-07-28 07:00:00+00:00,1753686000000,119448.03,119448.03,118774.31,118900.0,881.81401
2025-07-28 08:00:00+00:00,1753689600000,118900.01,119102.69,118777.98,119072.45,558.77409
2025-07-28 09:00:00+00:00,1753693200000,119072.45,119072.45,118704.01,118930.87,367.39295
2025-07-28 10:00:00+00:00,1753696800000,118930.88,118953.52,118620.22,118764.53,360.71138
2025-07-28 11:00:00+00:00,1753700400000,118764.54,118873.78,118475.47,118827.49,773.30378
2025-07-28 12:00:00+00:00,1753704000000,118827.49,119093.68,118783.85,118845.24,779.03242
2025-07-28 13:00:00+00:00,1753707600000,118845.23,119085.79,118234.28,118434.78,1098.91827
2025-07-28 14:00:00+00:00,1753711200000,118434.77,118685.02,117895.73,117985.93,1300.98009
2025-07-28 15:00:00+00:00,1753714800000,117985.94,118500.0,117907.0,118174.9,613.6795
2025-07-28 16:00:00+00:00,1753718400000,118174.89,118376.61,118003.55,118028.88,472.32021
2025-07-28 17:00:00+00:00,1753722000000,118028.89,118112.24,117653.39,117667.86,789.85169
2025-07-28 18:00:00+00:00,1753725600000,117667.86,117856.37,117427.5,117776.56,670.47028
2025-07-28 19:00:00+00:00,1753729200000,117776.56,118244.46,117542.45,118068.73,642.91309
2025-07-28 20:00:00+00:00,1753732800000,118068.73,118162.17,117500.09,118044.93,399.93343
2025-07-28 21:00:00+00:00,1753736400000,118044.93,118350.01,117951.12,118106.9,334.38901
2025-07-28 22:00:00+00:00,1753740000000,118106.89,118266.06,117762.51,117854.35,370.20373
2025-07-28 23:00:00+00:00,1753743600000,117854.34,118172.37,117814.64,118062.32,244.27974
2025-07-29 00:00:00+00:00,1753747200000,118062.32,118450.0,117539.68,117979.8,548.35859
2025-07-29 01:00:00+00:00,1753750800000,117979.8,118247.62,117774.15,117774.16,264.65387
2025-07-29 02:00:00+00:00,1753754400000,117774.15,118102.79,117450.0,118095.6,550.84159
2025-07-29 03:00:00+00:00,1753758000000,118095.59,118800.0,118095.59,118764.85,879.02363
2025-07-29 04:00:00+00:00,1753761600000,118764.85,118799.99,118416.66,118533.93,441.70806
2025-07-29 05:00:00+00:00,1753765200000,118533.93,118852.0,118527.77,118800.0,475.07739
2025-07-29 06:00:00+00:00,1753768800000,118799.99,119061.68,118731.74,118764.85,664.6105
2025-07-29 07:00:00+00:00,1753772400000,118764.86,119273.36,118750.87,118882.37,998.59676
2025-07-29 08:00:00+00:00,1753776000000,118882.37,119051.0,118764.86,118923.8,302.76278
2025-07-29 09:00:00+00:00,1753779600000,118923.81,118985.0,118758.98,118784.79,385.26308
2025-07-29 10:00:00+00:00,1753783200000,118784.8,118828.01,118300.0,118317.75,697.30138
2025-07-29 11:00:00+00:00,1753786800000,118317.74,118592.39,118160.87,118592.38,577.62627
2025-07-29 12:00:00+00:00,1753790400000,118592.38,119080.81,118450.0,118906.85,787.26429
2025-07-29 13:00:00+00:00,1753794000000,118906.85,119029.54,118527.01,118621.27,657.45227
2025-07-29 14:00:00+00:00,1753797600000,118621.27,118635.58,117701.0,117823.67,1328.2906
2025-07-29 15:00:00+00:00,1753801200000,117823.66,117955.39,117272.0,117400.01,1400.94922
2025-07-29 16:00:00+00:00,1753804800000,117400.02,117758.13,116950.75,117739.03,1125.1565
2025-07-29 17:00:00+00:00,1753808400000,117739.03,118057.05,117629.99,117773.69,512.49259
2025-07-29 18:00:00+00:00,1753812000000,117773.69,117824.59,117482.4,117606.72,260.60632
2025-07-29 19:00:00+00:00,1753815600000,117606.74,118000.0,117420.0,117525.29,542.80793
2025-07-29 20:00:00+00:00,1753819200000,117525.28,117871.39,117094.96,117514.28,823.80047
2025-07-29 21:00:00+00:00,1753822800000,117514.49,117701.1,117190.83,117606.79,470.68677
2025-07-29 22:00:00+00:00,1753826400000,117606.79,117860.0,117459.04,117848.03,239.80039
2025-07-29 23:00:00+00:00,1753830000000,117848.03,118000.0,117729.8,117950.76,202.8032
2025-07-30 00:00:00+00:00,1753833600000,117950.75,117995.98,117538.15,117744.77,246.31499
2025-07-30 01:00:00+00:00,1753837200000,117744.78,118012.78,117412.53,117862.05,234.85179
2025-07-30 02:00:00+00:00,1753840800000,117862.05,118119.0,117796.14,118024.11,330.69294
2025-07-30 03:00:00+00:00,1753844400000,118024.1,118250.0,117905.61,118161.87,414.52534
2025-07-30 04:00:00+00:00,1753848000000,118161.86,118275.18,117963.65,117993.52,266.35002
2025-07-30 05:00:00+00:00,1753851600000,117993.52,118080.0,117667.33,117992.26,269.77024
2025-07-30 06:00:00+00:00,1753855200000,117992.26,118326.56,117992.25,118287.31,396.72321
2025-07-30 07:00:00+00:00,1753858800000,118287.31,118412.11,118118.0,118123.01,299.24616
2025-07-30 08:00:00+00:00,1753862400000,118123.0,118481.81,117939.99,118372.73,466.68398
2025-07-30 09:00:00+00:00,1753866000000,118372.73,118427.98,117985.98,118164.08,298.15038
2025-07-30 10:00:00+00:00,1753869600000,118164.08,118471.69,117928.13,118020.18,816.03502
2025-07-30 11:00:00+00:00,1753873200000,118020.17,118184.0,117358.84,117579.99,647.14857
2025-07-30 12:00:00+00:00,1753876800000,117579.99,117909.01,117358.84,117739.02,676.38941
2025-07-30 13:00:00+00:00,1753880400000,117739.02,117888.0,117415.62,117675.79,901.27996
2025-07-30 14:00:00+00:00,1753884000000,117675.78,118728.15,117610.93,118714.35,1103.46809
2025-07-30 15:00:00+00:00,1753887600000,118714.35,118792.0,117834.24,118000.01,1113.77866
2025-07-30 16:00:00+00:00,1753891200000,118000.01,118021.88,117635.3,117734.8,710.50243
2025-07-30 17:00:00+00:00,1753894800000,117734.8,117940.0,117650.0,117802.1,591.37855
2025-07-30 18:00:00+00:00,1753898400000,117802.11,118037.18,116509.47,116523.14,1846.61677
2025-07-30 19:00:00+00:00,1753902000000,116523.15,117123.8,115796.23,116916.73,2572.65277
2025-07-30 20:00:00+00:00,1753905600000,116916.73,117325.94,116880.64,117175.71,515.7628
2025-07-30 21:00:00+00:00,1753909200000,117175.72,117336.34,116955.64,117326.82,214.49198
2025-07-30 22:00:00+00:00,1753912800000,117326.82,117497.17,117253.73,117486.49,316.24088
2025-07-30 23:00:00+00:00,1753916400000,117486.48,117908.4,117460.0,117840.3,337.68137
2025-07-31 00:00:00+00:00,1753920000000,117840.29,118542.39,117781.87,118415.8,800.0686
2025-07-31 01:00:00+00:00,1753923600000,118415.8,118456.46,117992.71,118055.32,463.81141
2025-07-31 02:00:00+00:00,1753927200000,118055.32,118520.32,117981.02,118447.52,585.37259
2025-07-31 03:00:00+00:00,1753930800000,118447.52,118600.0,118385.0,118466.14,458.32072
2025-07-31 04:00:00+00:00,1753934400000,118466.15,118550.0,118364.13,118511.53,359.32077
2025-07-31 05:00:00+00:00,1753938000000,118511.52,118540.0,118331.63,118362.0,277.83295
2025-07-31 06:00:00+00:00,1753941600000,118362.01,118725.59,118287.63,118691.78,552.35653
2025-07-31 07:00:00+00:00,1753945200000,118691.79,118922.45,118604.22,118665.97,718.45709
2025-07-31 08:00:00+00:00,1753948800000,118665.98,118770.07,118568.46,118593.94,310.28437
2025-07-31 09:00:00+00:00,1753952400000,118593.95,118617.96,118467.65,118605.58,248.44101
2025-07-31 10:00:00+00:00,1753956000000,118605.58,118719.42,118435.72,118505.02,285.13996
2025-07-31 11:00:00+00:00,1753959600000,118505.02,118560.0,118278.91,118371.25,446.34097
2025-07-31 12:00:00+00:00,1753963200000,118371.25,118645.1,118285.14,118626.18,435.85485
2025-07-31 13:00:00+00:00,1753966800000,118626.19,118702.1,117807.35,118557.01,806.82751
2025-07-31 14:00:00+00:00,1753970400000,118557.01,118660.17,117901.68,117913.18,1043.63162
2025-07-31 15:00:00+00:00,1753974000000,117913.19,118351.0,117894.99,118306.18,1170.96697
2025-07-31 16:00:00+00:00,1753977600000,118306.18,118879.14,118242.39,118538.53,876.32003
2025-07-31 17:00:00+00:00,1753981200000,118538.53,118557.71,117702.42,117728.0,1032.83499
2025-07-31 18:00:00+00:00,1753984800000,117728.0,117998.38,117400.0,117658.8,946.75341
2025-07-31 19:00:00+00:00,1753988400000,117658.81,117762.05,116763.43,116785.79,1372.31175
2025-07-31 20:00:00+00:00,1753992000000,116785.78,116990.04,116450.0,116514.0,975.87757
2025-07-31 21:00:00+00:00,1753995600000,116514.0,116909.67,116228.77,116536.96,742.76679
2025-07-31 22:00:00+00:00,1753999200000,116536.96,116536.97,116010.0,116010.6,834.08855
2025-07-31 23:00:00+00:00,1754002800000,116010.6,116362.99,115500.0,115764.08,1266.02629
2025-08-01 00:00:00+00:00,1754006400000,115764.07,115933.0,114313.13,115427.27,2526.88761
2025-08-01 01:00:00+00:00,1754010000000,115427.27,115609.99,114600.0,115331.86,1656.04021
2025-08-01 02:00:00+00:00,1754013600000,115328.67,116019.3,115221.07,115966.12,704.95562
2025-08-01 03:00:00+00:00,1754017200000,115966.11,116052.0,115613.21,115648.03,552.44227
2025-08-01 04:00:00+00:00,1754020800000,115648.03,115699.58,115266.64,115695.52,571.24791
2025-08-01 05:00:00+00:00,1754024400000,115695.53,115916.43,115385.92,115568.0,511.19199
2025-08-01 06:00:00+00:00,1754028000000,115568.0,115658.09,115065.55,115156.51,629.39718
2025-08-01 07:00:00+00:00,1754031600000,115156.52,115300.0,114633.18,115081.77,1240.67026
2025-08-01 08:00:00+00:00,1754035200000,115081.76,115081.76,114116.0,114615.99,1432.56065
2025-08-01 09:00:00+00:00,1754038800000,114615.98,115340.0,114555.41,114938.67,848.20925
2025-08-01 10:00:00+00:00,1754042400000,114938.66,115203.13,114710.02,114762.58,563.088
2025-08-01 11:00:00+00:00,1754046000000,114762.58,115336.98,114602.4,115305.65,494.67127
2025-08-01 12:00:00+00:00,1754049600000,115305.64,115900.0,115142.62,115732.48,1062.63539
2025-08-01 13:00:00+00:00,1754053200000,115732.48,116019.3,114172.0,114352.05,1584.07705
2025-08-01 14:00:00+00:00,1754056800000,114352.04,115831.28,113988.47,115619.8,1808.99
2025-08-01 15:00:00+00:00,1754060400000,115619.8,115645.57,114676.03,115357.82,870.26042
2025-08-01 16:00:00+00:00,1754064000000,115357.82,115695.52,114817.81,115015.6,703.92463
2025-08-01 17:00:00+00:00,1754067600000,115015.6,115096.93,114345.0,114420.0,956.24887
2025-08-01 18:00:00+00:00,1754071200000,114420.0,114496.59,113669.01,113836.93,1180.88823
2025-08-01 19:00:00+00:00,1754074800000,113836.92,113922.47,113221.93,113328.68,1294.41329
2025-08-01 20:00:00+00:00,1754078400000,113328.67,113980.0,113168.22,113951.09,957.20378
2025-08-01 21:00:00+00:00,1754082000000,113951.1,114094.08,113700.0,113892.12,429.29775
2025-08-01 22:00:00+00:00,1754085600000,113892.11,114010.82,112722.58,113141.05,1368.89305
2025-08-01 23:00:00+00:00,1754089200000,113141.05,113560.46,112908.54,113297.93,538.90738
2025-08-02 00:00:00+00:00,1754092800000,113297.92,113844.16,113198.63,113822.97,564.28406
2025-08-02 01:00:00+00:00,1754096400000,113822.97,113909.3,113420.76,113674.24,353.21281
2025-08-02 02:00:00+00:00,1754100000000,113674.23,113766.43,113534.3,113702.24,231.27114
2025-08-02 03:00:00+00:00,1754103600000,113702.24,113921.94,113702.24,113909.86,274.2046
2025-08-02 04:00:00+00:00,1754107200000,113909.87,114057.27,113820.0,114025.75,276.30204
2025-08-02 05:00:00+00:00,1754110800000,114025.76,114063.49,113855.01,113981.06,316.01705
2025-08-02 06:00:00+00:00,1754114400000,113981.07,113981.07,113469.43,113697.85,738.65234
2025-08-02 07:00:00+00:00,1754118000000,113697.85,114021.0,113556.19,113982.49,343.41858
2025-08-02 08:00:00+00:00,1754121600000,113982.49,114040.29,113676.81,113682.01,340.52067
2025-08-02 09:00:00+00:00,1754125200000,113682.01,113852.0,113572.19,113690.7,257.96721
2025-08-02 10:00:00+00:00,1754128800000,113690.71,113704.0,113425.58,113550.89,298.16298
2025-08-02 11:00:00+00:00,1754132400000,113550.89,113914.25,113451.77,113787.12,238.71141
2025-08-02 12:00:00+00:00,1754136000000,113787.11,113787.12,113564.99,113620.01,343.54746
2025-08-02 13:00:00+00:00,1754139600000,113620.01,113630.0,113218.0,113457.85,451.43917
2025-08-02 14:00:00+00:00,1754143200000,113457.86,113530.0,112939.39,113099.89,592.6822
2025-08-02 15:00:00+00:00,1754146800000,113099.9,113420.0,112802.31,112840.71,535.05988
2025-08-02 16:00:00+00:00,1754150400000,112840.7,113261.16,112700.07,113200.25,635.18022
2025-08-02 17:00:00+00:00,1754154000000,113200.25,113420.0,112584.23,112724.03,549.02438
2025-08-02 18:00:00+00:00,1754157600000,112724.04,112920.0,112099.22,112327.65,1222.82947
2025-08-02 19:00:00+00:00,1754161200000,112327.65,112945.62,112003.0,112229.42,1007.67252
2025-08-02 20:00:00+00:00,1754164800000,112229.42,112780.0,112069.86,112780.0,524.00327
2025-08-02 21:00:00+00:00,1754168400000,112780.0,113058.82,112562.02,112859.32,390.78856
2025-08-02 22:00:00+00:00,1754172000000,112859.32,113011.63,112555.0,112862.14,295.9162
2025-08-02 23:00:00+00:00,1754175600000,112862.14,112873.83,112280.86,112546.35,726.46606
2025-08-03 00:00:00+00:00,1754179200000,112546.35,112992.27,111920.0,112956.04,821.53565
2025-08-03 01:00:00+00:00,1754182800000,112956.04,113269.92,112841.46,113107.99,481.50444
2025-08-03 02:00:00+00:00,1754186400000,113107.99,113517.58,113100.0,113517.58,450.43769
2025-08-03 03:00:00+00:00,1754190000000,113517.58,113740.69,113419.45,113604.2,353.06632
2025-08-03 04:00:00+00:00,1754193600000,113604.2,113604.2,113341.06,113468.41,237.62179
2025-08-03 05:00:00+00:00,1754197200000,113468.41,113659.0,113408.22,113618.52,203.79543
2025-08-03 06:00:00+00:00,1754200800000,113618.52,113636.5,113472.54,113559.34,147.54012
2025-08-03 07:00:00+00:00,1754204400000,113559.34,113720.16,113559.34,113700.0,175.31963
2025-08-03 08:00:00+00:00,1754208000000,113700.0,113790.0,113551.0,113692.0,282.38474
2025-08-03 09:00:00+00:00,1754211600000,113692.01,113710.51,113630.3,113654.95,234.09945
2025-08-03 10:00:00+00:00,1754215200000,113654.95,113900.0,113654.94,113899.99,181.60816
2025-08-03 11:00:00+00:00,1754218800000,113899.99,114260.31,113861.18,113862.18,562.11642
2025-08-03 12:00:00+00:00,1754222400000,113862.19,114098.45,113656.4,114009.99,337.34488
2025-08-03 13:00:00+00:00,1754226000000,114010.0,114095.35,113803.0,113939.0,257.53926
2025-08-03 14:00:00+00:00,1754229600000,113939.0,114065.54,113579.69,113792.28,320.16676
2025-08-03 15:00:00+00:00,1754233200000,113792.29,113966.0,113674.05,113959.06,216.51596
2025-08-03 16:00:00+00:00,1754236800000,113959.06,114026.82,113775.55,113995.16,246.66079
2025-08-03 17:00:00+00:00,1754240400000,113995.15,114165.09,113953.97,114117.42,198.95641
2025-08-03 18:00:00+00:00,1754244000000,114117.42,114460.15,114060.36,114380.4,361.64858
2025-08-03 19:00:00+00:00,1754247600000,114380.41,114799.97,114259.95,114313.19,447.69931
2025-08-03 20:00:00+00:00,1754251200000,114313.19,114467.0,114163.49,114423.77,200.81959
2025-08-03 21:00:00+00:00,1754254800000,114423.77,114521.68,114363.46,114435.47,223.44858
2025-08-03 22:00:00+00:00,1754258400000,114435.46,114612.24,114066.56,114324.83,237.81327
2025-08-03 23:00:00+00:00,1754262000000,114324.84,114500.0,114176.0,114208.8,218.11723
2025-08-04 00:00:00+00:00,1754265600000,114208.81,114914.29,114107.6,114899.87,508.31725
2025-08-04 01:00:00+00:00,1754269200000,114899.86,115000.0,114620.14,114671.96,423.44241
2025-08-04 02:00:00+00:00,1754272800000,114671.96,114877.98,114418.68,114797.9,351.22547
2025-08-04 03:00:00+00:00,1754276400000,114797.9,114799.0,114527.73,114570.61,242.02073
2025-08-04 04:00:00+00:00,1754280000000,114570.61,114653.51,114345.74,114383.55,269.38623
2025-08-04 05:00:00+00:00,1754283600000,114383.54,114418.75,114188.0,114391.26,265.57526
2025-08-04 06:00:00+00:00,1754287200000,114391.26,114482.49,114148.58,114423.76,331.16254
2025-08-04 07:00:00+00:00,1754290800000,114423.77,114778.5,114402.45,114652.97,355.14904
2025-08-04 08:00:00+00:00,1754294400000,114652.98,114750.0,114360.99,114546.25,411.15429
2025-08-04 09:00:00+00:00,1754298000000,114546.25,114744.2,114302.29,114325.92,278.67574
2025-08-04 10:00:00+00:00,1754301600000,114325.92,114506.16,114234.58,114251.83,264.56078
2025-08-04 11:00:00+00:00,1754305200000,114251.83,114517.55,114217.97,114493.09,234.25413
2025-08-04 12:00:00+00:00,1754308800000,114493.09,114535.48,114327.95,114444.36,221.8459
2025-08-04 13:00:00+00:00,1754312400000,114444.36,114913.89,114121.0,114913.88,839.66562
2025-08-04 14:00:00+00:00,1754316000000,114913.89,115466.0,114652.96,114736.78,1386.32387
2025-08-04 15:00:00+00:00,1754319600000,114736.78,115022.97,114560.33,114826.0,437.62587
2025-08-04 16:00:00+00:00,1754323200000,114826.01,115405.22,114826.0,115301.0,612.68493
2025-08-04 17:00:00+00:00,1754326800000,115301.0,115720.0,115148.08,115193.41,546.48208
2025-08-04 18:00:00+00:00,1754330400000,115193.41,115312.76,114913.88,114957.64,298.66935
2025-08-04 19:00:00+00:00,1754334000000,114957.63,115134.46,114732.65,114777.62,385.27982
2025-08-04 20:00:00+00:00,1754337600000,114777.62,115076.34,114616.33,114811.96,363.41688
2025-08-04 21:00:00+00:00,1754341200000,114811.95,115258.62,114810.75,115111.09,229.85173
2025-08-04 22:00:00+00:00,1754344800000,115111.09,115325.88,115086.72,115325.88,225.85251
2025-08-04 23:00:00+00:00,1754348400000,115325.88,115340.0,115046.67,115055.03,185.05673
2025-08-05 00:00:00+00:00,1754352000000,115055.03,115127.81,114840.0,114886.96,347.41151
2025-08-05 01:00:00+00:00,1754355600000,114886.97,115046.68,114695.18,114708.11,309.55292
2025-08-05 02:00:00+00:00,1754359200000,114708.11,114827.79,114614.94,114719.27,238.27103
2025-08-05 03:00:00+00:00,1754362800000,114719.27,114737.82,114256.85,114256.85,503.68849
2025-08-05 04:00:00+00:00,1754366400000,114256.85,114426.65,114149.95,114338.06,577.56577
2025-08-05 05:00:00+00:00,1754370000000,114338.07,114487.25,114239.87,114405.99,337.63342
2025-08-05 06:00:00+00:00,1754373600000,114406.0,114500.66,114105.71,114178.63,389.84213
2025-08-05 07:00:00+00:00,1754377200000,114178.64,114395.3,113725.72,113969.7,820.50191
2025-08-05 08:00:00+00:00,1754380800000,113969.7,114540.0,113928.87,114281.09,460.31877
2025-08-05 09:00:00+00:00,1754384400000,114281.09,114792.72,114281.08,114694.76,482.30599
2025-08-05 10:00:00+00:00,1754388000000,114694.76,115096.73,114586.73,114841.27,438.67573
2025-08-05 11:00:00+00:00,1754391600000,114841.28,114972.0,114750.0,114827.07,212.26183
2025-08-05 12:00:00+00:00,1754395200000,114827.07,114893.13,113500.01,113937.35,935.92869
2025-08-05 13:00:00+00:00,1754398800000,113937.35,114573.17,113868.0,114381.43,634.93972
2025-08-05 14:00:00+00:00,1754402400000,114380.75,114386.37,112650.0,113037.12,2125.43779
2025-08-05 15:00:00+00:00,1754406000000,113037.12,113249.11,112692.3,112934.0,894.1622
2025-08-05 16:00:00+00:00,1754409600000,112934.0,113367.31,112815.68,113175.73,505.57628
2025-08-05 17:00:00+00:00,1754413200000,113175.73,113661.96,113096.0,113640.01,359.20465
2025-08-05 18:00:00+00:00,1754416800000,113640.01,113653.93,113261.79,113644.71,313.62971
2025-08-05 19:00:00+00:00,1754420400000,113644.72,113763.27,113407.35,113616.52,256.1101
2025-08-05 20:00:00+00:00,1754424000000,113616.51,113989.97,113494.47,113690.71,242.46818
2025-08-05 21:00:00+00:00,1754427600000,113690.71,113862.45,113569.07,113606.53,183.41893
2025-08-05 22:00:00+00:00,1754431200000,113606.52,113989.4,113304.0,113961.25,268.24607
2025-08-05 23:00:00+00:00,1754434800000,113961.25,114228.88,113918.4,114129.75,205.63896
2025-08-06 00:00:00+00:00,1754438400000,114129.75,114139.38,113748.67,113879.7,295.3476
2025-08-06 01:00:00+00:00,1754442000000,113879.69,113945.14,113588.77,113821.21,292.50885
2025-08-06 02:00:00+00:00,1754445600000,113820.77,113833.88,113491.76,113623.22,206.78627
2025-08-06 03:00:00+00:00,1754449200000,113623.23,113658.13,113400.0,113509.97,266.89492
2025-08-06 04:00:00+00:00,1754452800000,113509.98,113582.71,113355.13,113429.21,248.98133
2025-08-06 05:00:00+00:00,1754456400000,113429.21,114417.02,113384.81,114148.01,602.70557
2025-08-06 06:00:00+00:00,1754460000000,114148.01,114200.0,113933.23,114084.93,265.65128
2025-08-06 07:00:00+00:00,1754463600000,114084.92,114300.0,114019.66,114227.91,319.69253
2025-08-06 08:00:00+00:00,1754467200000,114227.9,114250.0,113727.57,113948.22,382.35629
2025-08-06 09:00:00+00:00,1754470800000,113948.23,114368.31,113906.96,114093.15,340.97337
2025-08-06 10:00:00+00:00,1754474400000,114093.15,114226.69,113899.2,114067.2,335.97303
2025-08-06 11:00:00+00:00,1754478000000,114067.2,114404.23,114007.85,114226.69,220.99495
2025-08-06 12:00:00+00:00,1754481600000,114226.68,114333.59,113809.02,113914.31,306.06988
2025-08-06 13:00:00+00:00,1754485200000,113914.31,114390.88,113579.9,114270.09,671.195
2025-08-06 14:00:00+00:00,1754488800000,114270.09,115200.0,113869.88,115187.96,1041.66895
2025-08-06 15:00:00+00:00,1754492400000,115187.96,115515.09,114832.38,115413.87,1490.7463
2025-08-06 16:00:00+00:00,1754496000000,115413.87,115477.06,114942.18,115132.49,642.38859
2025-08-06 17:00:00+00:00,1754499600000,115132.49,115514.28,115024.0,115500.0,392.98209
2025-08-06 18:00:00+00:00,1754503200000,115500.0,115716.0,115301.27,115423.22,479.34282
2025-08-06 19:00:00+00:00,1754506800000,115423.23,115525.48,115118.8,115259.99,213.24559
2025-08-06 20:00:00+00:00,1754510400000,115260.0,115260.0,114987.68,115045.64,210.50571
2025-08-06 21:00:00+00:00,1754514000000,115045.65,115221.14,114793.01,115048.78,185.66057
2025-08-06 22:00:00+00:00,1754517600000,115048.77,115210.95,115039.14,115106.67,165.26512
2025-08-06 23:00:00+00:00,1754521200000,115106.66,115122.34,114963.2,114992.27,183.21657
2025-08-07 00:00:00+00:00,1754524800000,114992.27,115015.82,114856.15,114890.65,163.37387
2025-08-07 01:00:00+00:00,1754528400000,114890.66,115185.58,114580.53,114763.46,404.60721
2025-08-07 02:00:00+00:00,1754532000000,114763.47,114859.0,114404.22,114565.28,452.19409
2025-08-07 03:00:00+00:00,1754535600000,114564.76,114624.3,114404.7,114546.03,172.73916
2025-08-07 04:00:00+00:00,1754539200000,114546.03,114648.0,114259.0,114349.58,270.06529
2025-08-07 05:00:00+00:00,1754542800000,114349.58,114568.74,114278.02,114568.73,404.27424
2025-08-07 06:00:00+00:00,1754546400000,114568.74,114784.0,114511.96,114650.01,387.25216
2025-08-07 07:00:00+00:00,1754550000000,114650.01,114876.79,114640.03,114787.99,229.36946
2025-08-07 08:00:00+00:00,1754553600000,114787.99,115179.99,114787.98,114948.74,302.6219
2025-08-07 09:00:00+00:00,1754557200000,114948.74,115077.37,114844.78,115062.19,216.94309
2025-08-07 10:00:00+00:00,1754560800000,115062.19,116430.01,115038.06,116347.22,1912.68886
2025-08-07 11:00:00+00:00,1754564400000,116347.23,116828.93,116347.23,116519.53,1265.855
2025-08-07 12:00:00+00:00,1754568000000,116519.54,116588.02,116035.84,116390.0,797.0617
2025-08-07 13:00:00+00:00,1754571600000,116390.01,116741.05,116200.0,116640.0,668.99023
2025-08-07 14:00:00+00:00,1754575200000,116640.01,116680.0,116204.32,116363.16,793.48345
2025-08-07 15:00:00+00:00,1754578800000,116363.16,116791.11,116240.0,116689.81,487.19639
2025-08-07 16:00:00+00:00,1754582400000,116689.8,116748.66,115632.31,116259.24,767.87711
2025-08-07 17:00:00+00:00,1754586000000,116259.24,116560.0,116120.0,116511.54,505.06396
2025-08-07 18:00:00+00:00,1754589600000,116511.55,116573.36,116123.72,116561.05,422.06821
2025-08-07 19:00:00+00:00,1754593200000,116561.05,117520.0,116488.0,117461.98,1040.61628
2025-08-07 20:00:00+00:00,1754596800000,117461.99,117496.05,117140.32,117182.19,510.82309
2025-08-07 21:00:00+00:00,1754600400000,117182.19,117354.21,117012.0,117105.78,337.78727
2025-08-07 22:00:00+00:00,1754604000000,117105.77,117621.0,117079.39,117554.23,676.81999
2025-08-07 23:00:00+00:00,1754607600000,117554.23,117579.98,117292.88,117472.01,278.79062
2025-08-08 00:00:00+00:00,1754611200000,117472.02,117630.0,116870.21,117264.12,806.35514
2025-08-08 01:00:00+00:00,1754614800000,117264.11,117264.12,116786.43,116888.02,659.33735
2025-08-08 02:00:00+00:00,1754618400000,116888.01,116923.21,116694.28,116700.0,320.47308
2025-08-08 03:00:00+00:00,1754622000000,116700.0,116980.0,116699.6,116737.35,607.75417
2025-08-08 04:00:00+00:00,1754625600000,116737.34,116869.49,116666.0,116750.01,325.84463
2025-08-08 05:00:00+00:00,1754629200000,116750.01,116750.01,116505.0,116530.63,346.36157
2025-08-08 06:00:00+00:00,1754632800000,116530.64,116763.44,116401.0,116740.01,336.4827
2025-08-08 07:00:00+00:00,1754636400000,116740.01,116973.3,116557.54,116817.19,447.58601
2025-08-08 08:00:00+00:00,1754640000000,116817.2,116914.6,116449.51,116620.63,335.47963
2025-08-08 09:00:00+00:00,1754643600000,116620.63,116726.88,116481.44,116685.17,231.14843
2025-08-08 10:00:00+00:00,1754647200000,116685.17,116714.46,116317.08,116544.39,331.86082
2025-08-08 11:00:00+00:00,1754650800000,116544.39,116899.78,116544.39,116891.51,210.49123
2025-08-08 12:00:00+00:00,1754654400000,116891.51,116891.52,116492.45,116500.48,293.02279
2025-08-08 13:00:00+00:00,1754658000000,116500.49,116945.63,116499.43,116917.97,612.94206
2025-08-08 14:00:00+00:00,1754661600000,116917.98,117271.73,116381.32,116491.53,725.75392
2025-08-08 15:00:00+00:00,1754665200000,116491.53,116538.94,115878.71,116207.69,909.09971
2025-08-08 16:00:00+00:00,1754668800000,116207.7,116364.82,116006.14,116193.63,344.02759
2025-08-08 17:00:00+00:00,1754672400000,116193.63,116708.86,116161.11,116708.86,450.81243
2025-08-08 18:00:00+00:00,1754676000000,116708.86,116900.0,116336.0,116497.99,571.6669
2025-08-08 19:00:00+00:00,1754679600000,116497.99,116716.26,116337.91,116453.41,324.29021
2025-08-08 20:00:00+00:00,1754683200000,116453.41,116900.0,116319.06,116888.52,248.65741
2025-08-08 21:00:00+00:00,1754686800000,116888.52,116979.95,116755.53,116931.44,257.90138
2025-08-08 22:00:00+00:00,1754690400000,116931.43,116980.0,116752.05,116888.9,210.4007
2025-08-08 23:00:00+00:00,1754694000000,116888.9,116917.74,116657.26,116674.74,137.56292
2025-08-09 00:00:00+00:00,1754697600000,116674.74,116750.0,116577.72,116586.0,153.621
2025-08-09 01:00:00+00:00,1754701200000,116586.0,116650.01,116521.38,116563.26,163.11531
2025-08-09 02:00:00+00:00,1754704800000,116563.26,116563.26,116400.0,116404.0,173.10957
2025-08-09 03:00:00+00:00,1754708400000,116404.0,116482.28,116299.13,116384.01,482.04648
2025-08-09 04:00:00+00:00,1754712000000,116384.01,116675.99,116339.45,116434.76,377.42502
2025-08-09 05:00:00+00:00,1754715600000,116434.77,116980.0,116418.0,116739.23,1012.58137
2025-08-09 06:00:00+00:00,1754719200000,116739.23,116756.24,116532.77,116650.75,388.30445
2025-08-09 07:00:00+00:00,1754722800000,116650.75,116902.22,116633.88,116756.01,242.70175
2025-08-09 08:00:00+00:00,1754726400000,116756.0,117181.0,116756.0,117106.65,373.19101
2025-08-09 09:00:00+00:00,1754730000000,117106.66,117510.88,117045.54,117510.87,774.92238
2025-08-09 10:00:00+00:00,1754733600000,117510.88,117944.05,117382.27,117424.16,867.64459
2025-08-09 11:00:00+00:00,1754737200000,117424.16,117471.73,117082.43,117110.0,337.61342
2025-08-09 12:00:00+00:00,1754740800000,117110.0,117238.04,117010.0,117116.64,301.63531
2025-08-09 13:00:00+00:00,1754744400000,117116.65,117154.15,116878.68,116968.32,306.03785
2025-08-09 14:00:00+00:00,1754748000000,116968.32,117000.0,116748.2,116972.87,357.09924
2025-08-09 15:00:00+00:00,1754751600000,116972.87,117132.75,116700.01,116892.47,417.89197
2025-08-09 16:00:00+00:00,1754755200000,116892.48,116947.16,116642.67,116648.51,288.56338
2025-08-09 17:00:00+00:00,1754758800000,116648.51,116782.46,116619.77,116670.22,252.00135
2025-08-09 18:00:00+00:00,1754762400000,116670.22,116720.96,116555.02,116634.91,227.07359
2025-08-09 19:00:00+00:00,1754766000000,116634.91,116721.74,116500.0,116535.69,435.14207
2025-08-09 20:00:00+00:00,1754769600000,116535.68,117021.16,116504.53,116778.07,562.07841
2025-08-09 21:00:00+00:00,1754773200000,116778.07,116794.4,116359.89,116524.09,452.45503
2025-08-09 22:00:00+00:00,1754776800000,116524.09,116742.28,116500.0,116541.63,406.75315
2025-08-09 23:00:00+00:00,1754780400000,116541.62,116590.0,116436.15,116462.25,161.12374
2025-08-10 00:00:00+00:00,1754784000000,116462.25,116759.08,116460.63,116749.47,289.53628
2025-08-10 01:00:00+00:00,1754787600000,116749.46,116776.59,116539.99,116576.42,275.18169
2025-08-10 02:00:00+00:00,1754791200000,116576.42,117318.0,116576.41,117317.99,579.74957
2025-08-10 03:00:00+00:00,1754794800000,117317.99,118500.0,117250.41,118500.0,2748.2157
2025-08-10 04:00:00+00:00,1754798400000,118500.0,118741.77,118380.0,118485.45,980.85579
2025-08-10 05:00:00+00:00,1754802000000,118485.45,118511.0,117902.62,118045.0,566.81947
2025-08-10 06:00:00+00:00,1754805600000,118045.0,118161.05,117743.44,118074.24,319.46299
2025-08-10 07:00:00+00:00,1754809200000,118074.24,118238.87,117466.34,117808.3,576.94555
2025-08-10 08:00:00+00:00,1754812800000,117808.29,118400.0,117608.01,118308.85,375.95884
2025-08-10 09:00:00+00:00,1754816400000,118308.86,118441.48,118110.64,118293.08,372.51661
2025-08-10 10:00:00+00:00,1754820000000,118293.09,118293.45,117998.9,118020.0,328.37693
2025-08-10 11:00:00+00:00,1754823600000,118020.01,118500.0,117940.0,118330.58,429.47265
2025-08-10 12:00:00+00:00,1754827200000,118330.58,118737.26,118232.0,118514.0,629.53171
2025-08-10 13:00:00+00:00,1754830800000,118514.0,118683.87,118370.39,118452.0,392.64786
2025-08-10 14:00:00+00:00,1754834400000,118451.99,118850.0,118308.02,118779.0,740.25126
2025-08-10 15:00:00+00:00,1754838000000,118778.99,119113.94,118568.07,118815.0,1046.79677
2025-08-10 16:00:00+00:00,1754841600000,118815.0,118944.24,118623.14,118671.74,402.88128
2025-08-10 17:00:00+00:00,1754845200000,118671.75,118693.02,118453.48,118520.32,230.15923
2025-08-10 18:00:00+00:00,1754848800000,118520.33,118611.91,118433.8,118554.01,143.03169
2025-08-10 19:00:00+00:00,1754852400000,118554.01,118714.28,118462.29,118663.08,219.78592
2025-08-10 20:00:00+00:00,1754856000000,118663.09,118765.71,118074.99,118323.16,759.54759
2025-08-10 21:00:00+00:00,1754859600000,118323.0,118716.91,118092.0,118716.9,598.54997
2025-08-10 22:00:00+00:00,1754863200000,118716.9,119084.93,118615.44,119084.92,563.5175
2025-08-10 23:00:00+00:00,1754866800000,119084.93,119311.11,118861.16,119294.01,752.97788
2025-08-11 00:00:00+00:00,1754870400000,119294.27,119500.0,119104.17,119126.35,785.72983
2025-08-11 01:00:00+00:00,1754874000000,119126.35,119999.0,118972.59,119988.0,1217.33398
2025-08-11 02:00:00+00:00,1754877600000,119988.0,121894.64,119937.59,121876.0,3889.63895
2025-08-11 03:00:00+00:00,1754881200000,121875.99,122164.07,121559.11,121728.99,1733.48981
2025-08-11 04:00:00+00:00,1754884800000,121729.0,122175.88,121623.14,122080.0,1318.04919
2025-08-11 05:00:00+00:00,1754888400000,122080.0,122335.16,121823.24,122059.34,960.5403
2025-08-11 06:00:00+00:00,1754892000000,122059.34,122332.98,121954.79,122300.63,842.9397
2025-08-11 07:00:00+00:00,1754895600000,122300.64,122313.0,121466.08,121537.15,1158.35871
2025-08-11 08:00:00+00:00,1754899200000,121537.14,121823.0,121207.34,121679.13,889.12137
2025-08-11 09:00:00+00:00,1754902800000,121679.13,121704.78,121080.0,121439.75,793.97438
2025-08-11 10:00:00+00:00,1754906400000,121439.75,121455.02,120954.13,121184.84,824.81128
2025-08-11 11:00:00+00:00,1754910000000,121184.84,121283.29,120286.4,120561.54,1708.36029
2025-08-11 12:00:00+00:00,1754913600000,120561.53,120667.54,119536.75,119643.7,1739.45694
2025-08-11 13:00:00+00:00,1754917200000,119643.7,120328.93,119382.91,120010.0,1453.53759
2025-08-11 14:00:00+00:00,1754920800000,120009.99,120586.54,119809.06,120243.59,1235.12815
2025-08-11 15:00:00+00:00,1754924400000,120243.6,120408.01,119843.18,120314.4,808.13955
2025-08-11 16:00:00+00:00,1754928000000,120314.4,120794.05,119920.0,119953.65,915.6277
2025-08-11 17:00:00+00:00,1754931600000,119953.65,120150.0,119461.97,119500.0,536.23147
2025-08-11 18:00:00+00:00,1754935200000,119500.01,119870.2,119261.57,119773.92,530.7427
2025-08-11 19:00:00+00:00,1754938800000,119773.92,119785.72,118604.17,119089.3,830.32085
2025-08-11 20:00:00+00:00,1754942400000,119089.3,119093.0,118565.69,118824.34,553.02173
2025-08-11 21:00:00+00:00,1754946000000,118824.33,119172.63,118050.11,118712.61,847.50979
2025-08-11 22:00:00+00:00,1754949600000,118712.61,118906.41,118280.71,118886.96,629.34656
2025-08-11 23:00:00+00:00,1754953200000,118886.97,118889.0,118588.78,118686.0,292.92347
2025-08-12 00:00:00+00:00,1754956800000,118686.0,119021.77,118593.39,118949.31,609.75469
2025-08-12 01:00:00+00:00,1754960400000,118949.31,119108.06,118767.54,118977.1,413.93961
2025-08-12 02:00:00+00:00,1754964000000,118977.09,119275.46,118834.51,119054.13,399.30726
2025-08-12 03:00:00+00:00,1754967600000,119054.14,119120.0,118749.06,118857.7,471.63372
2025-08-12 04:00:00+00:00,1754971200000,118857.7,119158.06,118804.75,119067.97,368.18781
2025-08-12 05:00:00+00:00,1754974800000,119067.97,119067.97,118424.86,118819.99,836.98015
2025-08-12 06:00:00+00:00,1754978400000,118820.0,119032.0,118607.85,118839.97,1210.70965
2025-08-12 07:00:00+00:00,1754982000000,118839.97,119150.0,118839.97,118986.72,719.50636
2025-08-12 08:00:00+00:00,1754985600000,118986.73,119058.43,118740.0,118814.7,715.27467
2025-08-12 09:00:00+00:00,1754989200000,118814.71,118893.29,118400.01,118408.38,737.95535
2025-08-12 10:00:00+00:00,1754992800000,118408.38,118662.9,118207.47,118449.99,569.79019
2025-08-12 11:00:00+00:00,1754996400000,118449.99,118662.9,118222.0,118522.22,323.35879
2025-08-12 12:00:00+00:00,1755000000000,118522.22,119264.66,118285.0,119264.66,1633.67826
2025-08-12 13:00:00+00:00,1755003600000,119264.66,119712.6,118631.69,118847.35,1772.02738
2025-08-12 14:00:00+00:00,1755007200000,118847.35,119437.12,118764.36,119437.12,607.50451
2025-08-12 15:00:00+00:00,1755010800000,119437.12,119960.0,119320.0,119933.0,900.84426
2025-08-12 16:00:00+00:00,1755014400000,119933.0,120192.1,119525.0,119647.7,763.58705
2025-08-12 17:00:00+00:00,1755018000000,119647.69,119857.04,119172.62,119269.99,649.26235
2025-08-12 18:00:00+00:00,1755021600000,119270.0,120073.01,119267.0,119344.9,537.1305
2025-08-12 19:00:00+00:00,1755025200000,119345.07,119958.05,119309.08,119665.27,359.09127
2025-08-12 20:00:00+00:00,1755028800000,119665.27,120324.43,119485.84,120192.1,838.15928
2025-08-12 21:00:00+00:00,1755032400000,120192.09,120202.21,119792.5,119903.36,393.93368
2025-08-12 22:00:00+00:00,1755036000000,119903.36,120100.0,119650.0,120099.99,428.42505
2025-08-12 23:00:00+00:00,1755039600000,120100.0,120299.99,119925.47,120134.08,460.06709
2025-08-13 00:00:00+00:00,1755043200000,120134.09,120192.1,119636.0,119713.19,515.63049
2025-08-13 01:00:00+00:00,1755046800000,119713.19,119716.24,119337.67,119478.47,550.66677
2025-08-13 02:00:00+00:00,1755050400000,119478.47,119729.99,119094.28,119549.37,638.50499
2025-08-13 03:00:00+00:00,1755054000000,119549.37,119630.57,119306.89,119482.01,656.1991
2025-08-13 04:00:00+00:00,1755057600000,119482.01,119820.18,119328.12,119335.01,694.25608
2025-08-13 05:00:00+00:00,1755061200000,119335.01,119673.28,118920.92,119070.69,727.82442
2025-08-13 06:00:00+00:00,1755064800000,119070.68,119416.22,118955.99,119410.01,373.05315
2025-08-13 07:00:00+00:00,1755068400000,119410.01,119638.55,119290.01,119580.4,528.96933
2025-08-13 08:00:00+00:00,1755072000000,119580.4,120044.5,119446.22,120044.49,874.74205
2025-08-13 09:00:00+00:00,1755075600000,120044.5,120169.76,119771.88,120116.02,675.01444
2025-08-13 10:00:00+00:00,1755079200000,120116.02,120496.0,120047.58,120496.0,931.34391
2025-08-13 11:00:00+00:00,1755082800000,120496.0,120732.94,120432.21,120570.41,732.08488
2025-08-13 12:00:00+00:00,1755086400000,120570.41,120686.0,120209.51,120273.72,911.18128
2025-08-13 13:00:00+00:00,1755090000000,120273.72,122051.99,120106.02,121767.97,2385.47998
2025-08-13 14:00:00+00:00,1755093600000,121767.97,122200.0,120759.37,120890.73,2480.0002
2025-08-13 15:00:00+00:00,1755097200000,120890.74,121343.06,120309.73,120920.62,1452.01051
2025-08-13 16:00:00+00:00,1755100800000,120920.61,121721.3,120920.61,121421.77,704.71477
2025-08-13 17:00:00+00:00,1755104400000,121421.77,121887.53,121421.76,121823.24,934.90387
2025-08-13 18:00:00+00:00,1755108000000,121823.25,121954.51,121429.36,121639.2,891.23926
2025-08-13 19:00:00+00:00,1755111600000,121639.19,122839.47,121524.27,122744.21,1637.04367
2025-08-13 20:00:00+00:00,1755115200000,122744.22,122973.0,122464.34,122904.01,839.50398
2025-08-13 21:00:00+00:00,1755118800000,122904.01,123000.0,122298.2,122561.16,1066.42754
2025-08-13 22:00:00+00:00,1755122400000,122561.17,123637.68,122561.16,122954.03,1390.69414
2025-08-13 23:00:00+00:00,1755126000000,122954.03,123667.79,122907.05,123306.43,618.58221
2025-08-14 00:00:00+00:00,1755129600000,123306.44,124474.0,123251.9,123847.83,1664.051676
2025-08-14 01:00:00+00:00,1755133200000,123847.82,123946.46,123337.66,123337.67,661.07211
2025-08-14 02:00:00+00:00,1755136800000,123337.66,123689.98,123250.5,123662.53,671.89713
2025-08-14 03:00:00+00:00,1755140400000,123662.53,123849.98,123295.21,123337.14,484.6554
2025-08-14 04:00:00+00:00,1755144000000,123337.14,123428.6,123001.46,123003.17,571.29861
2025-08-14 05:00:00+00:00,1755147600000,123003.17,123123.6,122080.0,122134.76,832.10482
2025-08-14 06:00:00+00:00,1755151200000,122134.76,122134.76,121313.86,121771.27,1465.18702
2025-08-14 07:00:00+00:00,1755154800000,121771.27,122047.79,121538.28,121725.31,887.06699
2025-08-14 08:00:00+00:00,1755158400000,121725.31,122045.9,121560.83,121637.78,956.93709
2025-08-14 09:00:00+00:00,1755162000000,121637.78,121918.8,121528.55,121649.84,613.30308
2025-08-14 10:00:00+00:00,1755165600000,121649.84,121772.9,120757.01,120933.0,1133.31236
2025-08-14 11:00:00+00:00,1755169200000,120932.99,121031.31,120694.0,120949.67,752.73621
2025-08-14 12:00:00+00:00,1755172800000,120949.66,121183.06,117632.0,118866.37,5056.4661
2025-08-14 13:00:00+00:00,1755176400000,118866.37,119249.2,117727.73,118428.85,3271.5732
2025-08-14 14:00:00+00:00,1755180000000,118428.86,119361.45,118008.32,118799.01,1837.14675
2025-08-14 15:00:00+00:00,1755183600000,118799.02,118899.64,117879.87,118257.25,1451.88156
2025-08-14 16:00:00+00:00,1755187200000,118257.26,118257.26,117407.09,117866.42,1506.20052
2025-08-14 17:00:00+00:00,1755190800000,117866.42,118146.48,117500.0,117920.13,636.71884
2025-08-14 18:00:00+00:00,1755194400000,117920.14,118214.78,117180.0,118089.75,713.71597
2025-08-14 19:00:00+00:00,1755198000000,118089.75,118535.0,117920.0,117945.92,688.76991
2025-08-14 20:00:00+00:00,1755201600000,117945.92,118146.55,117724.37,117866.16,595.56886
2025-08-14 21:00:00+00:00,1755205200000,117866.16,118199.99,117302.33,117899.16,723.48169
2025-08-14 22:00:00+00:00,1755208800000,117899.16,118349.01,117641.4,118285.46,363.07143
2025-08-14 23:00:00+00:00,1755212400000,118285.47,118516.81,118239.68,118295.09,442.73026
2025-08-15 00:00:00+00:00,1755216000000,118295.09,118473.18,118032.94,118181.97,387.64196
2025-08-15 01:00:00+00:00,1755219600000,118181.98,118736.0,118032.32,118681.64,473.85001
2025-08-15 02:00:00+00:00,1755223200000,118681.63,118888.0,118584.2,118698.0,549.41556
2025-08-15 03:00:00+00:00,1755226800000,118698.0,119077.71,118604.41,118968.91,472.64683
2025-08-15 04:00:00+00:00,1755230400000,118968.91,119199.2,118770.0,118833.03,497.50906
2025-08-15 05:00:00+00:00,1755234000000,118833.04,119000.0,118629.58,118984.29,360.89875
2025-08-15 06:00:00+00:00,1755237600000,118984.29,119216.82,118866.01,119082.82,411.99414
2025-08-15 07:00:00+00:00,1755241200000,119082.83,119100.0,118758.8,118956.45,462.50496
2025-08-15 08:00:00+00:00,1755244800000,118956.45,119144.5,118878.71,118878.72,251.38068
2025-08-15 09:00:00+00:00,1755248400000,118878.72,119058.94,118600.0,118707.99,299.88114
2025-08-15 10:00:00+00:00,1755252000000,118708.0,119026.53,118708.0,118879.83,283.78706
2025-08-15 11:00:00+00:00,1755255600000,118879.82,119121.31,118879.82,119006.01,294.77719
2025-08-15 12:00:00+00:00,1755259200000,119006.01,119130.77,118510.0,118648.66,647.85118
2025-08-15 13:00:00+00:00,1755262800000,118648.66,118738.0,117743.21,117770.48,1302.10489
2025-08-15 14:00:00+00:00,1755266400000,117770.47,118274.0,117260.0,117400.0,1176.80402
2025-08-15 15:00:00+00:00,1755270000000,117400.0,117588.68,116827.29,117275.22,2002.13351
2025-08-15 16:00:00+00:00,1755273600000,117275.23,117418.49,116803.99,117353.36,756.28175
2025-08-15 17:00:00+00:00,1755277200000,117353.36,117882.35,117000.0,117586.92,862.91559
2025-08-15 18:00:00+00:00,1755280800000,117586.92,117662.41,117028.98,117159.66,333.40859
2025-08-15 19:00:00+00:00,1755284400000,117159.65,117412.82,116866.0,116936.27,440.85496
2025-08-15 20:00:00+00:00,1755288000000,116936.28,117323.47,116862.5,117280.0,248.37175
2025-08-15 21:00:00+00:00,1755291600000,117280.01,117350.0,117000.0,117320.02,268.99006
2025-08-15 22:00:00+00:00,1755295200000,117320.01,117738.57,117302.65,117702.0,374.66043
2025-08-15 23:00:00+00:00,1755298800000,117701.99,117761.88,117036.53,117342.05,462.67467
2025-08-16 00:00:00+00:00,1755302400000,117342.04,117781.99,117231.14,117735.21,546.22017
2025-08-16 01:00:00+00:00,1755306000000,117735.2,117898.99,117626.31,117821.6,349.62497
2025-08-16 02:00:00+00:00,1755309600000,117821.61,117821.61,117440.74,117505.51,307.50607
2025-08-16 03:00:00+00:00,1755313200000,117505.52,117657.97,117389.56,117429.63,217.17429
2025-08-16 04:00:00+00:00,1755316800000,117429.63,117884.0,117419.44,117815.66,222.51215
2025-08-16 05:00:00+00:00,1755320400000,117815.66,117852.25,117522.7,117595.78,201.54892
2025-08-16 06:00:00+00:00,1755324000000,117595.78,117635.42,117278.0,117394.65,260.53589
2025-08-16 07:00:00+00:00,1755327600000,117394.64,117674.77,117344.69,117596.07,240.659
2025-08-16 08:00:00+00:00,1755331200000,117596.07,117677.06,117501.16,117631.09,185.0877
2025-08-16 09:00:00+00:00,1755334800000,117631.09,117703.92,117306.0,117312.0,303.36694
2025-08-16 10:00:00+00:00,1755338400000,117312.0,117447.05,117143.98,117388.0,524.83945
2025-08-16 11:00:00+00:00,1755342000000,117387.99,117540.0,117350.12,117378.52,192.74721
2025-08-16 12:00:00+00:00,1755345600000,117378.52,117747.36,117327.63,117747.36,348.10374
2025-08-16 13:00:00+00:00,1755349200000,117747.35,117799.99,117582.29,117623.52,365.37584
2025-08-16 14:00:00+00:00,1755352800000,117623.53,117771.4,117550.0,117771.39,253.05868
2025-08-16 15:00:00+00:00,1755356400000,117771.4,117825.0,117621.1,117676.7,224.96201
2025-08-16 16:00:00+00:00,1755360000000,117676.7,117817.65,117676.7,117747.65,389.81984
2025-08-16 17:00:00+00:00,1755363600000,117747.64,117747.65,117651.72,117693.0,181.46105
2025-08-16 18:00:00+00:00,1755367200000,117692.99,117757.06,117629.94,117685.79,112.36973
2025-08-16 19:00:00+00:00,1755370800000,117685.78,117771.4,117652.92,117672.12,133.77621
2025-08-16 20:00:00+00:00,1755374400000,117672.13,117713.51,117522.01,117655.41,155.93762
2025-08-16 21:00:00+00:00,1755378000000,117655.41,117655.42,117433.33,117452.21,152.99321
2025-08-16 22:00:00+00:00,1755381600000,117452.21,117552.0,117219.34,117460.56,325.20777
2025-08-16 23:00:00+00:00,1755385200000,117460.57,117475.07,117278.23,117380.66,198.79271
2025-08-17 00:00:00+00:00,1755388800000,117380.66,117419.45,117255.18,117255.19,159.66726
2025-08-17 01:00:00+00:00,1755392400000,117255.18,117491.44,117172.21,117439.97,244.13312
2025-08-17 02:00:00+00:00,1755396000000,117439.97,117624.55,117381.39,117606.0,157.36164
2025-08-17 03:00:00+00:00,1755399600000,117606.0,117771.37,117505.93,117684.95,209.36889
2025-08-17 04:00:00+00:00,1755403200000,117684.96,118187.28,117684.95,118076.11,372.88806
2025-08-17 05:00:00+00:00,1755406800000,118076.12,118230.82,118000.0,118000.01,296.61443
2025-08-17 06:00:00+00:00,1755410400000,118000.0,118118.0,117905.37,117923.99,232.28871
2025-08-17 07:00:00+00:00,1755414000000,117924.0,118030.15,117843.74,118005.98,207.89215
2025-08-17 08:00:00+00:00,1755417600000,118005.98,118399.99,117922.0,118366.06,337.81576
2025-08-17 09:00:00+00:00,1755421200000,118366.05,118484.0,118235.0,118345.99,330.30362
2025-08-17 10:00:00+00:00,1755424800000,118345.99,118393.35,118190.0,118393.34,170.26339
2025-08-17 11:00:00+00:00,1755428400000,118393.34,118393.35,118270.8,118308.01,169.29272
2025-08-17 12:00:00+00:00,1755432000000,118308.0,118356.62,118134.51,118162.6,183.56593
2025-08-17 13:00:00+00:00,1755435600000,118162.61,118575.0,118059.12,118429.99,396.26094
2025-08-17 14:00:00+00:00,1755439200000,118429.99,118473.66,118150.0,118150.01,189.61777
2025-08-17 15:00:00+00:00,1755442800000,118150.01,118263.9,118137.25,118246.16,204.82807
2025-08-17 16:00:00+00:00,1755446400000,118246.15,118316.01,117700.7,117834.56,488.38516
2025-08-17 17:00:00+00:00,1755450000000,117834.55,117934.82,117645.04,117900.0,212.98829
2025-08-17 18:00:00+00:00,1755453600000,117900.01,117947.98,117321.53,117542.01,360.32583
2025-08-17 19:00:00+00:00,1755457200000,117542.01,117749.12,117468.0,117570.07,264.4763
2025-08-17 20:00:00+00:00,1755460800000,117570.07,117749.32,117508.49,117599.44,141.19933
2025-08-17 21:00:00+00:00,1755464400000,117599.44,117781.38,117599.43,117700.0,104.468
2025-08-17 22:00:00+00:00,1755468000000,117700.01,117995.37,117688.5,117954.99,232.19191
2025-08-17 23:00:00+00:00,1755471600000,117955.0,117978.42,117371.65,117405.01,232.44464
2025-08-18 00:00:00+00:00,1755475200000,117405.01,117543.75,117020.0,117290.19,640.08542
2025-08-18 01:00:00+00:00,1755478800000,117290.2,117409.87,116166.03,116269.54,1892.28591
2025-08-18 02:00:00+00:00,1755482400000,116269.53,116339.61,115292.67,115453.24,2015.07156
2025-08-18 03:00:00+00:00,1755486000000,115452.0,115636.89,115000.0,115319.0,1253.98009
2025-08-18 04:00:00+00:00,1755489600000,115319.0,115533.89,115079.91,115469.51,597.83019
2025-08-18 05:00:00+00:00,1755493200000,115469.52,115688.0,115000.0,115687.99,763.17629
2025-08-18 06:00:00+00:00,1755496800000,115687.99,115712.49,114878.71,115245.56,1274.28433
2025-08-18 07:00:00+00:00,1755500400000,115245.56,115477.2,115186.56,115205.98,798.13334
2025-08-18 08:00:00+00:00,1755504000000,115205.99,115402.51,115068.58,115135.43,582.2051
2025-08-18 09:00:00+00:00,1755507600000,115135.43,115135.44,114640.14,115038.46,1245.97423
2025-08-18 10:00:00+00:00,1755511200000,115038.46,115261.69,114985.0,115058.58,567.82403
2025-08-18 11:00:00+00:00,1755514800000,115058.58,115127.54,114860.62,114947.27,397.98648
2025-08-18 12:00:00+00:00,1755518400000,114947.27,115520.0,114902.94,115519.99,477.46603
2025-08-18 13:00:00+00:00,1755522000000,115520.0,115736.54,114825.0,114839.13,824.85948
2025-08-18 14:00:00+00:00,1755525600000,114839.14,115633.73,114839.14,115633.73,673.6191
2025-08-18 15:00:00+00:00,1755529200000,115633.72,116186.97,115402.0,116145.34,796.23484
2025-08-18 16:00:00+00:00,1755532800000,116145.34,116350.0,115818.86,115962.24,496.59282
2025-08-18 17:00:00+00:00,1755536400000,115962.24,116800.0,115962.23,116428.99,713.09082
2025-08-18 18:00:00+00:00,1755540000000,116428.98,116579.16,116238.71,116481.81,239.93978
2025-08-18 19:00:00+00:00,1755543600000,116481.8,116639.35,116204.0,116313.99,281.74931
2025-08-18 20:00:00+00:00,1755547200000,116314.0,116529.5,115980.32,116407.99,349.12342
2025-08-18 21:00:00+00:00,1755550800000,116407.99,116675.67,116403.76,116648.99,230.40574
2025-08-18 22:00:00+00:00,1755554400000,116649.0,116980.0,116394.12,116399.99,316.21157
2025-08-18 23:00:00+00:00,1755558000000,116400.0,116564.38,116089.0,116227.05,317.80966
2025-08-19 00:00:00+00:00,1755561600000,116227.05,116563.55,115516.82,116563.13,597.52684
2025-08-19 01:00:00+00:00,1755565200000,116563.12,116725.69,115710.03,115798.0,461.06933
2025-08-19 02:00:00+00:00,1755568800000,115798.0,116051.0,115635.63,115747.08,344.75966
2025-08-19 03:00:00+00:00,1755572400000,115747.09,115771.98,114787.23,114810.0,987.54165
2025-08-19 04:00:00+00:00,1755576000000,114810.01,115372.55,114366.0,115305.99,973.09499
2025-08-19 05:00:00+00:00,1755579600000,115306.0,115483.24,114944.16,114972.9,406.89708
2025-08-19 06:00:00+00:00,1755583200000,114972.9,115219.99,114914.26,115019.99,394.62483
2025-08-19 07:00:00+00:00,1755586800000,115019.99,115056.0,114600.74,114978.14,724.50631
2025-08-19 08:00:00+00:00,1755590400000,114978.15,115300.0,114804.0,115186.48,489.77403
2025-08-19 09:00:00+00:00,1755594000000,115186.47,115488.27,115185.92,115322.7,443.60844
2025-08-19 10:00:00+00:00,1755597600000,115322.69,115577.6,115317.92,115400.0,241.6168
2025-08-19 11:00:00+00:00,1755601200000,115400.0,115650.0,115400.0,115508.71,296.0435
2025-08-19 12:00:00+00:00,1755604800000,115508.71,115617.84,115282.7,115599.99,338.93222
2025-08-19 13:00:00+00:00,1755608400000,115600.0,115875.84,114869.6,115192.0,928.5804
2025-08-19 14:00:00+00:00,1755612000000,115192.0,115378.82,113770.34,113882.66,2263.58751
2025-08-19 15:00:00+00:00,1755615600000,113882.66,114177.58,113587.68,113786.38,1763.36303
2025-08-19 16:00:00+00:00,1755619200000,113786.39,113897.58,113346.28,113388.3,959.63398
2025-08-19 17:00:00+00:00,1755622800000,113388.31,113596.07,113107.07,113520.11,1084.66267
2025-08-19 18:00:00+00:00,1755626400000,113520.11,113520.11,112837.11,113069.61,889.38987
2025-08-19 19:00:00+00:00,1755630000000,113069.61,113552.03,112767.06,113132.48,850.664
2025-08-19 20:00:00+00:00,1755633600000,113132.49,113570.44,112927.82,113570.44,496.52563
2025-08-19 21:00:00+00:00,1755637200000,113570.44,113589.48,113413.14,113419.11,316.99786
2025-08-19 22:00:00+00:00,1755640800000,113419.1,113440.43,113060.0,113174.42,1090.07931
2025-08-19 23:00:00+00:00,1755644400000,113174.42,113201.26,112732.58,112872.94,721.9943
2025-08-20 00:00:00+00:00,1755648000000,112872.95,113320.0,112843.14,113215.5,605.5856
2025-08-20 01:00:00+00:00,1755651600000,113215.49,113413.23,112566.01,112996.93,1004.04056
2025-08-20 02:00:00+00:00,1755655200000,112996.93,113500.0,112944.68,113438.29,915.27403
2025-08-20 03:00:00+00:00,1755658800000,113438.29,113636.13,113319.45,113525.91,591.80557
2025-08-20 04:00:00+00:00,1755662400000,113525.9,113700.0,113460.29,113633.47,351.01236
2025-08-20 05:00:00+00:00,1755666000000,113633.47,113767.44,113464.02,113708.0,305.42814
2025-08-20 06:00:00+00:00,1755669600000,113707.99,113734.23,113500.0,113653.28,284.56575
2025-08-20 07:00:00+00:00,1755673200000,113653.28,113837.93,113432.0,113490.13,426.40857
2025-08-20 08:00:00+00:00,1755676800000,113490.14,114016.77,113401.0,114010.0,1021.52601
2025-08-20 09:00:00+00:00,1755680400000,114010.0,114010.01,113628.65,113699.98,464.52912
2025-08-20 10:00:00+00:00,1755684000000,113699.98,113869.5,113587.68,113792.2,310.8205
2025-08-20 11:00:00+00:00,1755687600000,113792.19,113859.26,113060.08,113666.68,555.63081
2025-08-20 12:00:00+00:00,1755691200000,113666.69,113944.0,113512.88,113659.01,643.44169
2025-08-20 13:00:00+00:00,1755694800000,113659.01,113659.01,112600.0,112693.15,1099.37126
2025-08-20 14:00:00+00:00,1755698400000,112693.14,113854.34,112380.0,113465.84,1578.65617
2025-08-20 15:00:00+00:00,1755702000000,113465.84,114326.35,113229.43,113353.94,1283.96286
2025-08-20 16:00:00+00:00,1755705600000,113353.94,114309.16,113278.49,113839.99,769.22274
2025-08-20 17:00:00+00:00,1755709200000,113839.99,114444.0,113781.16,114197.53,577.51878
2025-08-20 18:00:00+00:00,1755712800000,114197.54,114269.63,113264.01,113490.01,676.25877
2025-08-20 19:00:00+00:00,1755716400000,113490.0,114337.31,113472.38,114276.66,601.00585
2025-08-20 20:00:00+00:00,1755720000000,114276.66,114375.27,114000.0,114370.0,384.69129
2025-08-20 21:00:00+00:00,1755723600000,114370.0,114476.13,114000.0,114356.24,372.36928
2025-08-20 22:00:00+00:00,1755727200000,114356.24,114615.38,114206.89,114595.19,498.00131
2025-08-20 23:00:00+00:00,1755730800000,114595.19,114608.77,114220.0,114271.24,315.21492
2025-08-21 00:00:00+00:00,1755734400000,114271.23,114493.1,114010.87,114292.14,429.62667
2025-08-21 01:00:00+00:00,1755738000000,114292.14,114736.0,113954.13,114729.94,432.98345
2025-08-21 02:00:00+00:00,1755741600000,114729.93,114821.76,113906.01,114038.0,447.89489
2025-08-21 03:00:00+00:00,1755745200000,114038.0,114531.29,113954.61,113954.62,316.2228
2025-08-21 04:00:00+00:00,1755748800000,113954.62,114033.84,113800.0,113800.0,293.43085
2025-08-21 05:00:00+00:00,1755752400000,113800.01,114010.83,113637.0,113995.12,344.63705
2025-08-21 06:00:00+00:00,1755756000000,113995.12,113995.12,113609.88,113807.2,443.88446
2025-08-21 07:00:00+00:00,1755759600000,113807.2,113944.74,113582.43,113896.03,530.41085
2025-08-21 08:00:00+00:00,1755763200000,113896.03,113990.0,113588.45,113588.45,336.76542
2025-08-21 09:00:00+00:00,1755766800000,113588.46,113616.58,113300.0,113376.85,413.40552
2025-08-21 10:00:00+00:00,1755770400000,113376.85,113479.97,113230.0,113329.74,331.35097
2025-08-21 11:00:00+00:00,1755774000000,113329.74,113542.47,113000.0,113148.66,428.12915
2025-08-21 12:00:00+00:00,1755777600000,113148.65,113416.69,112950.0,113095.29,386.2075
2025-08-21 13:00:00+00:00,1755781200000,113095.3,113713.56,113055.93,113486.98,624.69624
2025-08-21 14:00:00+00:00,1755784800000,113486.98,113995.11,112913.39,113281.99,580.15894
2025-08-21 15:00:00+00:00,1755788400000,113282.0,113386.31,112608.64,112792.08,930.0476
2025-08-21 16:00:00+00:00,1755792000000,112792.08,112969.47,112333.33,112379.58,780.22707
2025-08-21 17:00:00+00:00,1755795600000,112379.58,112596.9,112201.0,112410.91,737.11033
2025-08-21 18:00:00+00:00,1755799200000,112410.92,112682.2,112224.67,112602.62,382.38194
2025-08-21 19:00:00+00:00,1755802800000,112602.62,112724.74,112015.67,112193.71,569.08483
2025-08-21 20:00:00+00:00,1755806400000,112193.71,112870.94,112067.46,112450.3,336.45252
2025-08-21 21:00:00+00:00,1755810000000,112450.31,112734.51,112100.0,112628.76,337.37667
2025-08-21 22:00:00+00:00,1755813600000,112628.75,112712.7,112425.35,112511.2,200.73506
2025-08-21 23:00:00+00:00,1755817200000,112511.19,112511.2,112272.04,112500.0,226.47157
2025-08-22 00:00:00+00:00,1755820800000,112500.0,112840.0,112489.42,112630.87,267.79499
2025-08-22 01:00:00+00:00,1755824400000,112630.88,112924.37,112335.6,112840.08,331.54981
2025-08-22 02:00:00+00:00,1755828000000,112840.08,113525.0,112784.68,113153.96,716.89343
2025-08-22 03:00:00+00:00,1755831600000,113153.96,113441.45,112882.9,112929.24,293.95702
2025-08-22 04:00:00+00:00,1755835200000,112929.24,113256.03,112708.81,112847.63,270.33795
2025-08-22 05:00:00+00:00,1755838800000,112847.62,113285.59,112844.56,113241.99,333.83128
2025-08-22 06:00:00+00:00,1755842400000,113241.98,113394.76,112844.0,112998.3,426.59054
2025-08-22 07:00:00+00:00,1755846000000,112998.3,113250.0,112950.0,113094.83,625.49743
2025-08-22 08:00:00+00:00,1755849600000,113094.83,113319.3,112950.0,112980.34,448.78194
2025-08-22 09:00:00+00:00,1755853200000,112980.34,113128.0,112815.55,113049.67,517.13631
2025-08-22 10:00:00+00:00,1755856800000,113049.67,113060.0,112512.74,112534.54,455.48522
2025-08-22 11:00:00+00:00,1755860400000,112534.54,112629.4,112177.27,112320.0,511.03227
2025-08-22 12:00:00+00:00,1755864000000,112320.01,112713.93,111684.79,112341.5,1660.5893
2025-08-22 13:00:00+00:00,1755867600000,112341.5,112662.27,111932.28,112487.11,1042.30053
2025-08-22 14:00:00+00:00,1755871200000,112487.1,116116.11,112468.35,115808.23,6271.74223
2025-08-22 15:00:00+00:00,1755874800000,115808.24,117296.12,115808.23,116370.75,2530.62921
2025-08-22 16:00:00+00:00,1755878400000,116370.75,116783.22,116116.0,116146.47,1756.6795
2025-08-22 17:00:00+00:00,1755882000000,116146.48,117032.84,116146.48,117024.0,1300.14206
2025-08-22 18:00:00+00:00,1755885600000,117024.01,117429.05,116750.0,116805.27,721.60524
2025-08-22 19:00:00+00:00,1755889200000,116805.27,116914.3,116520.0,116655.79,529.51964
2025-08-22 20:00:00+00:00,1755892800000,116655.79,117127.44,116570.17,117052.65,545.695
2025-08-22 21:00:00+00:00,1755896400000,117052.65,117174.43,116829.34,117028.27,678.08593
2025-08-22 22:00:00+00:00,1755900000000,117028.27,117057.14,116550.96,116757.18,585.72702
2025-08-22 23:00:00+00:00,1755903600000,116757.18,116937.56,116674.51,116935.99,306.48652
2025-08-23 00:00:00+00:00,1755907200000,116936.0,117030.0,116726.64,116870.22,351.38045
2025-08-23 01:00:00+00:00,1755910800000,116870.22,116882.16,116300.0,116453.59,596.49295
2025-08-23 02:00:00+00:00,1755914400000,116453.59,116547.95,115500.0,115927.98,1195.36796
2025-08-23 03:00:00+00:00,1755918000000,115927.98,116044.55,115458.2,115568.77,504.34283
2025-08-23 04:00:00+00:00,1755921600000,115568.77,115980.0,115551.2,115926.77,535.76766
2025-08-23 05:00:00+00:00,1755925200000,115926.77,116034.53,115800.01,115954.51,806.27196
2025-08-23 06:00:00+00:00,1755928800000,115954.51,116015.69,115690.83,115781.16,462.86069
2025-08-23 07:00:00+00:00,1755932400000,115781.16,115928.0,115669.76,115799.47,453.28331
2025-08-23 08:00:00+00:00,1755936000000,115799.46,115861.8,115607.46,115746.12,341.58386
2025-08-23 09:00:00+00:00,1755939600000,115746.12,115782.03,115605.27,115765.82,288.64099
2025-08-23 10:00:00+00:00,1755943200000,115765.81,115780.59,115575.72,115575.72,312.57302
2025-08-23 11:00:00+00:00,1755946800000,115575.73,115616.63,115223.43,115310.13,371.09604
2025-08-23 12:00:00+00:00,1755950400000,115310.13,115486.97,115175.48,115213.6,445.4785
2025-08-23 13:00:00+00:00,1755954000000,115213.6,115213.6,114735.57,114864.92,981.86665
2025-08-23 14:00:00+00:00,1755957600000,114864.92,115081.59,114620.0,114621.47,1000.43667
2025-08-23 15:00:00+00:00,1755961200000,114621.48,114966.87,114560.0,114812.87,599.77984
2025-08-23 16:00:00+00:00,1755964800000,114812.88,115097.92,114684.11,115020.0,448.76533
2025-08-23 17:00:00+00:00,1755968400000,115020.0,115167.78,114947.46,115087.97,327.26623
2025-08-23 18:00:00+00:00,1755972000000,115087.97,115190.74,115035.11,115145.77,178.18512
2025-08-23 19:00:00+00:00,1755975600000,115145.77,115173.86,115051.32,115133.91,151.33399
2025-08-23 20:00:00+00:00,1755979200000,115133.92,115325.82,115108.23,115325.81,181.19976
2025-08-23 21:00:00+00:00,1755982800000,115325.81,115325.82,115001.88,115028.0,194.43314
2025-08-23 22:00:00+00:00,1755986400000,115028.01,115317.86,115028.0,115317.85,117.57565
2025-08-23 23:00:00+00:00,1755990000000,115317.86,115454.12,115244.7,115438.05,483.37937
2025-08-24 00:00:00+00:00,1755993600000,115438.06,115549.44,115315.33,115375.35,457.40004
2025-08-24 01:00:00+00:00,1755997200000,115375.36,115584.09,115196.0,115473.99,655.8074
2025-08-24 02:00:00+00:00,1756000800000,115473.99,115666.68,115000.0,115005.15,401.41002
2025-08-24 03:00:00+00:00,1756004400000,115005.15,115161.24,114934.21,115036.0,481.30687
2025-08-24 04:00:00+00:00,1756008000000,115036.01,115283.21,115036.0,115174.3,345.39663
2025-08-24 05:00:00+00:00,1756011600000,115174.3,115206.55,114930.65,114996.01,697.85001
2025-08-24 06:00:00+00:00,1756015200000,114996.01,115062.77,114846.14,114862.4,395.26293
2025-08-24 07:00:00+00:00,1756018800000,114862.4,115124.86,114855.64,114888.19,277.17773
2025-08-24 08:00:00+00:00,1756022400000,114888.19,114979.55,114750.01,114838.02,947.55224
2025-08-24 09:00:00+00:00,1756026000000,114838.02,115060.99,114668.0,114841.17,438.90856
2025-08-24 10:00:00+00:00,1756029600000,114841.16,114956.66,114600.0,114790.4,479.49962
2025-08-24 11:00:00+00:00,1756033200000,114790.4,114889.91,114620.13,114730.22,357.51883
2025-08-24 12:00:00+00:00,1756036800000,114730.22,114846.4,114597.55,114673.81,358.78753
2025-08-24 13:00:00+00:00,1756040400000,114673.8,114869.41,114555.0,114555.0,620.84833
2025-08-24 14:00:00+00:00,1756044000000,114555.0,114657.0,114350.57,114514.05,816.73334
2025-08-24 15:00:00+00:00,1756047600000,114514.05,114865.32,114400.0,114400.0,865.64985
2025-08-24 16:00:00+00:00,1756051200000,114400.01,114541.93,114255.32,114275.0,786.95266
2025-08-24 17:00:00+00:00,1756054800000,114275.0,114578.85,114236.0,114423.42,983.41055
2025-08-24 18:00:00+00:00,1756058400000,114423.43,114917.1,114301.22,114626.97,1232.99791
2025-08-24 19:00:00+00:00,1756062000000,114626.96,114790.75,110680.0,112600.0,5318.65876
2025-08-24 20:00:00+00:00,1756065600000,112600.0,112987.88,111632.85,112770.39,2003.01345
2025-08-24 21:00:00+00:00,1756069200000,112770.39,113406.8,112369.16,112988.39,854.85267
2025-08-24 22:00:00+00:00,1756072800000,112988.4,113500.0,112614.42,113451.02,755.28007
2025-08-24 23:00:00+00:00,1756076400000,113451.02,113692.97,113366.49,113493.59,643.70862
2025-08-25 00:00:00+00:00,1756080000000,113493.59,113516.16,112159.0,112645.1,897.58897
2025-08-25 01:00:00+00:00,1756083600000,112645.1,113140.06,112615.9,113066.94,541.53145
2025-08-25 02:00:00+00:00,1756087200000,113066.95,113640.01,113066.94,113412.36,396.24817
2025-08-25 03:00:00+00:00,1756090800000,113412.36,113667.28,112905.16,112916.84,549.60431
2025-08-25 04:00:00+00:00,1756094400000,112916.84,113059.52,112611.78,112764.0,622.97182
2025-08-25 05:00:00+00:00,1756098000000,112764.01,112863.24,112309.99,112310.0,808.04429
2025-08-25 06:00:00+00:00,1756101600000,112310.0,112459.18,111756.6,111929.87,933.19436
2025-08-25 07:00:00+00:00,1756105200000,111929.87,112165.19,111284.05,111511.55,1689.81474
2025-08-25 08:00:00+00:00,1756108800000,111511.56,111820.53,110991.28,111414.3,1278.94125
2025-08-25 09:00:00+00:00,1756112400000,111414.3,111850.13,111259.76,111800.01,626.80974
2025-08-25 10:00:00+00:00,1756116000000,111800.0,111806.99,110939.4,110984.03,1416.44599
2025-08-25 11:00:00+00:00,1756119600000,110984.04,111279.91,110929.48,111214.97,706.0609
2025-08-25 12:00:00+00:00,1756123200000,111214.97,111682.49,111072.0,111586.31,722.92729
2025-08-25 13:00:00+00:00,1756126800000,111586.3,111754.82,110588.0,111491.69,1555.34009
2025-08-25 14:00:00+00:00,1756130400000,111491.7,112307.69,111326.49,112260.0,1426.03051
2025-08-25 15:00:00+00:00,1756134000000,112260.01,112580.0,111828.24,112200.64,889.02271
2025-08-25 16:00:00+00:00,1756137600000,112200.65,112937.26,112022.0,112502.43,781.23286
2025-08-25 17:00:00+00:00,1756141200000,112502.43,112800.0,112159.0,112431.4,674.4052
2025-08-25 18:00:00+00:00,1756144800000,112431.4,112618.89,112250.13,112402.9,310.54741
2025-08-25 19:00:00+00:00,1756148400000,112402.9,112430.16,110655.01,110716.13,1343.21864
2025-08-25 20:00:00+00:00,1756152000000,110716.13,111092.54,109390.01,109561.96,4098.07281
2025-08-25 21:00:00+00:00,1756155600000,109561.96,110280.5,109274.1,109888.01,1595.13661
2025-08-25 22:00:00+00:00,1756159200000,109888.01,110599.07,109888.0,110153.23,652.68653
2025-08-25 23:00:00+00:00,1756162800000,110153.23,110267.55,109781.61,110111.98,666.91714
2025-08-26 00:00:00+00:00,1756166400000,110111.98,110111.98,108854.19,109100.23,2132.52683
2025-08-26 01:00:00+00:00,1756170000000,109100.24,109910.68,108666.66,109897.2,1090.85402
2025-08-26 02:00:00+00:00,1756173600000,109897.21,110026.14,109505.04,109710.96,531.88497
2025-08-26 03:00:00+00:00,1756177200000,109710.96,109927.99,109432.0,109879.56,400.12624
2025-08-26 04:00:00+00:00,1756180800000,109879.57,110235.29,109879.57,110100.01,466.51131
2025-08-26 05:00:00+00:00,1756184400000,110100.01,110375.58,110084.41,110196.01,359.69829
2025-08-26 06:00:00+00:00,1756188000000,110196.0,110342.57,109900.0,109988.18,469.86809
2025-08-26 07:00:00+00:00,1756191600000,109988.17,110547.31,109765.93,110303.2,613.97463
2025-08-26 08:00:00+00:00,1756195200000,110303.2,110455.13,110000.0,110102.02,448.59912
2025-08-26 09:00:00+00:00,1756198800000,110102.02,110413.54,110037.51,110152.89,335.89147
2025-08-26 10:00:00+00:00,1756202400000,110152.9,110413.54,110064.12,110216.53,405.76551
2025-08-26 11:00:00+00:00,1756206000000,110216.52,110224.09,109570.34,109876.52,661.84556
2025-08-26 12:00:00+00:00,1756209600000,109876.53,110818.6,109612.0,110216.81,1094.24871
2025-08-26 13:00:00+00:00,1756213200000,110216.81,110265.31,109393.93,110094.66,1207.83119
2025-08-26 14:00:00+00:00,1756216800000,110094.66,110552.86,109800.0,110358.13,1124.78296
2025-08-26 15:00:00+00:00,1756220400000,110358.13,110561.76,109550.0,109666.33,1132.82225
2025-08-26 16:00:00+00:00,1756224000000,109666.34,110153.84,109450.0,110153.84,936.04216
2025-08-26 17:00:00+00:00,1756227600000,110153.83,110205.68,109587.42,109988.07,788.03072
2025-08-26 18:00:00+00:00,1756231200000,109988.07,110990.05,109966.64,110695.58,721.67701
2025-08-26 19:00:00+00:00,1756234800000,110695.58,111162.59,110501.57,111116.03,1102.76066
2025-08-26 20:00:00+00:00,1756238400000,111116.03,111380.03,110918.26,111321.58,705.40181
2025-08-26 21:00:00+00:00,1756242000000,111321.57,111584.61,111113.67,111584.6,375.99082
2025-08-26 22:00:00+00:00,1756245600000,111584.6,111945.69,111557.09,111910.01,610.79197
2025-08-26 23:00:00+00:00,1756249200000,111910.0,112371.0,111737.38,111763.22,734.51247
2025-08-27 00:00:00+00:00,1756252800000,111763.22,111825.16,111339.22,111356.37,600.11827
2025-08-27 01:00:00+00:00,1756256400000,111356.38,111469.07,111092.8,111299.48,488.51561
2025-08-27 02:00:00+00:00,1756260000000,111299.48,111480.0,111105.45,111135.37,474.9491
2025-08-27 03:00:00+00:00,1756263600000,111135.37,111723.92,110918.26,111418.15,608.69015
2025-08-27 04:00:00+00:00,1756267200000,111418.15,111737.26,111403.29,111570.81,422.75409
2025-08-27 05:00:00+00:00,1756270800000,111570.81,111685.57,111337.85,111372.18,323.13251
2025-08-27 06:00:00+00:00,1756274400000,111372.18,111372.19,111028.02,111040.09,326.53843
2025-08-27 07:00:00+00:00,1756278000000,111040.1,111129.94,110622.5,110725.18,737.37791
2025-08-27 08:00:00+00:00,1756281600000,110725.19,110837.77,110345.42,110756.01,607.62048
2025-08-27 09:00:00+00:00,1756285200000,110756.0,111125.32,110720.06,110810.78,362.97245
2025-08-27 10:00:00+00:00,1756288800000,110810.77,111267.7,110810.77,110975.12,336.60819
2025-08-27 11:00:00+00:00,1756292400000,110975.12,111374.45,110975.11,111322.07,287.06641
2025-08-27 12:00:00+00:00,1756296000000,111322.07,111397.74,111022.78,111344.42,397.11123
2025-08-27 13:00:00+00:00,1756299600000,111344.43,111895.25,111019.02,111487.24,851.74843
2025-08-27 14:00:00+00:00,1756303200000,111487.24,112625.0,111283.97,111815.94,1276.25098
2025-08-27 15:00:00+00:00,1756306800000,111815.94,112084.43,111505.0,112000.0,784.98996
2025-08-27 16:00:00+00:00,1756310400000,111999.99,112250.0,111541.23,112121.46,613.40717
2025-08-27 17:00:00+00:00,1756314000000,112121.45,112444.1,111897.43,112345.29,386.39727
2025-08-27 18:00:00+00:00,1756317600000,112345.3,112600.0,111928.0,111947.21,410.75955
2025-08-27 19:00:00+00:00,1756321200000,111947.22,112212.06,111576.24,112080.69,491.86153
2025-08-27 20:00:00+00:00,1756324800000,112080.68,112419.09,110921.79,112419.07,1418.31926
2025-08-27 21:00:00+00:00,1756328400000,112419.08,112452.05,111368.15,111528.19,454.99512
2025-08-27 22:00:00+00:00,1756332000000,111528.19,111610.06,111051.0,111409.54,421.42728
2025-08-27 23:00:00+00:00,1756335600000,111409.54,111544.0,111102.28,111262.01,308.99737
2025-08-28 00:00:00+00:00,1756339200000,111262.01,111535.09,110862.42,111338.92,402.94473
2025-08-28 01:00:00+00:00,1756342800000,111338.93,111714.28,111334.89,111647.7,252.40621
2025-08-28 02:00:00+00:00,1756346400000,111647.71,111761.58,111446.07,111500.0,198.00577
2025-08-28 03:00:00+00:00,1756350000000,111499.99,112042.04,111408.0,112000.01,350.42111
2025-08-28 04:00:00+00:00,1756353600000,112000.0,113082.48,111945.07,112965.9,844.0612
2025-08-28 05:00:00+00:00,1756357200000,112965.89,113160.0,112702.13,112853.24,635.30026
2025-08-28 06:00:00+00:00,1756360800000,112853.24,113284.41,112716.0,113213.78,337.92035
2025-08-28 07:00:00+00:00,1756364400000,113213.79,113360.0,113005.92,113114.11,664.63681
2025-08-28 08:00:00+00:00,1756368000000,113114.11,113351.51,113006.66,113128.49,420.29225
2025-08-28 09:00:00+00:00,1756371600000,113128.49,113139.8,112850.4,112856.89,355.38489
2025-08-28 10:00:00+00:00,1756375200000,112856.89,113127.53,112826.22,113127.53,342.86877
2025-08-28 11:00:00+00:00,1756378800000,113127.53,113152.97,112850.0,112909.18,300.49745
2025-08-28 12:00:00+00:00,1756382400000,112909.18,113340.01,112781.68,113239.44,542.61317
2025-08-28 13:00:00+00:00,1756386000000,113239.44,113485.9,112575.43,112832.0,1179.11716
2025-08-28 14:00:00+00:00,1756389600000,112832.75,113300.0,112528.15,113153.06,644.09235
2025-08-28 15:00:00+00:00,1756393200000,113153.07,113250.0,112391.56,112678.53,723.11082
2025-08-28 16:00:00+00:00,1756396800000,112678.53,113186.56,112329.44,112329.44,566.22384
2025-08-28 17:00:00+00:00,1756400400000,112329.44,112617.86,112215.32,112387.99,544.60806
2025-08-28 18:00:00+00:00,1756404000000,112388.0,112718.2,112230.76,112373.59,299.78379
2025-08-28 19:00:00+00:00,1756407600000,112373.58,112575.84,111901.35,111901.36,402.6813
2025-08-28 20:00:00+00:00,1756411200000,111901.36,112111.05,111872.06,111902.49,225.57171
2025-08-28 21:00:00+00:00,1756414800000,111902.5,112133.65,111900.0,112025.07,225.0768
2025-08-28 22:00:00+00:00,1756418400000,112025.07,112509.33,112025.06,112340.64,326.33504
2025-08-28 23:00:00+00:00,1756422000000,112340.64,112575.98,112305.15,112566.9,320.3236
2025-08-29 00:00:00+00:00,1756425600000,112566.9,112638.64,112129.13,112200.94,446.62185
2025-08-29 01:00:00+00:00,1756429200000,112200.94,112271.38,111425.28,111486.0,719.46398
2025-08-29 02:00:00+00:00,1756432800000,111486.0,111770.44,111361.35,111419.98,547.49956
2025-08-29 03:00:00+00:00,1756436400000,111419.98,111823.19,111302.27,111704.23,409.42082
2025-08-29 04:00:00+00:00,1756440000000,111704.24,111850.56,111420.87,111502.0,396.49962
2025-08-29 05:00:00+00:00,1756443600000,111502.01,111583.13,111133.64,111315.42,508.83781
2025-08-29 06:00:00+00:00,1756447200000,111315.42,111401.06,110955.41,111279.45,1428.68924
2025-08-29 07:00:00+00:00,1756450800000,111279.45,111279.45,109899.99,110019.38,1926.94513
2025-08-29 08:00:00+00:00,1756454400000,110019.38,110270.3,109610.0,109628.02,1262.43838
2025-08-29 09:00:00+00:00,1756458000000,109628.02,109924.39,109414.18,109772.71,713.11845
2025-08-29 10:00:00+00:00,1756461600000,109772.71,110028.0,109750.0,110008.01,414.17589
2025-08-29 11:00:00+00:00,1756465200000,110008.0,110161.93,109835.29,110098.81,458.57754
2025-08-29 12:00:00+00:00,1756468800000,110098.81,111517.07,110070.73,110728.0,1553.7899
2025-08-29 13:00:00+00:00,1756472400000,110728.01,110780.57,108900.0,109106.14,2037.27573
2025-08-29 14:00:00+00:00,1756476000000,109106.14,109560.14,108103.0,108198.67,2371.46354
2025-08-29 15:00:00+00:00,1756479600000,108198.66,108727.38,108188.39,108386.23,1766.75123
2025-08-29 16:00:00+00:00,1756483200000,108386.23,108832.0,108140.0,108705.67,960.99261
2025-08-29 17:00:00+00:00,1756486800000,108705.68,108725.5,108155.73,108466.01,529.32413
2025-08-29 18:00:00+00:00,1756490400000,108466.01,108500.0,108101.07,108145.4,328.44201
2025-08-29 19:00:00+00:00,1756494000000,108145.4,108744.0,107934.24,108212.01,786.88663
2025-08-29 20:00:00+00:00,1756497600000,108212.01,108263.02,107506.0,107770.78,1863.41834
2025-08-29 21:00:00+00:00,1756501200000,107770.78,108470.75,107463.9,108450.01,644.62367
2025-08-29 22:00:00+00:00,1756504800000,108450.0,108480.49,108207.79,108378.97,247.74076
2025-08-29 23:00:00+00:00,1756508400000,108378.98,108549.99,108322.79,108377.4,257.31363
2025-08-30 00:00:00+00:00,1756512000000,108377.4,108410.73,108139.49,108300.71,612.21355
2025-08-30 01:00:00+00:00,1756515600000,108300.7,108350.0,107350.1,107447.97,702.48254
2025-08-30 02:00:00+00:00,1756519200000,107447.97,107951.77,107384.0,107782.01,781.27336
2025-08-30 03:00:00+00:00,1756522800000,107782.01,108436.21,107769.48,108436.2,1148.16791
2025-08-30 04:00:00+00:00,1756526400000,108436.21,108697.28,108372.95,108435.59,1453.52211
2025-08-30 05:00:00+00:00,1756530000000,108435.58,108480.71,108129.3,108347.2,569.67263
2025-08-30 06:00:00+00:00,1756533600000,108347.2,108554.73,108209.35,108320.0,334.65645
2025-08-30 07:00:00+00:00,1756537200000,108320.0,108524.26,108120.0,108524.26,694.47404
2025-08-30 08:00:00+00:00,1756540800000,108524.26,108777.43,108488.0,108568.0,287.42447
2025-08-30 09:00:00+00:00,1756544400000,108568.0,108604.82,108470.84,108517.63,290.0264
2025-08-30 10:00:00+00:00,1756548000000,108517.63,108690.49,108400.0,108425.99,427.7596
2025-08-30 11:00:00+00:00,1756551600000,108425.98,108714.35,108422.36,108680.01,411.74343
2025-08-30 12:00:00+00:00,1756555200000,108680.01,108680.01,108333.0,108614.86,356.51633
2025-08-30 13:00:00+00:00,1756558800000,108614.85,108614.86,108190.52,108531.14,552.78663
2025-08-30 14:00:00+00:00,1756562400000,108531.14,108740.16,108408.84,108661.99,285.06574
2025-08-30 15:00:00+00:00,1756566000000,108662.0,108926.15,108551.08,108869.98,346.17102
2025-08-30 16:00:00+00:00,1756569600000,108869.98,108879.96,108665.63,108815.72,286.49152
2025-08-30 17:00:00+00:00,1756573200000,108815.72,108898.17,108625.46,108784.71,163.33936
2025-08-30 18:00:00+00:00,1756576800000,108784.71,108839.13,108629.28,108739.72,109.15999
2025-08-30 19:00:00+00:00,1756580400000,108739.72,108900.0,108650.0,108828.33,118.59542
2025-08-30 20:00:00+00:00,1756584000000,108828.32,108838.27,108580.93,108648.0,168.45642
2025-08-30 21:00:00+00:00,1756587600000,108648.0,108682.81,108500.0,108588.67,162.11994
2025-08-30 22:00:00+00:00,1756591200000,108588.67,108595.9,108468.77,108531.12,159.37321
2025-08-30 23:00:00+00:00,1756594800000,108531.13,108816.34,108530.15,108816.33,286.89952
2025-08-31 00:00:00+00:00,1756598400000,108816.33,109400.0,108801.35,109389.08,767.94031
2025-08-31 01:00:00+00:00,1756602000000,109389.09,109480.02,109141.6,109429.01,456.69292
2025-08-31 02:00:00+00:00,1756605600000,109429.02,109439.54,109171.97,109224.87,227.48673
2025-08-31 03:00:00+00:00,1756609200000,109224.88,109378.93,109160.05,109223.84,304.7115
2025-08-31 04:00:00+00:00,1756612800000,109223.84,109231.41,108666.93,108816.32,409.65172
2025-08-31 05:00:00+00:00,1756616400000,108816.33,108816.33,108572.0,108756.85,297.82501
2025-08-31 06:00:00+00:00,1756620000000,108756.85,108778.27,108523.49,108716.65,209.89685
2025-08-31 07:00:00+00:00,1756623600000,108716.65,108829.17,108670.0,108708.26,259.88571
2025-08-31 08:00:00+00:00,1756627200000,108708.25,109030.51,108708.25,109011.67,217.73644
2025-08-31 09:00:00+00:00,1756630800000,109011.67,109100.0,108447.6,108507.68,344.54949
2025-08-31 10:00:00+00:00,1756634400000,108507.68,108628.63,108303.21,108560.23,639.93429
2025-08-31 11:00:00+00:00,1756638000000,108560.23,108597.19,108323.73,108389.76,388.6744
2025-08-31 12:00:00+00:00,1756641600000,108389.77,108486.13,108307.69,108309.2,637.73664
2025-08-31 13:00:00+00:00,1756645200000,108309.21,108451.45,108191.29,108418.02,675.04582
2025-08-31 14:00:00+00:00,1756648800000,108418.02,108515.68,108255.43,108467.33,482.56215
2025-08-31 15:00:00+00:00,1756652400000,108467.32,108858.43,108462.6,108818.69,646.54444
2025-08-31 16:00:00+00:00,1756656000000,108818.69,108978.0,108555.0,108922.79,566.18074
2025-08-31 17:00:00+00:00,1756659600000,108922.79,108993.88,108852.89,108993.87,242.1119
2025-08-31 18:00:00+00:00,1756663200000,108993.88,109237.51,108927.5,109146.62,264.16429
2025-08-31 19:00:00+00:00,1756666800000,109146.62,109167.84,108916.28,108930.0,160.04622
2025-08-31 20:00:00+00:00,1756670400000,108930.0,109118.0,108880.0,109117.99,190.53944
2025-08-31 21:00:00+00:00,1756674000000,109118.0,109118.0,108957.12,109037.29,156.22084
2025-08-31 22:00:00+00:00,1756677600000,109037.3,109230.0,108758.37,108900.46,245.89578
2025-08-31 23:00:00+00:00,1756681200000,108900.45,108917.36,108076.93,108246.35,697.48233
2025-09-01 00:00:00+00:00,1756684800000,108246.36,108406.18,107631.68,108222.37,1078.8221
2025-09-01 01:00:00+00:00,1756688400000,108222.37,108482.98,107968.09,108150.24,471.21562
2025-09-01 02:00:00+00:00,1756692000000,108150.24,108197.67,107425.42,107617.05,869.81682
2025-09-01 03:00:00+00:00,1756695600000,107617.05,107769.94,107393.0,107660.01,786.48643
2025-09-01 04:00:00+00:00,1756699200000,107660.0,107759.99,107279.51,107409.1,645.82838
2025-09-01 05:00:00+00:00,1756702800000,107409.09,107987.4,107255.0,107866.12,547.79285
2025-09-01 06:00:00+00:00,1756706400000,107866.13,108128.0,107594.42,108064.75,384.59049
2025-09-01 07:00:00+00:00,1756710000000,108064.76,109432.99,107984.79,109432.99,1325.96108
2025-09-01 08:00:00+00:00,1756713600000,109432.99,109820.02,109424.0,109590.0,1103.75653
2025-09-01 09:00:00+00:00,1756717200000,109590.0,109912.4,109485.57,109524.12,513.50327
2025-09-01 10:00:00+00:00,1756720800000,109524.13,109535.32,108186.41,108571.41,948.82778
2025-09-01 11:00:00+00:00,1756724400000,108571.42,108857.35,108464.0,108782.88,545.20367
2025-09-01 12:00:00+00:00,1756728000000,108782.89,109165.47,108635.39,109108.27,636.3452
2025-09-01 13:00:00+00:00,1756731600000,109108.27,109520.0,108936.44,109023.61,725.12306
2025-09-01 14:00:00+00:00,1756735200000,109023.61,109332.28,108824.82,109146.6,490.85432
2025-09-01 15:00:00+00:00,1756738800000,109146.59,109373.1,108566.0,108784.33,414.02255
2025-09-01 16:00:00+00:00,1756742400000,108784.33,109096.0,108653.09,108774.23,374.40601
2025-09-01 17:00:00+00:00,1756746000000,108774.23,108953.82,108391.3,108927.61,570.88854
2025-09-01 18:00:00+00:00,1756749600000,108927.61,109267.22,108921.17,109240.0,346.10668
2025-09-01 19:00:00+00:00,1756753200000,109240.0,109329.65,109160.27,109217.64,261.74926
2025-09-01 20:00:00+00:00,1756756800000,109217.65,109217.65,108284.0,108877.38,873.53022
2025-09-01 21:00:00+00:00,1756760400000,108877.39,108939.42,107459.49,107800.8,917.91242
2025-09-01 22:00:00+00:00,1756764000000,107800.8,108500.04,107588.01,108444.96,517.76894
2025-09-01 23:00:00+00:00,1756767600000,108444.96,109442.95,108428.45,109237.42,703.08997
2025-09-02 00:00:00+00:00,1756771200000,109237.43,109337.64,108883.8,109040.36,552.10707
2025-09-02 01:00:00+00:00,1756774800000,109040.36,109611.11,108993.0,109313.0,616.57671
2025-09-02 02:00:00+00:00,1756778400000,109313.0,110272.06,109171.78,110246.01,1081.14032
2025-09-02 03:00:00+00:00,1756782000000,110246.0,110623.97,110060.12,110322.18,916.19598
2025-09-02 04:00:00+00:00,1756785600000,110322.19,110420.0,110143.62,110310.56,492.48149
2025-09-02 05:00:00+00:00,1756789200000,110310.56,110337.06,110045.01,110209.32,359.35463
2025-09-02 06:00:00+00:00,1756792800000,110209.33,110610.5,110173.96,110376.63,596.39606
2025-09-02 07:00:00+00:00,1756796400000,110376.63,110400.0,110000.0,110233.92,504.4839
2025-09-02 08:00:00+00:00,1756800000000,110233.91,110711.1,110052.27,110360.0,557.03627
2025-09-02 09:00:00+00:00,1756803600000,110360.01,110699.58,110256.94,110450.56,476.55196
2025-09-02 10:00:00+00:00,1756807200000,110450.56,110477.85,110128.13,110246.0,410.87869
2025-09-02 11:00:00+00:00,1756810800000,110246.0,110255.17,109563.87,109733.34,1017.54899
2025-09-02 12:00:00+00:00,1756814400000,109733.33,109836.34,108393.39,108795.99,1297.32717
2025-09-02 13:00:00+00:00,1756818000000,108796.0,111275.93,108733.88,111149.99,2481.2087
2025-09-02 14:00:00+00:00,1756821600000,111149.99,111771.52,110780.61,111360.01,1925.30316
2025-09-02 15:00:00+00:00,1756825200000,111360.0,111540.3,110628.85,110829.17,1065.05414
2025-09-02 16:00:00+00:00,1756828800000,110829.16,111119.58,110469.7,110785.85,928.68032
2025-09-02 17:00:00+00:00,1756832400000,110785.85,111050.0,110628.85,110914.0,702.01172
2025-09-02 18:00:00+00:00,1756836000000,110914.01,110945.3,110200.0,110646.47,506.68111
2025-09-02 19:00:00+00:00,1756839600000,110646.47,110840.0,110441.42,110806.0,447.85722
2025-09-02 20:00:00+00:00,1756843200000,110806.01,111419.18,110716.77,111418.49,585.42846
2025-09-02 21:00:00+00:00,1756846800000,111418.49,111538.17,111129.57,111129.57,356.26128
2025-09-02 22:00:00+00:00,1756850400000,111129.58,111260.0,110870.27,111259.99,374.87092
2025-09-02 23:00:00+00:00,1756854000000,111260.0,111271.13,111017.79,111240.01,258.85129
2025-09-03 00:00:00+00:00,1756857600000,111240.01,111782.21,111240.01,111339.98,992.20281
2025-09-03 01:00:00+00:00,1756861200000,111339.98,111404.77,110901.06,111176.94,454.81663
2025-09-03 02:00:00+00:00,1756864800000,111176.93,111484.05,111029.43,111372.0,424.89931
2025-09-03 03:00:00+00:00,1756868400000,111372.0,111411.24,110892.14,111054.01,391.69818
2025-09-03 04:00:00+00:00,1756872000000,111054.0,111151.99,110836.48,111020.68,269.26802
2025-09-03 05:00:00+00:00,1756875600000,111020.68,111069.48,110666.0,110685.57,327.14961
2025-09-03 06:00:00+00:00,1756879200000,110685.57,110879.89,110549.8,110724.0,505.96638
2025-09-03 07:00:00+00:00,1756882800000,110724.0,111111.11,110528.71,111099.88,437.31572
2025-09-03 08:00:00+00:00,1756886400000,111099.87,111279.48,110974.0,111019.99,365.12571
2025-09-03 09:00:00+00:00,1756890000000,111019.99,111324.0,110889.29,111312.28,314.98009
2025-09-03 10:00:00+00:00,1756893600000,111312.28,111491.74,111170.06,111449.99,377.12634
2025-09-03 11:00:00+00:00,1756897200000,111450.0,111708.0,111388.24,111437.77,457.60494
2025-09-03 12:00:00+00:00,1756900800000,111437.77,111858.57,111031.61,111112.0,440.11635
2025-09-03 13:00:00+00:00,1756904400000,111112.0,111920.7,111065.56,111475.07,862.5714
2025-09-03 14:00:00+00:00,1756908000000,111475.08,112500.0,111118.43,112261.37,1480.6438
2025-09-03 15:00:00+00:00,1756911600000,112261.37,112376.7,111910.24,112222.74,766.67332
2025-09-03 16:00:00+00:00,1756915200000,112222.73,112336.0,111686.24,111858.66,604.19676
2025-09-03 17:00:00+00:00,1756918800000,111858.65,112575.27,111858.65,112312.64,574.69857
2025-09-03 18:00:00+00:00,1756922400000,112312.64,112516.35,111800.0,112000.0,465.80305
2025-09-03 19:00:00+00:00,1756926000000,112000.0,112252.33,111781.63,112193.74,312.61035
2025-09-03 20:00:00+00:00,1756929600000,112193.74,112250.0,112052.1,112211.31,229.15863
2025-09-03 21:00:00+00:00,1756933200000,112211.3,112250.0,111759.5,111989.67,182.28806
2025-09-03 22:00:00+00:00,1756936800000,111989.68,112150.0,111839.86,111947.48,177.73464
2025-09-03 23:00:00+00:00,1756940400000,111947.47,111980.0,111613.98,111705.71,359.07217
2025-09-04 00:00:00+00:00,1756944000000,111705.72,112180.0,111619.86,112065.61,343.42623
2025-09-04 01:00:00+00:00,1756947600000,112065.6,112080.0,111641.63,111947.48,251.77157
2025-09-04 02:00:00+00:00,1756951200000,111947.48,111980.01,111406.79,111450.15,359.69532
2025-09-04 03:00:00+00:00,1756954800000,111450.16,111728.57,111136.0,111148.97,529.86591
2025-09-04 04:00:00+00:00,1756958400000,111148.97,111318.84,110917.45,110917.45,332.73027
2025-09-04 05:00:00+00:00,1756962000000,110917.46,110922.4,110569.36,110653.07,1163.68375
2025-09-04 06:00:00+00:00,1756965600000,110653.08,110729.0,110279.68,110393.95,439.75314
2025-09-04 07:00:00+00:00,1756969200000,110393.95,110642.19,110343.72,110463.36,357.56088
2025-09-04 08:00:00+00:00,1756972800000,110463.36,110858.6,110415.72,110640.97,335.90557
2025-09-04 09:00:00+00:00,1756976400000,110640.96,110856.63,110640.96,110815.04,215.23378
2025-09-04 10:00:00+00:00,1756980000000,110815.05,111154.93,110628.85,110628.86,318.57504
2025-09-04 11:00:00+00:00,1756983600000,110628.86,111054.69,110546.48,110810.0,381.28687
2025-09-04 12:00:00+00:00,1756987200000,110810.0,111123.99,110532.73,110933.94,432.19177
2025-09-04 13:00:00+00:00,1756990800000,110933.94,110970.0,110217.13,110464.0,602.3513
2025-09-04 14:00:00+00:00,1756994400000,110463.99,110523.98,109705.48,109842.01,1107.22942
2025-09-04 15:00:00+00:00,1756998000000,109842.01,109862.94,109329.12,109510.31,916.17813
2025-09-04 16:00:00+00:00,1757001600000,109510.32,109688.0,109363.26,109438.34,640.73994
2025-09-04 17:00:00+00:00,1757005200000,109438.35,109914.01,109428.98,109786.48,495.50168
2025-09-04 18:00:00+00:00,1757008800000,109786.48,110218.39,109699.15,109977.0,620.57193
2025-09-04 19:00:00+00:00,1757012400000,109977.0,110113.19,109713.31,109799.99,367.8214
2025-09-04 20:00:00+00:00,1757016000000,109800.0,110409.46,109755.59,110408.02,396.63364
2025-09-04 21:00:00+00:00,1757019600000,110408.01,110545.44,110328.96,110500.0,176.70046
2025-09-04 22:00:00+00:00,1757023200000,110500.01,111588.66,110484.95,111490.73,669.83836
2025-09-04 23:00:00+00:00,1757026800000,111490.74,111765.31,110605.72,110730.87,747.889
2025-09-05 00:00:00+00:00,1757030400000,110730.87,110929.3,110435.75,110451.62,457.22173
2025-09-05 01:00:00+00:00,1757034000000,110451.63,111136.0,110451.63,111121.51,336.74632
2025-09-05 02:00:00+00:00,1757037600000,111121.51,111482.09,111040.79,111340.65,606.85268
2025-09-05 03:00:00+00:00,1757041200000,111340.64,111340.65,111096.67,111311.77,264.75507
2025-09-05 04:00:00+00:00,1757044800000,111311.78,111468.2,111144.51,111445.0,785.66095
2025-09-05 05:00:00+00:00,1757048400000,111445.0,111710.49,111407.57,111574.5,365.92368
2025-09-05 06:00:00+00:00,1757052000000,111574.51,111914.53,111501.94,111911.99,435.99084
2025-09-05 07:00:00+00:00,1757055600000,111912.0,112999.0,111883.49,112954.32,1893.59984
2025-09-05 08:00:00+00:00,1757059200000,112954.32,112985.0,112605.37,112618.51,612.5461
2025-09-05 09:00:00+00:00,1757062800000,112618.51,112619.98,112131.02,112303.87,672.38321
2025-09-05 10:00:00+00:00,1757066400000,112303.87,112571.9,112191.4,112256.36,401.39645
2025-09-05 11:00:00+00:00,1757070000000,112256.36,112439.36,112138.15,112354.0,270.50308
2025-09-05 12:00:00+00:00,1757073600000,112354.0,113384.62,112040.0,113214.78,2902.04978
2025-09-05 13:00:00+00:00,1757077200000,113214.78,113310.01,112706.71,113084.16,2093.90932
2025-09-05 14:00:00+00:00,1757080800000,113084.16,113084.16,110487.65,110569.99,3593.87866
2025-09-05 15:00:00+00:00,1757084400000,110569.99,111017.8,110286.91,110716.82,1216.05211
2025-09-05 16:00:00+00:00,1757088000000,110716.82,110929.3,110537.99,110815.4,450.76892
2025-09-05 17:00:00+00:00,1757091600000,110815.4,110815.4,110206.96,110608.18,561.64147
2025-09-05 18:00:00+00:00,1757095200000,110608.19,111285.35,110569.43,111198.78,518.32708
2025-09-05 19:00:00+00:00,1757098800000,111198.77,111627.51,111125.8,111614.54,636.35672
2025-09-05 20:00:00+00:00,1757102400000,111614.54,111679.79,111299.98,111630.3,588.97794
2025-09-05 21:00:00+00:00,1757106000000,111630.31,111700.0,110375.6,110605.01,1465.95586
2025-09-05 22:00:00+00:00,1757109600000,110605.01,110917.46,110500.0,110800.0,278.07558
2025-09-05 23:00:00+00:00,1757113200000,110800.01,110859.49,110594.79,110659.99,177.83549
2025-09-06 00:00:00+00:00,1757116800000,110660.0,110833.32,110552.56,110779.7,235.00101
2025-09-06 01:00:00+00:00,1757120400000,110779.7,110917.46,110744.08,110867.7,186.31454
2025-09-06 02:00:00+00:00,1757124000000,110867.71,111216.25,110733.11,111216.15,184.10167
2025-09-06 03:00:00+00:00,1757127600000,111216.14,111307.7,111000.12,111082.22,194.76496
2025-09-06 04:00:00+00:00,1757131200000,111082.23,111082.23,110783.7,110876.12,353.6322
2025-09-06 05:00:00+00:00,1757134800000,110876.12,110876.13,110687.69,110714.0,151.66886
2025-09-06 06:00:00+00:00,1757138400000,110714.0,110817.11,110714.0,110752.83,96.24087
2025-09-06 07:00:00+00:00,1757142000000,110752.84,110829.15,110750.64,110825.6,86.44213
2025-09-06 08:00:00+00:00,1757145600000,110825.59,110968.0,110774.46,110952.76,91.10955
2025-09-06 09:00:00+00:00,1757149200000,110952.77,110952.77,110693.86,110695.06,193.74674
2025-09-06 10:00:00+00:00,1757152800000,110695.06,110804.62,110677.3,110773.62,157.49749
2025-09-06 11:00:00+00:00,1757156400000,110773.62,110868.8,110675.58,110781.02,179.54833
2025-09-06 12:00:00+00:00,1757160000000,110781.03,110898.7,110753.97,110832.58,158.76991
2025-09-06 13:00:00+00:00,1757163600000,110832.59,110947.91,110822.0,110936.82,154.65819
2025-09-06 14:00:00+00:00,1757167200000,110936.82,110999.83,110781.96,110807.77,144.7163
2025-09-06 15:00:00+00:00,1757170800000,110807.78,110840.0,110358.11,110384.15,427.86502
2025-09-06 16:00:00+00:00,1757174400000,110384.16,110402.0,109977.0,110267.99,876.95944
2025-09-06 17:00:00+00:00,1757178000000,110267.99,110275.5,110000.0,110157.41,202.2087
2025-09-06 18:00:00+00:00,1757181600000,110157.41,110285.65,110056.29,110228.0,160.96245
2025-09-06 19:00:00+00:00,1757185200000,110228.01,110260.0,110000.0,110038.41,151.53
2025-09-06 20:00:00+00:00,1757188800000,110038.42,110167.01,110034.44,110167.0,140.0902
2025-09-06 21:00:00+00:00,1757192400000,110167.01,110215.03,110093.14,110201.0,168.43512
2025-09-06 22:00:00+00:00,1757196000000,110200.99,110238.12,110074.95,110170.55,159.17265
2025-09-06 23:00:00+00:00,1757199600000,110170.54,110282.82,110113.96,110187.97,144.86264
2025-09-07 00:00:00+00:00,1757203200000,110187.98,110367.37,110180.0,110356.75,274.12078
2025-09-07 01:00:00+00:00,1757206800000,110356.74,110587.86,110332.81,110546.66,251.76683
2025-09-07 02:00:00+00:00,1757210400000,110546.66,110692.52,110444.43,110666.24,231.20078
2025-09-07 03:00:00+00:00,1757214000000,110666.24,110733.12,110596.71,110629.15,191.54953
2025-09-07 04:00:00+00:00,1757217600000,110629.15,110638.0,110489.96,110557.76,140.43398
2025-09-07 05:00:00+00:00,1757221200000,110557.77,110699.0,110557.76,110649.44,163.57402
2025-09-07 06:00:00+00:00,1757224800000,110649.45,110665.35,110472.33,110504.15,195.71662
2025-09-07 07:00:00+00:00,1757228400000,110504.14,110911.42,110463.1,110753.42,373.02249
2025-09-07 08:00:00+00:00,1757232000000,110753.41,111377.19,110720.01,111071.25,524.25884
2025-09-07 09:00:00+00:00,1757235600000,111071.25,111248.2,110876.88,111115.98,305.63775
2025-09-07 10:00:00+00:00,1757239200000,111115.99,111237.97,111041.87,111225.02,152.81384
2025-09-07 11:00:00+00:00,1757242800000,111225.03,111292.13,111189.75,111292.13,231.70263
2025-09-07 12:00:00+00:00,1757246400000,111292.12,111292.13,111073.17,111115.92,171.8987
2025-09-07 13:00:00+00:00,1757250000000,111115.92,111231.6,111042.6,111214.62,159.77105
2025-09-07 14:00:00+00:00,1757253600000,111214.63,111412.0,111059.57,111145.59,337.64277
2025-09-07 15:00:00+00:00,1757257200000,111145.59,111373.43,111120.56,111329.99,168.21133
2025-09-07 16:00:00+00:00,1757260800000,111329.99,111371.35,111152.15,111202.02,223.90897
2025-09-07 17:00:00+00:00,1757264400000,111202.02,111237.86,110888.07,110962.83,326.82203
2025-09-07 18:00:00+00:00,1757268000000,110962.84,111063.0,110861.2,111053.76,219.80123
2025-09-07 19:00:00+00:00,1757271600000,111053.77,111293.99,111049.05,111259.99,169.95303
2025-09-07 20:00:00+00:00,1757275200000,111259.99,111371.26,111147.25,111330.3,178.99404
2025-09-07 21:00:00+00:00,1757278800000,111330.31,111330.31,111050.14,111050.14,82.99122
2025-09-07 22:00:00+00:00,1757282400000,111050.14,111364.4,111001.45,111250.01,270.95197
2025-09-07 23:00:00+00:00,1757286000000,111250.01,111600.0,111076.92,111137.34,334.55501
2025-09-08 00:00:00+00:00,1757289600000,111137.35,111293.26,110733.71,110837.96,553.54548
2025-09-08 01:00:00+00:00,1757293200000,110837.95,110994.58,110731.71,110890.57,352.25138
2025-09-08 02:00:00+00:00,1757296800000,110890.58,111372.0,110621.78,111240.0,364.1088
2025-09-08 03:00:00+00:00,1757300400000,111239.99,111349.24,111026.91,111052.11,431.56519
2025-09-08 04:00:00+00:00,1757304000000,111052.11,111218.49,110929.3,110979.35,318.48361
2025-09-08 05:00:00+00:00,1757307600000,110979.35,111061.05,110899.69,111027.16,189.25665
2025-09-08 06:00:00+00:00,1757311200000,111027.15,111197.86,110917.45,111113.26,156.58167
2025-09-08 07:00:00+00:00,1757314800000,111113.26,111609.04,111113.25,111280.39,665.8032
2025-09-08 08:00:00+00:00,1757318400000,111280.4,111910.48,111252.9,111684.25,867.092
2025-09-08 09:00:00+00:00,1757322000000,111684.26,112095.0,111591.06,112094.99,695.25367
2025-09-08 10:00:00+00:00,1757325600000,112094.99,112186.98,111920.89,112048.0,648.82485
2025-09-08 11:00:00+00:00,1757329200000,112048.0,112121.59,111754.31,112052.43,512.51734
2025-09-08 12:00:00+00:00,1757332800000,112052.43,112153.9,111934.24,112034.51,293.01193
2025-09-08 13:00:00+00:00,1757336400000,112034.5,112370.3,111877.64,111906.55,1120.28751
2025-09-08 14:00:00+00:00,1757340000000,111906.56,112779.5,111888.0,112645.05,989.95574
2025-09-08 15:00:00+00:00,1757343600000,112645.06,112924.37,112526.61,112631.75,614.9683
2025-09-08 16:00:00+00:00,1757347200000,112631.74,112670.06,112293.18,112398.0,493.93324
2025-09-08 17:00:00+00:00,1757350800000,112398.01,112531.6,112075.2,112214.4,461.27895
2025-09-08 18:00:00+00:00,1757354400000,112214.41,112515.59,112184.97,112477.01,296.32443
2025-09-08 19:00:00+00:00,1757358000000,112477.01,112477.01,111978.67,112097.31,430.27796
2025-09-08 20:00:00+00:00,1757361600000,112097.31,112153.07,111896.0,111958.04,288.87626
2025-09-08 21:00:00+00:00,1757365200000,111958.04,112331.32,111930.73,112326.45,273.5437
2025-09-08 22:00:00+00:00,1757368800000,112326.45,112512.71,112210.91,112236.71,274.21823
2025-09-08 23:00:00+00:00,1757372400000,112236.71,112305.03,111989.0,112065.23,290.44202
2025-09-09 00:00:00+00:00,1757376000000,112065.23,112104.41,111459.87,111650.03,720.48199
2025-09-09 01:00:00+00:00,1757379600000,111650.03,111748.54,111258.3,111364.73,520.52157
2025-09-09 02:00:00+00:00,1757383200000,111364.73,111442.95,111111.0,111330.71,536.02045
2025-09-09 03:00:00+00:00,1757386800000,111330.72,111740.61,111234.16,111708.0,314.74637
2025-09-09 04:00:00+00:00,1757390400000,111708.01,112110.99,111624.12,112024.01,548.42419
2025-09-09 05:00:00+00:00,1757394000000,112024.01,112248.84,111851.52,112200.0,298.70562
2025-09-09 06:00:00+00:00,1757397600000,112200.01,113156.65,112151.16,113022.61,1080.72151
2025-09-09 07:00:00+00:00,1757401200000,113022.62,113293.29,112753.61,112991.11,978.74308
2025-09-09 08:00:00+00:00,1757404800000,112991.11,113176.51,112886.93,112992.69,524.35168
2025-09-09 09:00:00+00:00,1757408400000,112992.69,113057.99,112900.0,112966.54,367.43684
2025-09-09 10:00:00+00:00,1757412000000,112966.54,113040.0,112635.38,112732.62,631.93421
2025-09-09 11:00:00+00:00,1757415600000,112732.62,112800.0,112403.91,112433.59,325.19749
2025-09-09 12:00:00+00:00,1757419200000,112433.59,112824.0,112393.4,112671.76,397.08345
2025-09-09 13:00:00+00:00,1757422800000,112671.76,112932.18,112470.18,112760.58,656.61339
2025-09-09 14:00:00+00:00,1757426400000,112760.58,112950.0,111511.11,111767.45,1958.50565
2025-09-09 15:00:00+00:00,1757430000000,111767.45,111847.23,110766.66,110880.76,1649.92992
2025-09-09 16:00:00+00:00,1757433600000,110880.76,111148.17,110788.0,110975.99,808.62492
2025-09-09 17:00:00+00:00,1757437200000,110975.99,111193.39,110898.28,111025.44,539.75817
2025-09-09 18:00:00+00:00,1757440800000,111025.43,111298.16,110900.02,111131.92,495.6204
2025-09-09 19:00:00+00:00,1757444400000,111131.92,111388.04,111124.17,111301.53,277.49178
2025-09-09 20:00:00+00:00,1757448000000,111301.53,111530.16,111090.07,111530.16,761.02989
2025-09-09 21:00:00+00:00,1757451600000,111530.15,111745.69,111270.75,111299.61,463.86358
2025-09-09 22:00:00+00:00,1757455200000,111299.61,111630.31,111266.11,111556.16,207.57487
2025-09-09 23:00:00+00:00,1757458800000,111556.15,111583.81,111362.94,111546.39,315.90146
2025-09-10 00:00:00+00:00,1757462400000,111546.38,111572.57,110942.33,111010.46,490.88671
2025-09-10 01:00:00+00:00,1757466000000,111010.47,111224.53,110917.45,111005.64,419.72999
2025-09-10 02:00:00+00:00,1757469600000,111005.63,111551.04,111005.63,111411.13,492.50873
2025-09-10 03:00:00+00:00,1757473200000,111411.13,111586.26,111372.08,111545.88,263.91729
2025-09-10 04:00:00+00:00,1757476800000,111545.88,111647.38,111410.83,111520.43,304.12835
2025-09-10 05:00:00+00:00,1757480400000,111520.43,111729.65,111372.42,111577.31,436.99878
2025-09-10 06:00:00+00:00,1757484000000,111577.31,111969.57,111396.08,111792.33,503.80753
2025-09-10 07:00:00+00:00,1757487600000,111792.34,112602.35,111760.69,112553.65,1232.32394
2025-09-10 08:00:00+00:00,1757491200000,112553.65,112859.8,112336.28,112370.08,1005.38091
2025-09-10 09:00:00+00:00,1757494800000,112370.07,112428.29,112097.2,112274.29,619.63175
2025-09-10 10:00:00+00:00,1757498400000,112274.29,112422.63,112199.19,112270.01,532.10538
2025-09-10 11:00:00+00:00,1757502000000,112270.0,112409.49,112148.49,112299.99,422.47932
2025-09-10 12:00:00+00:00,1757505600000,112300.0,113550.14,112299.99,113413.51,2800.76749
2025-09-10 13:00:00+00:00,1757509200000,113413.5,114313.13,113384.61,113952.0,2112.22655
2025-09-10 14:00:00+00:00,1757512800000,113951.99,114295.63,113802.14,113899.99,1035.28455
2025-09-10 15:00:00+00:00,1757516400000,113900.0,114095.66,113723.21,113853.99,682.44215
2025-09-10 16:00:00+00:00,1757520000000,113853.99,113936.99,113553.74,113759.89,577.39326
2025-09-10 17:00:00+00:00,1757523600000,113759.88,114074.46,113415.2,113738.01,617.65367
2025-09-10 18:00:00+00:00,1757527200000,113738.01,113896.94,113347.39,113584.85,688.96812
2025-09-10 19:00:00+00:00,1757530800000,113584.84,113617.09,113155.03,113574.52,744.45366
2025-09-10 20:00:00+00:00,1757534400000,113574.53,113900.0,113553.26,113566.39,611.07657
2025-09-10 21:00:00+00:00,1757538000000,113566.4,113845.18,113528.01,113842.53,256.17247
2025-09-10 22:00:00+00:00,1757541600000,113842.54,113992.39,113713.63,113881.2,264.24584
2025-09-10 23:00:00+00:00,1757545200000,113881.21,114025.78,113788.0,113960.0,402.83522
2025-09-11 00:00:00+00:00,1757548800000,113960.0,114008.87,113669.82,113885.7,432.5735
2025-09-11 01:00:00+00:00,1757552400000,113885.7,114176.66,113831.33,113903.23,380.8102
2025-09-11 02:00:00+00:00,1757556000000,113903.23,113953.99,113716.0,113819.02,230.50973
2025-09-11 03:00:00+00:00,1757559600000,113819.02,114434.23,113819.01,114400.01,552.73536
2025-09-11 04:00:00+00:00,1757563200000,114400.01,114400.01,114071.81,114158.29,489.3063
2025-09-11 05:00:00+00:00,1757566800000,114158.29,114348.52,113966.46,114266.0,589.97492
2025-09-11 06:00:00+00:00,1757570400000,114266.0,114459.65,114076.92,114324.64,409.80916
2025-09-11 07:00:00+00:00,1757574000000,114324.65,114326.52,113957.2,114083.58,465.05247
2025-09-11 08:00:00+00:00,1757577600000,114083.58,114200.0,113972.0,114049.39,307.55276
2025-09-11 09:00:00+00:00,1757581200000,114049.39,114075.11,113776.0,113895.29,430.23419
2025-09-11 10:00:00+00:00,1757584800000,113895.3,114119.4,113891.45,114062.32,373.92428
2025-09-11 11:00:00+00:00,1757588400000,114062.31,114112.0,113887.98,113999.99,400.8921
2025-09-11 12:00:00+00:00,1757592000000,113999.99,114500.0,113500.0,113975.99,2372.1547
2025-09-11 13:00:00+00:00,1757595600000,113975.99,114715.02,113430.0,114628.08,1458.85001
2025-09-11 14:00:00+00:00,1757599200000,114630.06,114667.45,113927.6,114463.73,759.30317
2025-09-11 15:00:00+00:00,1757602800000,114463.73,114699.25,113996.19,114180.31,553.38549
2025-09-11 16:00:00+00:00,1757606400000,114180.32,114588.98,114180.31,114487.53,300.34694
2025-09-11 17:00:00+00:00,1757610000000,114487.53,114593.29,114328.52,114589.84,372.57383
2025-09-11 18:00:00+00:00,1757613600000,114589.84,114605.54,114102.0,114312.35,416.47348
2025-09-11 19:00:00+00:00,1757617200000,114312.35,114525.0,114182.04,114419.99,348.31986
2025-09-11 20:00:00+00:00,1757620800000,114420.0,114487.53,114246.04,114395.99,308.36329
2025-09-11 21:00:00+00:00,1757624400000,114395.98,114517.6,114395.98,114482.69,190.78211
2025-09-11 22:00:00+00:00,1757628000000,114482.7,115266.45,114435.63,115084.0,1104.63013
2025-09-11 23:00:00+00:00,1757631600000,115084.01,115488.09,115084.0,115482.69,428.17321
2025-09-12 00:00:00+00:00,1757635200000,115482.69,116331.81,115420.87,115840.69,1835.12528
2025-09-12 01:00:00+00:00,1757638800000,115840.69,116016.91,115371.13,115377.29,774.94414
2025-09-12 02:00:00+00:00,1757642400000,115377.29,115663.05,115256.64,115391.0,535.95115
2025-09-12 03:00:00+00:00,1757646000000,115391.0,115429.46,115045.45,115194.14,556.98098
2025-09-12 04:00:00+00:00,1757649600000,115194.14,115509.65,115086.82,115359.99,435.01083
2025-09-12 05:00:00+00:00,1757653200000,115360.0,115656.87,115320.27,115612.84,397.97519
2025-09-12 06:00:00+00:00,1757656800000,115612.84,115612.85,115260.38,115318.0,301.68688
2025-09-12 07:00:00+00:00,1757660400000,115318.01,115405.79,115086.7,115086.7,495.74469
2025-09-12 08:00:00+00:00,1757664000000,115086.7,115273.12,114950.0,115048.0,931.11012
2025-09-12 09:00:00+00:00,1757667600000,115047.99,115127.05,114888.01,115048.01,372.62834
2025-09-12 10:00:00+00:00,1757671200000,115048.0,115093.49,114926.42,114980.85,227.81735
2025-09-12 11:00:00+00:00,1757674800000,114980.84,115148.0,114901.03,114913.45,427.23394
2025-09-12 12:00:00+00:00,1757678400000,114913.45,115172.57,114740.99,115083.97,620.574
2025-09-12 13:00:00+00:00,1757682000000,115083.98,115214.29,114822.77,115166.45,371.74126
2025-09-12 14:00:00+00:00,1757685600000,115166.46,115500.95,114865.3,115260.0,719.98267
2025-09-12 15:00:00+00:00,1757689200000,115260.0,115294.1,114939.53,115121.18,329.84108
2025-09-12 16:00:00+00:00,1757692800000,115121.18,115514.77,115030.3,115495.56,536.60395
2025-09-12 17:00:00+00:00,1757696400000,115495.56,115939.39,115395.66,115815.16,944.1093
2025-09-12 18:00:00+00:00,1757700000000,115815.16,116495.0,115769.88,116486.18,1014.39133
2025-09-12 19:00:00+00:00,1757703600000,116486.19,116665.63,116238.64,116632.51,1368.73979
2025-09-12 20:00:00+00:00,1757707200000,116632.51,116632.51,115974.0,116157.33,898.27059
2025-09-12 21:00:00+00:00,1757710800000,116157.34,116157.34,115752.68,115865.89,385.45605
2025-09-12 22:00:00+00:00,1757714400000,115865.89,116360.43,115865.89,116027.46,494.01734
2025-09-12 23:00:00+00:00,1757718000000,116027.46,116161.37,115929.06,116029.42,348.17094
2025-09-13 00:00:00+00:00,1757721600000,116029.41,116298.78,115959.59,116209.32,476.47907
2025-09-13 01:00:00+00:00,1757725200000,116209.32,116275.81,115576.26,115764.3,632.36146
2025-09-13 02:00:00+00:00,1757728800000,115764.3,115991.29,115686.47,115886.17,322.19761
2025-09-13 03:00:00+00:00,1757732400000,115886.16,116012.91,115837.98,115957.0,823.27412
2025-09-13 04:00:00+00:00,1757736000000,115957.0,115957.01,115685.6,115698.4,314.62389
2025-09-13 05:00:00+00:00,1757739600000,115698.4,115845.46,115657.81,115704.04,253.6123
2025-09-13 06:00:00+00:00,1757743200000,115704.03,115802.16,115662.2,115749.99,251.18163
2025-09-13 07:00:00+00:00,1757746800000,115750.0,115855.89,115702.39,115778.71,242.78688
2025-09-13 08:00:00+00:00,1757750400000,115778.72,116056.17,115767.33,115978.01,351.87471
2025-09-13 09:00:00+00:00,1757754000000,115978.01,116038.14,115871.26,116035.33,294.98775
2025-09-13 10:00:00+00:00,1757757600000,116035.32,116166.71,115916.41,115937.99,318.28855
2025-09-13 11:00:00+00:00,1757761200000,115937.99,116005.82,115888.0,115974.11,263.75402
2025-09-13 12:00:00+00:00,1757764800000,115974.11,116060.0,115872.82,116002.91,204.03439
2025-09-13 13:00:00+00:00,1757768400000,116002.91,116002.91,115621.65,115761.05,440.12472
2025-09-13 14:00:00+00:00,1757772000000,115761.06,115950.0,115603.98,115797.68,438.72685
2025-09-13 15:00:00+00:00,1757775600000,115797.67,115924.6,115619.57,115768.68,290.44971
2025-09-13 16:00:00+00:00,1757779200000,115768.68,115817.37,115127.27,115334.0,700.8183
2025-09-13 17:00:00+00:00,1757782800000,115333.99,115587.49,115180.0,115571.78,465.25625
2025-09-13 18:00:00+00:00,1757786400000,115571.79,115653.26,115433.09,115633.92,160.49564
2025-09-13 19:00:00+00:00,1757790000000,115633.91,115800.88,115570.78,115797.12,263.39165
2025-09-13 20:00:00+00:00,1757793600000,115797.12,115991.29,115797.11,115905.88,220.70474
2025-09-13 21:00:00+00:00,1757797200000,115905.88,115972.52,115839.98,115895.39,234.38734
2025-09-13 22:00:00+00:00,1757800800000,115895.4,115944.64,115809.9,115871.58,159.45156
2025-09-13 23:00:00+00:00,1757804400000,115871.58,115979.99,115861.39,115918.29,146.1408
2025-09-14 00:00:00+00:00,1757808000000,115918.29,116000.0,115815.13,115935.6,153.28277
2025-09-14 01:00:00+00:00,1757811600000,115935.61,115990.2,115744.67,115962.93,185.94891
2025-09-14 02:00:00+00:00,1757815200000,115962.92,116109.0,115750.0,115852.95,267.49819
2025-09-14 03:00:00+00:00,1757818800000,115852.95,115869.99,115651.99,115679.98,272.91216
2025-09-14 04:00:00+00:00,1757822400000,115679.99,115768.0,115449.59,115750.99,247.86689
2025-09-14 05:00:00+00:00,1757826000000,115751.0,115924.69,115735.58,115860.01,258.07375
2025-09-14 06:00:00+00:00,1757829600000,115860.01,115936.0,115693.95,115734.23,196.84102
2025-09-14 07:00:00+00:00,1757833200000,115734.24,115838.41,115734.23,115805.39,212.00183
2025-09-14 08:00:00+00:00,1757836800000,115805.39,115983.02,115759.44,115933.4,137.30583
2025-09-14 09:00:00+00:00,1757840400000,115933.4,116165.19,115905.88,116052.09,271.65824
2025-09-14 10:00:00+00:00,1757844000000,116052.1,116132.85,115955.57,116027.26,156.38468
2025-09-14 11:00:00+00:00,1757847600000,116027.25,116100.0,115748.78,115794.91,275.05839
2025-09-14 12:00:00+00:00,1757851200000,115794.92,115878.49,115662.62,115776.31,316.9787
2025-09-14 13:00:00+00:00,1757854800000,115776.31,115776.32,115217.01,115348.1,617.50773
2025-09-14 14:00:00+00:00,1757858400000,115348.1,115691.04,115141.8,115401.75,750.31099
2025-09-14 15:00:00+00:00,1757862000000,115401.75,115419.1,115200.4,115224.01,351.71527
2025-09-14 16:00:00+00:00,1757865600000,115224.01,115540.0,115193.9,115480.0,284.25459
2025-09-14 17:00:00+00:00,1757869200000,115480.0,115657.5,115413.46,115557.65,290.60711
2025-09-14 18:00:00+00:00,1757872800000,115557.65,115557.66,115375.05,115388.21,161.60603
2025-09-14 19:00:00+00:00,1757876400000,115388.21,115635.0,115330.99,115634.99,132.66154
2025-09-14 20:00:00+00:00,1757880000000,115634.99,115851.26,115634.99,115802.16,116.11592
2025-09-14 21:00:00+00:00,1757883600000,115802.16,116087.35,115607.99,116058.88,349.40859
2025-09-14 22:00:00+00:00,1757887200000,116059.48,116076.89,115810.22,116009.61,262.34337
2025-09-14 23:00:00+00:00,1757890800000,116009.62,116009.62,115135.0,115268.01,439.25947
2025-09-15 00:00:00+00:00,1757894400000,115268.01,115276.49,114972.29,115071.32,521.11024
2025-09-15 01:00:00+00:00,1757898000000,115071.32,115283.5,114825.0,115231.69,362.37165
2025-09-15 02:00:00+00:00,1757901600000,115231.69,115443.29,115214.55,115362.35,184.52455
2025-09-15 03:00:00+00:00,1757905200000,115362.35,115594.9,115347.91,115445.45,223.493
2025-09-15 04:00:00+00:00,1757908800000,115445.46,116168.26,115400.0,116058.01,698.45937
2025-09-15 05:00:00+00:00,1757912400000,116058.01,116583.47,116019.05,116520.0,781.40763
2025-09-15 06:00:00+00:00,1757916000000,116519.13,116757.99,116043.01,116129.99,559.85108
2025-09-15 07:00:00+00:00,1757919600000,116130.0,116400.0,115626.96,115806.62,605.7335
2025-09-15 08:00:00+00:00,1757923200000,115806.62,115806.62,114709.18,114737.27,1325.86164
2025-09-15 09:00:00+00:00,1757926800000,114737.28,115188.0,114625.87,114868.59,1072.97754
2025-09-15 10:00:00+00:00,1757930400000,114868.6,114954.83,114720.69,114769.04,532.63649
2025-09-15 11:00:00+00:00,1757934000000,114769.03,115195.86,114740.97,115070.0,565.80309
2025-09-15 12:00:00+00:00,1757937600000,115070.01,115074.51,114671.75,114721.04,599.02223
2025-09-15 13:00:00+00:00,1757941200000,114721.03,115099.0,114384.0,114664.08,1056.42151
2025-09-15 14:00:00+00:00,1757944800000,114664.07,115029.81,114450.28,114679.56,775.27929
2025-09-15 15:00:00+00:00,1757948400000,114679.55,114909.4,114404.43,114842.9,564.69333
2025-09-15 16:00:00+00:00,1757952000000,114842.9,114922.59,114600.0,114662.57,364.30154
2025-09-15 17:00:00+00:00,1757955600000,114662.58,115130.0,114600.0,115120.03,284.01648
2025-09-15 18:00:00+00:00,1757959200000,115120.02,115360.54,114904.16,115307.79,538.96072
2025-09-15 19:00:00+00:00,1757962800000,115307.79,115570.0,114975.66,115307.78,685.41151
2025-09-15 20:00:00+00:00,1757966400000,115307.78,115515.41,115200.07,115379.99,325.59706
2025-09-15 21:00:00+00:00,1757970000000,115380.0,115538.55,115283.49,115528.0,170.93694
2025-09-15 22:00:00+00:00,1757973600000,115528.0,115605.07,115221.68,115288.01,235.69782
2025-09-15 23:00:00+00:00,1757977200000,115288.01,115476.0,115232.58,115349.71,177.94328
2025-09-16 00:00:00+00:00,1757980800000,115349.71,115349.71,114945.01,115088.66,244.26086
2025-09-16 01:00:00+00:00,1757984400000,115088.66,115520.0,115008.69,115024.24,232.3498
2025-09-16 02:00:00+00:00,1757988000000,115024.24,115227.51,115024.23,115034.47,151.83383
2025-09-16 03:00:00+00:00,1757991600000,115034.48,115426.49,115034.44,115307.25,236.03187
2025-09-16 04:00:00+00:00,1757995200000,115307.26,115560.01,114930.0,115503.01,446.01382
2025-09-16 05:00:00+00:00,1757998800000,115503.02,115957.23,115454.3,115936.65,685.43114
2025-09-16 06:00:00+00:00,1758002400000,115936.65,116009.62,115591.57,115770.35,449.53079
2025-09-16 07:00:00+00:00,1758006000000,115770.36,115886.17,115724.41,115840.0,319.02367
2025-09-16 08:00:00+00:00,1758009600000,115839.99,115981.17,115526.5,115658.76,463.00777
2025-09-16 09:00:00+00:00,1758013200000,115658.76,115720.0,115443.65,115477.27,286.71309
2025-09-16 10:00:00+00:00,1758016800000,115477.28,115590.49,115372.35,115372.46,292.6133
2025-09-16 11:00:00+00:00,1758020400000,115372.47,115431.52,115206.15,115287.83,303.19825
2025-09-16 12:00:00+00:00,1758024000000,115287.84,115460.2,115287.38,115439.36,296.84884
2025-09-16 13:00:00+00:00,1758027600000,115439.36,115558.06,114737.11,115200.0,1064.59506
2025-09-16 14:00:00+00:00,1758031200000,115200.0,115306.71,114811.0,115296.86,607.41382
2025-09-16 15:00:00+00:00,1758034800000,115296.86,115905.89,115010.66,115905.88,653.80057
2025-09-16 16:00:00+00:00,1758038400000,115905.88,116068.92,115608.28,116068.06,691.27604
2025-09-16 17:00:00+00:00,1758042000000,116068.05,116870.76,116056.99,116461.54,1252.39334
2025-09-16 18:00:00+00:00,1758045600000,116461.55,116776.66,116226.12,116418.86,486.09455
2025-09-16 19:00:00+00:00,1758049200000,116418.87,116820.0,116395.6,116800.12,525.61626
2025-09-16 20:00:00+00:00,1758052800000,116800.13,116908.83,116722.56,116839.47,367.21592
2025-09-16 21:00:00+00:00,1758056400000,116839.47,116940.26,116584.45,116800.51,295.98351
2025-09-16 22:00:00+00:00,1758060000000,116800.51,116964.27,116694.73,116855.58,312.66858
2025-09-16 23:00:00+00:00,1758063600000,116855.58,116920.46,116632.0,116788.96,262.99472
2025-09-17 00:00:00+00:00,1758067200000,116788.96,116832.0,116560.0,116560.01,269.7236
2025-09-17 01:00:00+00:00,1758070800000,116560.01,116768.0,116516.92,116662.25,267.74519
2025-09-17 02:00:00+00:00,1758074400000,116662.25,117077.16,116556.52,116686.43,742.4537
2025-09-17 03:00:00+00:00,1758078000000,116686.43,116758.83,116371.81,116372.04,377.8305
2025-09-17 04:00:00+00:00,1758081600000,116372.05,116480.01,116160.22,116313.49,262.15716
2025-09-17 05:00:00+00:00,1758085200000,116313.5,117214.0,116313.49,117108.3,894.88999
2025-09-17 06:00:00+00:00,1758088800000,117108.31,117286.73,116970.41,117234.27,770.01131
2025-09-17 07:00:00+00:00,1758092400000,117234.28,117275.0,117125.78,117162.48,557.97471
2025-09-17 08:00:00+00:00,1758096000000,117162.48,117189.86,116683.99,116860.0,635.73334
2025-09-17 09:00:00+00:00,1758099600000,116860.01,116860.01,116548.88,116550.01,380.39506
2025-09-17 10:00:00+00:00,1758103200000,116550.01,116604.26,116267.44,116359.14,356.93808
2025-09-17 11:00:00+00:00,1758106800000,116359.14,116383.87,116253.27,116258.13,282.02162
2025-09-17 12:00:00+00:00,1758110400000,116258.12,116516.93,116096.41,116204.94,387.04674
2025-09-17 13:00:00+00:00,1758114000000,116204.94,116330.75,115905.88,116107.19,664.85629
2025-09-17 14:00:00+00:00,1758117600000,116107.18,116240.0,115432.0,115606.61,1214.53614
2025-09-17 15:00:00+00:00,1758121200000,115606.62,115886.17,115527.48,115875.32,581.89144
2025-09-17 16:00:00+00:00,1758124800000,115875.33,115875.33,115386.21,115640.77,659.4146
2025-09-17 17:00:00+00:00,1758128400000,115640.76,116288.27,115500.0,115504.48,696.96558
2025-09-17 18:00:00+00:00,1758132000000,115504.49,116333.33,114720.81,115226.93,3427.38872
2025-09-17 19:00:00+00:00,1758135600000,115226.93,115989.2,115068.33,115652.02,955.04331
2025-09-17 20:00:00+00:00,1758139200000,115652.02,116140.2,115496.68,115621.47,455.26463
2025-09-17 21:00:00+00:00,1758142800000,115621.47,116120.0,115307.33,116038.39,336.05085
2025-09-17 22:00:00+00:00,1758146400000,116038.39,116823.72,116038.39,116559.69,741.17447
2025-09-17 23:00:00+00:00,1758150000000,116559.68,116990.68,116340.07,116447.59,836.73837
2025-09-18 00:00:00+00:00,1758153600000,116447.6,116470.52,116092.76,116350.65,442.99009
2025-09-18 01:00:00+00:00,1758157200000,116350.65,116869.46,116340.0,116634.84,440.77649
2025-09-18 02:00:00+00:00,1758160800000,116634.84,116959.96,116429.55,116950.47,318.2136
2025-09-18 03:00:00+00:00,1758164400000,116950.46,117896.0,116896.93,117581.66,1879.7006
2025-09-18 04:00:00+00:00,1758168000000,117581.67,117750.0,117219.5,117605.16,612.3817
2025-09-18 05:00:00+00:00,1758171600000,117605.16,117605.16,117176.1,117273.36,340.19852
2025-09-18 06:00:00+00:00,1758175200000,117273.37,117338.05,116888.02,117102.43,474.42047
2025-09-18 07:00:00+00:00,1758178800000,117102.43,117208.0,117048.81,117086.01,362.6272
2025-09-18 08:00:00+00:00,1758182400000,117086.01,117413.04,117010.59,117229.59,383.66591
2025-09-18 09:00:00+00:00,1758186000000,117229.58,117350.0,117107.57,117298.81,260.44715
2025-09-18 10:00:00+00:00,1758189600000,117298.82,117307.5,117078.72,117190.47,236.63641
2025-09-18 11:00:00+00:00,1758193200000,117190.48,117300.0,117013.77,117063.4,285.00282
2025-09-18 12:00:00+00:00,1758196800000,117063.41,117279.0,116977.59,117124.69,249.62123
2025-09-18 13:00:00+00:00,1758200400000,117124.69,117655.55,117004.28,117432.04,647.0176
2025-09-18 14:00:00+00:00,1758204000000,117432.04,117843.83,117400.54,117640.54,711.59459
2025-09-18 15:00:00+00:00,1758207600000,117640.54,117705.51,117322.41,117583.56,808.09852
2025-09-18 16:00:00+00:00,1758211200000,117583.56,117789.0,117500.01,117565.6,483.30991
2025-09-18 17:00:00+00:00,1758214800000,117565.59,117765.59,117418.45,117579.93,479.43176
2025-09-18 18:00:00+00:00,1758218400000,117579.94,117900.0,117512.11,117822.97,474.53821
2025-09-18 19:00:00+00:00,1758222000000,117822.98,117822.98,117196.33,117450.21,391.34362
2025-09-18 20:00:00+00:00,1758225600000,117450.21,117657.17,117337.95,117521.14,192.47211
2025-09-18 21:00:00+00:00,1758229200000,117521.14,117521.14,117299.21,117299.21,187.11636
2025-09-18 22:00:00+00:00,1758232800000,117299.21,117334.8,117027.34,117061.02,345.51742
2025-09-18 23:00:00+00:00,1758236400000,117061.02,117172.21,116612.03,117073.53,650.11136
2025-09-19 00:00:00+00:00,1758240000000,117073.53,117427.7,117020.0,117424.2,328.86734
2025-09-19 01:00:00+00:00,1758243600000,117424.21,117459.99,117118.21,117241.32,268.6749
2025-09-19 02:00:00+00:00,1758247200000,117241.32,117285.99,117044.13,117112.8,395.51641
2025-09-19 03:00:00+00:00,1758250800000,117112.81,117291.01,116871.61,116977.58,333.32919
2025-09-19 04:00:00+00:00,1758254400000,116977.58,117100.0,116700.02,116990.65,377.41298
2025-09-19 05:00:00+00:00,1758258000000,116990.65,117010.0,116780.75,116894.83,306.31482
2025-09-19 06:00:00+00:00,1758261600000,116894.83,116894.83,116633.86,116669.75,430.54942
2025-09-19 07:00:00+00:00,1758265200000,116669.76,116992.81,116665.0,116909.97,423.81384
2025-09-19 08:00:00+00:00,1758268800000,116909.98,117090.36,116882.47,116915.88,283.85786
2025-09-19 09:00:00+00:00,1758272400000,116915.88,116979.86,116488.0,116488.0,361.47256
2025-09-19 10:00:00+00:00,1758276000000,116488.0,116551.54,116434.23,116532.68,289.26548
2025-09-19 11:00:00+00:00,1758279600000,116532.68,116554.05,116300.0,116394.72,309.23241
2025-09-19 12:00:00+00:00,1758283200000,116394.72,116529.08,116133.66,116162.45,488.73837
2025-09-19 13:00:00+00:00,1758286800000,116162.45,116465.35,116075.0,116284.64,435.12378
2025-09-19 14:00:00+00:00,1758290400000,116284.63,116479.11,115800.0,115899.99,846.39402
2025-09-19 15:00:00+00:00,1758294000000,115899.99,115952.95,115464.19,115884.03,887.61948
2025-09-19 16:00:00+00:00,1758297600000,115884.03,116136.0,115800.0,116088.68,355.37234
2025-09-19 17:00:00+00:00,1758301200000,116088.68,116093.18,115538.67,115542.73,360.56628
2025-09-19 18:00:00+00:00,1758304800000,115542.73,115644.73,115382.98,115407.49,388.78402
2025-09-19 19:00:00+00:00,1758308400000,115407.49,115479.45,115112.58,115125.12,308.93231
2025-09-19 20:00:00+00:00,1758312000000,115125.13,115445.23,115100.0,115342.57,338.84816
2025-09-19 21:00:00+00:00,1758315600000,115342.56,115532.73,115306.07,115465.39,178.46294
2025-09-19 22:00:00+00:00,1758319200000,115465.39,115657.28,115465.39,115613.21,139.86142
2025-09-19 23:00:00+00:00,1758322800000,115613.21,115648.0,115448.01,115632.38,155.08032
2025-09-20 00:00:00+00:00,1758326400000,115632.39,115730.41,115548.92,115723.73,220.87363
2025-09-20 01:00:00+00:00,1758330000000,115723.72,115723.73,115610.84,115623.51,178.50409
2025-09-20 02:00:00+00:00,1758333600000,115623.5,115623.51,115444.0,115606.39,154.74621
2025-09-20 03:00:00+00:00,1758337200000,115606.4,115606.4,115408.47,115445.0,162.93905
2025-09-20 04:00:00+00:00,1758340800000,115445.0,115582.38,115409.08,115568.41,144.02474
2025-09-20 05:00:00+00:00,1758344400000,115568.41,115717.5,115512.63,115717.49,224.42562
2025-09-20 06:00:00+00:00,1758348000000,115717.49,115724.34,115625.85,115700.46,159.86607
2025-09-20 07:00:00+00:00,1758351600000,115700.47,115985.2,115683.47,115968.56,231.14483
2025-09-20 08:00:00+00:00,1758355200000,115968.56,115968.57,115700.01,115701.43,183.70782
2025-09-20 09:00:00+00:00,1758358800000,115701.43,115794.39,115664.11,115672.8,196.19831
2025-09-20 10:00:00+00:00,1758362400000,115672.8,115798.16,115672.79,115747.54,170.36368
2025-09-20 11:00:00+00:00,1758366000000,115747.54,115909.54,115747.54,115894.06,242.77605
2025-09-20 12:00:00+00:00,1758369600000,115894.05,115950.89,115804.47,115874.49,155.45643
2025-09-20 13:00:00+00:00,1758373200000,115874.5,115951.96,115859.48,115915.8,123.96705
2025-09-20 14:00:00+00:00,1758376800000,115915.79,116036.0,115883.3,115970.36,209.62425
2025-09-20 15:00:00+00:00,1758380400000,115970.36,116121.81,115946.91,115986.69,347.86651
2025-09-20 16:00:00+00:00,1758384000000,115986.7,116057.24,115882.58,116027.94,226.24762
2025-09-20 17:00:00+00:00,1758387600000,116027.95,116079.46,115817.28,115821.72,189.06923
2025-09-20 18:00:00+00:00,1758391200000,115821.73,115821.73,115700.0,115711.51,191.99051
2025-09-20 19:00:00+00:00,1758394800000,115711.51,115812.62,115698.08,115702.0,290.9007
2025-09-20 20:00:00+00:00,1758398400000,115702.0,115789.57,115689.91,115721.1,163.21635
2025-09-20 21:00:00+00:00,1758402000000,115721.1,115944.7,115721.1,115786.31,200.3631
2025-09-20 22:00:00+00:00,1758405600000,115786.3,115796.54,115742.14,115776.06,169.22355
2025-09-20 23:00:00+00:00,1758409200000,115776.06,115776.06,115603.42,115685.63,137.43212
2025-09-21 00:00:00+00:00,1758412800000,115685.63,115732.94,115559.97,115660.01,204.93197
2025-09-21 01:00:00+00:00,1758416400000,115660.01,115660.01,115500.0,115500.0,193.04313
2025-09-21 02:00:00+00:00,1758420000000,115500.01,115700.0,115441.83,115690.76,321.18986
2025-09-21 03:00:00+00:00,1758423600000,115690.76,115723.43,115616.38,115669.41,199.89426
2025-09-21 04:00:00+00:00,1758427200000,115669.42,115669.42,115494.22,115494.23,121.47731
2025-09-21 05:00:00+00:00,1758430800000,115494.23,115663.49,115487.56,115663.48,237.18676
2025-09-21 06:00:00+00:00,1758434400000,115663.48,115787.39,115663.48,115687.2,201.84931
2025-09-21 07:00:00+00:00,1758438000000,115687.21,115815.98,115615.0,115815.97,246.42642
2025-09-21 08:00:00+00:00,1758441600000,115815.98,115819.06,115560.94,115629.6,182.84602
2025-09-21 09:00:00+00:00,1758445200000,115629.6,115704.53,115329.03,115683.54,335.85586
2025-09-21 10:00:00+00:00,1758448800000,115683.53,115708.33,115504.13,115522.31,111.62025
2025-09-21 11:00:00+00:00,1758452400000,115522.31,115694.74,115522.31,115603.45,156.53082
2025-09-21 12:00:00+00:00,1758456000000,115603.45,115747.23,115603.44,115683.59,183.94971
2025-09-21 13:00:00+00:00,1758459600000,115683.59,115747.06,115645.2,115661.65,136.30562
2025-09-21 14:00:00+00:00,1758463200000,115661.65,115691.15,115500.0,115500.01,192.82816
2025-09-21 15:00:00+00:00,1758466800000,115500.0,115599.6,115473.19,115531.61,158.23691
2025-09-21 16:00:00+00:00,1758470400000,115531.62,115549.9,115209.02,115316.0,239.98829
2025-09-21 17:00:00+00:00,1758474000000,115316.01,115629.58,115249.94,115628.18,234.56593
2025-09-21 18:00:00+00:00,1758477600000,115628.19,115665.52,115513.98,115530.9,173.87321
2025-09-21 19:00:00+00:00,1758481200000,115530.89,115530.9,115318.02,115480.05,132.68903
2025-09-21 20:00:00+00:00,1758484800000,115480.05,115503.47,115307.51,115307.51,93.55507
2025-09-21 21:00:00+00:00,1758488400000,115307.52,115434.53,115250.01,115405.48,101.3744
2025-09-21 22:00:00+00:00,1758492000000,115405.48,115545.43,115188.0,115538.9,154.30721
2025-09-21 23:00:00+00:00,1758495600000,115538.91,115538.91,115200.0,115232.29,196.99668
2025-09-22 00:00:00+00:00,1758499200000,115232.29,115379.25,114290.16,114407.28,1196.13685
2025-09-22 01:00:00+00:00,1758502800000,114407.28,114750.0,114250.98,114273.45,660.65043
2025-09-22 02:00:00+00:00,1758506400000,114273.44,114618.89,114150.0,114187.81,895.13507
2025-09-22 03:00:00+00:00,1758510000000,114187.8,114654.36,114187.8,114649.89,326.66818
2025-09-22 04:00:00+00:00,1758513600000,114649.89,114649.9,114397.32,114433.53,208.01066
2025-09-22 05:00:00+00:00,1758517200000,114433.53,114551.8,113623.0,113691.19,753.79586
2025-09-22 06:00:00+00:00,1758520800000,113691.18,113698.38,111800.0,112800.77,5199.12797
2025-09-22 07:00:00+00:00,1758524400000,112800.77,112999.0,112476.17,112519.99,1129.8684
2025-09-22 08:00:00+00:00,1758528000000,112520.0,112780.0,112452.0,112629.07,810.01414
2025-09-22 09:00:00+00:00,1758531600000,112629.06,112662.87,112173.52,112336.62,1219.89658
2025-09-22 10:00:00+00:00,1758535200000,112336.62,112848.33,112262.22,112792.16,523.20588
2025-09-22 11:00:00+00:00,1758538800000,112792.16,112976.02,112683.49,112876.97,499.11385
2025-09-22 12:00:00+00:00,1758542400000,112876.97,112876.97,112520.0,112738.65,504.05132
2025-09-22 13:00:00+00:00,1758546000000,112738.64,113148.29,112380.0,113130.63,813.72754
2025-09-22 14:00:00+00:00,1758549600000,113130.63,113432.76,112754.15,112933.16,1386.14648
2025-09-22 15:00:00+00:00,1758553200000,112933.16,113024.23,112576.42,112815.5,609.57711
2025-09-22 16:00:00+00:00,1758556800000,112815.5,112888.0,112585.87,112600.68,359.00005
2025-09-22 17:00:00+00:00,1758560400000,112600.69,112622.95,112250.89,112398.66,595.0948
2025-09-22 18:00:00+00:00,1758564000000,112398.65,112816.55,112345.54,112429.13,470.04903
2025-09-22 19:00:00+00:00,1758567600000,112429.12,112600.87,111936.4,112122.9,1307.37365
2025-09-22 20:00:00+00:00,1758571200000,112122.9,112977.41,111975.28,112781.88,596.84005
2025-09-22 21:00:00+00:00,1758574800000,112781.87,112970.0,112602.79,112969.99,293.31156
2025-09-22 22:00:00+00:00,1758578400000,112969.99,112970.0,112594.33,112643.25,289.60715
2025-09-22 23:00:00+00:00,1758582000000,112643.25,112739.14,112592.2,112650.99,135.31095
2025-09-23 00:00:00+00:00,1758585600000,112650.99,112833.09,112385.23,112395.32,400.92095
2025-09-23 01:00:00+00:00,1758589200000,112395.32,112502.29,112138.88,112156.66,439.66589
2025-09-23 02:00:00+00:00,1758592800000,112156.66,112487.38,111674.0,111811.88,717.47413
2025-09-23 03:00:00+00:00,1758596400000,111811.88,112446.97,111478.0,112339.99,840.03485
2025-09-23 04:00:00+00:00,1758600000000,112339.99,112469.21,111876.15,112442.3,530.4818
2025-09-23 05:00:00+00:00,1758603600000,112442.29,112894.49,112413.01,112665.44,645.16259
2025-09-23 06:00:00+00:00,1758607200000,112665.44,113111.89,112616.93,112974.96,574.99132
2025-09-23 07:00:00+00:00,1758610800000,112974.97,113114.01,112882.48,113090.13,754.18067
2025-09-23 08:00:00+00:00,1758614400000,113090.13,113177.72,112936.98,113133.84,657.66339
2025-09-23 09:00:00+00:00,1758618000000,113133.84,113281.5,112888.0,112934.47,430.99222
2025-09-23 10:00:00+00:00,1758621600000,112934.48,113006.56,112828.62,112969.32,382.87944
2025-09-23 11:00:00+00:00,1758625200000,112969.32,113081.35,112683.33,112975.99,343.04129
2025-09-23 12:00:00+00:00,1758628800000,112975.99,113049.9,112811.4,112941.02,342.98937
2025-09-23 13:00:00+00:00,1758632400000,112941.01,113024.31,112722.78,112952.31,426.02927
2025-09-23 14:00:00+00:00,1758636000000,112952.32,113290.5,112571.81,112652.91,713.09459
2025-09-23 15:00:00+00:00,1758639600000,112652.91,113072.89,112496.61,112882.19,466.71943
2025-09-23 16:00:00+00:00,1758643200000,112882.2,112958.58,112486.37,112823.63,531.06975
2025-09-23 17:00:00+00:00,1758646800000,112823.62,112823.62,111888.0,111957.76,587.62346
2025-09-23 18:00:00+00:00,1758650400000,111957.76,112200.0,111686.9,111780.1,710.40527
2025-09-23 19:00:00+00:00,1758654000000,111780.09,111979.27,111540.2,111655.29,565.08344
2025-09-23 20:00:00+00:00,1758657600000,111655.29,111994.99,111458.73,111985.77,495.90964
2025-09-23 21:00:00+00:00,1758661200000,111985.78,112202.24,111893.44,112161.54,270.56814
2025-09-23 22:00:00+00:00,1758664800000,112161.53,112213.95,112002.16,112159.23,231.71626
2025-09-23 23:00:00+00:00,1758668400000,112159.24,112220.54,111879.73,111998.8,242.62314
2025-09-24 00:00:00+00:00,1758672000000,111998.8,112380.0,111816.86,112230.72,457.37128
2025-09-24 01:00:00+00:00,1758675600000,112230.73,112500.0,112140.0,112451.26,263.95045
2025-09-24 02:00:00+00:00,1758679200000,112451.25,112500.0,111896.43,112111.62,1045.64078
2025-09-24 03:00:00+00:00,1758682800000,112111.62,112223.15,111683.09,111683.09,1081.07058
2025-09-24 04:00:00+00:00,1758686400000,111683.1,112374.32,111042.66,112161.93,1377.98323
2025-09-24 05:00:00+00:00,1758690000000,112161.94,112666.74,112133.83,112636.84,480.95742
2025-09-24 06:00:00+00:00,1758693600000,112636.85,112779.37,112535.78,112596.69,508.56699
2025-09-24 07:00:00+00:00,1758697200000,112596.7,112742.06,112459.44,112583.54,538.1822
2025-09-24 08:00:00+00:00,1758700800000,112583.54,112636.85,112405.62,112622.8,369.32812
2025-09-24 09:00:00+00:00,1758704400000,112622.81,112837.42,112501.38,112735.06,247.34844
2025-09-24 10:00:00+00:00,1758708000000,112735.05,112960.0,112668.51,112941.98,402.84076
2025-09-24 11:00:00+00:00,1758711600000,112941.99,113162.17,112877.3,113029.46,548.21142
2025-09-24 12:00:00+00:00,1758715200000,113029.45,113097.99,112944.0,113070.69,272.77737
2025-09-24 13:00:00+00:00,1758718800000,113070.69,113222.69,112808.0,112823.62,578.33959
2025-09-24 14:00:00+00:00,1758722400000,112823.62,113890.0,112823.61,113720.64,966.18934
2025-09-24 15:00:00+00:00,1758726000000,113720.64,113883.68,113257.01,113346.41,717.74437
2025-09-24 16:00:00+00:00,1758729600000,113346.4,113753.0,113163.21,113732.01,447.67953
2025-09-24 17:00:00+00:00,1758733200000,113732.01,113940.0,113616.0,113761.3,361.88913
2025-09-24 18:00:00+00:00,1758736800000,113761.31,113830.66,113512.53,113639.8,202.61449
2025-09-24 19:00:00+00:00,1758740400000,113639.8,113682.46,113292.25,113420.01,306.5127
2025-09-24 20:00:00+00:00,1758744000000,113420.0,113609.25,113401.99,113501.52,233.37909
2025-09-24 21:00:00+00:00,1758747600000,113501.52,113584.02,113283.99,113339.63,274.44453
2025-09-24 22:00:00+00:00,1758751200000,113339.63,113647.58,113250.59,113336.33,268.57434
2025-09-24 23:00:00+00:00,1758754800000,113336.34,113429.12,113204.71,113307.0,417.66352
2025-09-25 00:00:00+00:00,1758758400000,113307.01,113510.23,112960.0,113062.35,567.08586
2025-09-25 01:00:00+00:00,1758762000000,113062.35,113369.98,112446.15,112661.24,1139.29698
2025-09-25 02:00:00+00:00,1758765600000,112661.24,113179.94,112510.06,112907.38,569.88139
2025-09-25 03:00:00+00:00,1758769200000,112907.38,112907.39,112214.74,112546.21,773.34995
2025-09-25 04:00:00+00:00,1758772800000,112546.22,112614.43,111584.23,111735.66,1337.55309
2025-09-25 05:00:00+00:00,1758776400000,111735.67,112040.0,111597.86,111749.91,705.54263
2025-09-25 06:00:00+00:00,1758780000000,111749.91,111843.3,111515.87,111533.26,371.96659
2025-09-25 07:00:00+00:00,1758783600000,111533.26,111883.23,111450.42,111766.72,515.14719
2025-09-25 08:00:00+00:00,1758787200000,111766.73,112031.18,111689.38,111727.21,537.9101
2025-09-25 09:00:00+00:00,1758790800000,111727.2,112246.46,111571.57,111571.58,771.79377
2025-09-25 10:00:00+00:00,1758794400000,111571.58,111854.12,111525.81,111648.19,434.41742
2025-09-25 11:00:00+00:00,1758798000000,111648.19,111728.48,111283.63,111348.0,543.64106
2025-09-25 12:00:00+00:00,1758801600000,111347.99,111656.81,111020.0,111111.0,1058.2697
2025-09-25 13:00:00+00:00,1758805200000,111111.01,111719.05,110629.99,111000.0,2220.16862
2025-09-25 14:00:00+00:00,1758808800000,111000.0,111729.52,110983.03,111540.0,856.73547
2025-09-25 15:00:00+00:00,1758812400000,111540.01,111587.75,110868.9,111580.77,599.58449
2025-09-25 16:00:00+00:00,1758816000000,111580.77,111672.58,110904.91,110957.29,585.10481
2025-09-25 17:00:00+00:00,1758819600000,110957.28,110968.4,108654.0,108833.63,2899.70308
2025-09-25 18:00:00+00:00,1758823200000,108833.63,109801.78,108631.51,109760.2,1427.42291
2025-09-25 19:00:00+00:00,1758826800000,109760.2,109973.4,109302.54,109360.0,1217.19366
2025-09-25 20:00:00+00:00,1758830400000,109360.0,109482.62,109057.06,109163.44,424.7182
2025-09-25 21:00:00+00:00,1758834000000,109163.45,109666.3,109074.11,109420.0,347.85454
2025-09-25 22:00:00+00:00,1758837600000,109420.0,109587.99,109261.02,109419.97,280.53982
2025-09-25 23:00:00+00:00,1758841200000,109419.97,109685.72,108765.0,108994.49,1046.26824
2025-09-26 00:00:00+00:00,1758844800000,108994.49,109614.67,108809.24,109472.13,868.75424
2025-09-26 01:00:00+00:00,1758848400000,109472.12,109762.59,109313.17,109680.4,452.15578
2025-09-26 02:00:00+00:00,1758852000000,109680.39,109798.84,109487.26,109621.7,497.29551
2025-09-26 03:00:00+00:00,1758855600000,109621.7,109635.8,109293.25,109580.01,504.99021
2025-09-26 04:00:00+00:00,1758859200000,109580.0,109625.94,109250.87,109338.01,315.34456
2025-09-26 05:00:00+00:00,1758862800000,109338.02,109579.99,109085.78,109252.79,371.75832
2025-09-26 06:00:00+00:00,1758866400000,109252.79,109624.16,109016.0,109360.0,592.34105
2025-09-26 07:00:00+00:00,1758870000000,109360.0,109593.49,108913.0,109320.02,1776.45411
2025-09-26 08:00:00+00:00,1758873600000,109320.02,109607.5,109304.72,109567.2,575.78415
2025-09-26 09:00:00+00:00,1758877200000,109567.2,109690.98,109393.37,109568.72,441.33309
2025-09-26 10:00:00+00:00,1758880800000,109568.72,109568.72,108697.42,108895.0,735.10273
2025-09-26 11:00:00+00:00,1758884400000,108894.99,109200.0,108620.07,109133.5,923.24217
2025-09-26 12:00:00+00:00,1758888000000,109133.5,109579.0,108824.82,109372.68,863.36244
2025-09-26 13:00:00+00:00,1758891600000,109372.68,109779.73,109000.0,109669.73,991.99403
2025-09-26 14:00:00+00:00,1758895200000,109669.72,109779.73,108764.76,108836.0,900.4525
2025-09-26 15:00:00+00:00,1758898800000,108836.0,109358.5,108802.04,109027.78,486.11543
2025-09-26 16:00:00+00:00,1758902400000,109027.79,109618.0,109027.78,109460.01,291.37899
2025-09-26 17:00:00+00:00,1758906000000,109460.0,110000.0,109392.35,109899.99,627.01224
2025-09-26 18:00:00+00:00,1758909600000,109900.0,110300.0,109700.0,109727.99,571.22129
2025-09-26 19:00:00+00:00,1758913200000,109727.99,109727.99,109030.41,109172.2,603.81607
2025-09-26 20:00:00+00:00,1758916800000,109172.21,109347.59,109087.57,109288.44,245.23004
2025-09-26 21:00:00+00:00,1758920400000,109288.45,109530.0,109189.17,109469.07,210.90009
2025-09-26 22:00:00+00:00,1758924000000,109469.07,109607.38,109348.0,109558.25,183.31873
2025-09-26 23:00:00+00:00,1758927600000,109558.24,109687.69,109432.07,109643.46,213.65814
2025-09-27 00:00:00+00:00,1758931200000,109643.46,109660.88,109472.23,109649.29,268.55384
2025-09-27 01:00:00+00:00,1758934800000,109649.29,109657.45,109330.08,109431.92,230.21003
2025-09-27 02:00:00+00:00,1758938400000,109431.92,109482.64,109324.42,109408.18,280.63961
2025-09-27 03:00:00+00:00,1758942000000,109408.18,109743.91,109384.63,109553.77,262.25571
2025-09-27 04:00:00+00:00,1758945600000,109553.77,109742.27,109514.63,109654.99,248.07725
2025-09-27 05:00:00+00:00,1758949200000,109654.99,109684.29,109593.65,109635.72,128.97939
2025-09-27 06:00:00+00:00,1758952800000,109635.73,109635.73,109481.44,109541.36,241.06138
2025-09-27 07:00:00+00:00,1758956400000,109541.36,109570.36,109332.02,109411.2,290.72314
2025-09-27 08:00:00+00:00,1758960000000,109411.19,109411.2,109252.0,109252.01,379.23249
2025-09-27 09:00:00+00:00,1758963600000,109252.01,109347.59,109064.4,109292.73,409.97831
2025-09-27 10:00:00+00:00,1758967200000,109292.74,109477.69,109256.07,109431.7,322.59239
2025-09-27 11:00:00+00:00,1758970800000,109431.71,109440.65,109280.0,109310.21,244.4871
2025-09-27 12:00:00+00:00,1758974400000,109310.22,109477.59,109227.14,109400.05,336.07633
2025-09-27 13:00:00+00:00,1758978000000,109400.06,109412.14,109299.64,109306.61,336.77227
2025-09-27 14:00:00+00:00,1758981600000,109306.61,109387.51,109255.9,109287.89,273.62629
2025-09-27 15:00:00+00:00,1758985200000,109287.89,109427.4,109193.0,109402.24,204.90854
2025-09-27 16:00:00+00:00,1758988800000,109402.25,109427.76,109308.0,109389.04,176.55452
2025-09-27 17:00:00+00:00,1758992400000,109389.05,109410.0,109243.89,109382.47,183.15972
2025-09-27 18:00:00+00:00,1758996000000,109382.48,109434.99,109345.11,109434.96,154.7658
2025-09-27 19:00:00+00:00,1758999600000,109434.96,109440.0,109383.48,109424.2,76.33855
2025-09-27 20:00:00+00:00,1759003200000,109424.21,109435.0,109362.72,109390.0,60.18528
2025-09-27 21:00:00+00:00,1759006800000,109390.0,109483.55,109389.47,109474.99,119.69499
2025-09-27 22:00:00+00:00,1759010400000,109474.98,109699.98,109474.98,109605.62,175.35372
2025-09-27 23:00:00+00:00,1759014000000,109605.63,109683.16,109461.53,109635.85,97.55978
2025-09-28 00:00:00+00:00,1759017600000,109635.85,109787.75,109548.0,109607.81,283.02575
2025-09-28 01:00:00+00:00,1759021200000,109607.81,109654.85,109325.05,109353.67,221.5149
2025-09-28 02:00:00+00:00,1759024800000,109353.68,109535.0,109353.67,109447.55,194.54739
2025-09-28 03:00:00+00:00,1759028400000,109447.54,109535.0,109409.17,109436.0,123.06023
2025-09-28 04:00:00+00:00,1759032000000,109436.0,109486.1,109365.88,109365.9,99.29239
2025-09-28 05:00:00+00:00,1759035600000,109365.9,109398.0,109356.42,109356.43,124.07352
2025-09-28 06:00:00+00:00,1759039200000,109356.44,109455.97,109260.0,109410.0,167.02015
2025-09-28 07:00:00+00:00,1759042800000,109410.0,109537.8,109350.0,109513.06,178.6647
2025-09-28 08:00:00+00:00,1759046400000,109513.06,109585.39,109423.21,109509.91,216.27847
2025-09-28 09:00:00+00:00,1759050000000,109509.91,109559.89,109323.88,109519.42,209.63846
2025-09-28 10:00:00+00:00,1759053600000,109519.43,109519.43,109368.43,109368.44,143.70537
2025-09-28 11:00:00+00:00,1759057200000,109368.43,109447.28,109250.0,109369.02,293.31231
2025-09-28 12:00:00+00:00,1759060800000,109369.02,109451.04,109189.99,109314.99,308.15163
2025-09-28 13:00:00+00:00,1759064400000,109314.99,109668.98,109314.98,109639.0,332.00919
2025-09-28 14:00:00+00:00,1759068000000,109639.0,109888.0,109502.56,109850.01,370.11862
2025-09-28 15:00:00+00:00,1759071600000,109850.0,110037.93,109712.23,110037.93,338.92347
2025-09-28 16:00:00+00:00,1759075200000,110037.92,110393.63,110008.54,110222.02,516.23853
2025-09-28 17:00:00+00:00,1759078800000,110222.01,110377.05,110130.26,110203.52,374.79675
2025-09-28 18:00:00+00:00,1759082400000,110203.53,110293.56,110060.88,110293.56,140.49771
2025-09-28 19:00:00+00:00,1759086000000,110293.56,110388.46,110119.71,110337.6,184.24395
2025-09-28 20:00:00+00:00,1759089600000,110337.61,110945.0,110294.78,110803.8,510.0654
2025-09-28 21:00:00+00:00,1759093200000,110803.8,110896.33,110640.81,110833.99,275.55071
2025-09-28 22:00:00+00:00,1759096800000,110833.99,112014.0,110833.99,111938.51,1130.21918
2025-09-28 23:00:00+00:00,1759100400000,111938.51,112350.0,111938.51,112163.95,807.38282
2025-09-29 00:00:00+00:00,1759104000000,112163.96,112309.98,111985.0,112260.57,716.5866
2025-09-29 01:00:00+00:00,1759107600000,112260.57,112310.0,111721.79,111855.3,649.21896
2025-09-29 02:00:00+00:00,1759111200000,111855.3,112022.27,111632.72,111750.02,621.54504
2025-09-29 03:00:00+00:00,1759114800000,111750.02,111857.51,111588.07,111857.51,310.12302
2025-09-29 04:00:00+00:00,1759118400000,111857.51,111904.34,111750.0,111812.0,278.79762
2025-09-29 05:00:00+00:00,1759122000000,111812.01,111812.01,111575.38,111753.34,348.73721
2025-09-29 06:00:00+00:00,1759125600000,111753.34,111850.0,111624.0,111632.83,334.53443
2025-09-29 07:00:00+00:00,1759129200000,111632.83,111865.96,111560.65,111865.95,869.2909
2025-09-29 08:00:00+00:00,1759132800000,111865.96,112421.99,111865.95,112099.75,787.97678
2025-09-29 09:00:00+00:00,1759136400000,112099.74,112219.0,111988.13,112110.9,460.23123
2025-09-29 10:00:00+00:00,1759140000000,112110.9,112225.0,112012.73,112090.18,476.12298
2025-09-29 11:00:00+00:00,1759143600000,112090.19,112112.86,111923.13,112100.0,401.91096
2025-09-29 12:00:00+00:00,1759147200000,112100.0,112515.0,111940.0,112022.16,744.63691
2025-09-29 13:00:00+00:00,1759150800000,112022.0,113490.0,111901.26,113227.29,1670.66371
2025-09-29 14:00:00+00:00,1759154400000,113227.29,114231.56,113220.21,114033.53,1791.07159
2025-09-29 15:00:00+00:00,1759158000000,114033.54,114127.13,113686.06,113815.57,858.42631
2025-09-29 16:00:00+00:00,1759161600000,113815.57,114053.0,113600.0,113626.15,728.01207
2025-09-29 17:00:00+00:00,1759165200000,113626.15,114151.0,113449.74,114043.91,843.56729
2025-09-29 18:00:00+00:00,1759168800000,114043.92,114137.73,113867.02,114008.79,396.89151
2025-09-29 19:00:00+00:00,1759172400000,114008.78,114390.93,113848.63,114265.55,747.93438
2025-09-29 20:00:00+00:00,1759176000000,114265.56,114400.0,114122.12,114258.29,497.44944
2025-09-29 21:00:00+00:00,1759179600000,114258.29,114329.8,114095.36,114176.73,218.26557
2025-09-29 22:00:00+00:00,1759183200000,114176.72,114216.41,114020.0,114189.81,443.81221
2025-09-29 23:00:00+00:00,1759186800000,114189.8,114395.92,114189.8,114311.96,345.31333
2025-09-30 00:00:00+00:00,1759190400000,114311.97,114758.0,114040.35,114525.97,953.85322
2025-09-30 01:00:00+00:00,1759194000000,114525.97,114792.0,114255.38,114500.31,766.2566
2025-09-30 02:00:00+00:00,1759197600000,114500.32,114583.19,114360.0,114455.96,385.99253
2025-09-30 03:00:00+00:00,1759201200000,114455.96,114514.5,114303.06,114376.39,388.27883
2025-09-30 04:00:00+00:00,1759204800000,114376.39,114376.4,114091.62,114091.63,355.43204
2025-09-30 05:00:00+00:00,1759208400000,114091.63,114205.17,113827.24,113904.0,698.31455
2025-09-30 06:00:00+00:00,1759212000000,113904.0,114084.22,113838.41,113891.64,527.62041
2025-09-30 07:00:00+00:00,1759215600000,113891.64,113994.61,113585.0,113699.23,745.45417
2025-09-30 08:00:00+00:00,1759219200000,113699.24,113741.37,113350.35,113451.89,653.46315
2025-09-30 09:00:00+00:00,1759222800000,113451.89,113451.89,112731.41,112781.97,995.05591
2025-09-30 10:00:00+00:00,1759226400000,112781.97,113085.23,112656.27,112923.49,721.99583
2025-09-30 11:00:00+00:00,1759230000000,112923.5,113135.44,112810.62,113055.01,498.77683
2025-09-30 12:00:00+00:00,1759233600000,113055.0,113255.99,112990.75,113002.06,347.5946
2025-09-30 13:00:00+00:00,1759237200000,113002.06,113677.23,112866.11,113404.53,823.64679
2025-09-30 14:00:00+00:00,1759240800000,113404.53,113630.13,112900.0,113595.05,910.17644
2025-09-30 15:00:00+00:00,1759244400000,113595.04,113598.27,112919.95,113106.16,758.86878
2025-09-30 16:00:00+00:00,1759248000000,113106.15,113279.92,112800.0,112841.24,386.78887
2025-09-30 17:00:00+00:00,1759251600000,112841.23,113503.99,112813.82,113246.11,745.57241
2025-09-30 18:00:00+00:00,1759255200000,113246.12,113714.56,113177.37,113714.56,431.8583
2025-09-30 19:00:00+00:00,1759258800000,113714.55,114563.46,113702.01,114359.99,971.66803
2025-09-30 20:00:00+00:00,1759262400000,114359.99,114723.57,114110.09,114626.36,710.64838
2025-09-30 21:00:00+00:00,1759266000000,114626.36,114754.87,114136.5,114161.0,649.46746
2025-09-30 22:00:00+00:00,1759269600000,114161.0,114356.98,113883.01,113940.39,348.9346
2025-09-30 23:00:00+00:00,1759273200000,113940.4,114048.94,113765.42,114048.93,268.4376
2025-10-01 00:00:00+00:00,1759276800000,114048.94,114308.0,113966.67,114239.53,434.59016
2025-10-01 01:00:00+00:00,1759280400000,114239.53,114550.0,114142.99,114549.99,597.2536
2025-10-01 02:00:00+00:00,1759284000000,114549.99,114551.76,114272.15,114272.15,508.42422
2025-10-01 03:00:00+00:00,1759287600000,114272.16,114530.48,114096.58,114176.92,502.30318
2025-10-01 04:00:00+00:00,1759291200000,114176.93,114700.0,114151.0,114289.01,597.89328
2025-10-01 05:00:00+00:00,1759294800000,114289.02,114740.0,114265.63,114569.84,559.75519
2025-10-01 06:00:00+00:00,1759298400000,114569.84,114624.3,114224.88,114256.81,392.52281
2025-10-01 07:00:00+00:00,1759302000000,114256.82,114584.35,114236.59,114539.02,446.26236
2025-10-01 08:00:00+00:00,1759305600000,114539.02,116591.8,114484.43,116111.28,2944.06599
2025-10-01 09:00:00+00:00,1759309200000,116111.27,116529.93,115950.0,116412.1,1081.73774
2025-10-01 10:00:00+00:00,1759312800000,116412.1,116551.0,116203.5,116281.64,549.64831
2025-10-01 11:00:00+00:00,1759316400000,116281.64,116795.85,116269.0,116789.58,642.47832
2025-10-01 12:00:00+00:00,1759320000000,116789.57,116887.0,116363.38,116402.65,645.19981
2025-10-01 13:00:00+00:00,1759323600000,116402.65,116843.73,116399.5,116806.96,1233.59755
2025-10-01 14:00:00+00:00,1759327200000,116806.96,117441.26,116704.74,117292.74,1631.53193
2025-10-01 15:00:00+00:00,1759330800000,117292.73,117649.99,117091.84,117423.73,1008.01671
2025-10-01 16:00:00+00:00,1759334400000,117423.73,118199.0,117319.04,117535.79,1840.40868
2025-10-01 17:00:00+00:00,1759338000000,117535.79,117681.27,116724.56,116768.07,962.36022
2025-10-01 18:00:00+00:00,1759341600000,116768.08,117339.09,116768.07,117234.01,528.26692
2025-10-01 19:00:00+00:00,1759345200000,117234.01,117623.59,117214.8,117439.53,483.28734
2025-10-01 20:00:00+00:00,1759348800000,117439.53,117542.24,117163.25,117536.12,412.83403
2025-10-01 21:00:00+00:00,1759352400000,117536.13,117579.43,117339.54,117554.96,278.91184
2025-10-01 22:00:00+00:00,1759356000000,117554.95,118080.0,117554.95,117745.39,593.82096
2025-10-01 23:00:00+00:00,1759359600000,117745.39,118649.1,117686.28,118594.99,1161.22401
2025-10-02 00:00:00+00:00,1759363200000,118594.99,119456.92,118397.32,118428.46,2212.72285
2025-10-02 01:00:00+00:00,1759366800000,118428.46,118894.12,118368.05,118617.37,734.6179
2025-10-02 02:00:00+00:00,1759370400000,118617.37,118784.87,118483.39,118753.73,644.14993
2025-10-02 03:00:00+00:00,1759374000000,118753.73,119058.82,118688.61,118733.99,595.85707
2025-10-02 04:00:00+00:00,1759377600000,118733.99,118930.29,118432.64,118662.04,410.46135
2025-10-02 05:00:00+00:00,1759381200000,118662.04,118677.32,118279.31,118377.34,484.81157
2025-10-02 06:00:00+00:00,1759384800000,118377.34,118672.34,118295.87,118649.06,380.89847
2025-10-02 07:00:00+00:00,1759388400000,118649.07,118678.98,118424.0,118489.76,496.19299
2025-10-02 08:00:00+00:00,1759392000000,118489.76,118680.0,118354.61,118668.89,309.01675
2025-10-02 09:00:00+00:00,1759395600000,118668.89,118850.0,118567.0,118849.99,343.02582
2025-10-02 10:00:00+00:00,1759399200000,118849.99,118926.49,118567.85,118619.56,393.64914
2025-10-02 11:00:00+00:00,1759402800000,118619.55,118900.01,118537.1,118765.73,414.31674
2025-10-02 12:00:00+00:00,1759406400000,118765.72,119402.43,118742.91,119402.42,924.16679
2025-10-02 13:00:00+00:00,1759410000000,119402.43,119761.36,118933.25,119621.2,1531.32643
2025-10-02 14:00:00+00:00,1759413600000,119621.19,119788.0,118642.2,118814.09,1237.9215
2025-10-02 15:00:00+00:00,1759417200000,118814.09,119910.79,118516.39,119910.78,1405.75154
2025-10-02 16:00:00+00:00,1759420800000,119910.78,120300.0,119607.82,119731.4,1570.77716
2025-10-02 17:00:00+00:00,1759424400000,119731.4,119956.84,119359.63,119917.52,625.48952
2025-10-02 18:00:00+00:00,1759428000000,119917.52,120663.96,119907.01,120506.61,1340.0858
2025-10-02 19:00:00+00:00,1759431600000,120506.6,121022.07,120439.97,120836.49,1332.75893
2025-10-02 20:00:00+00:00,1759435200000,120836.49,120914.0,120306.02,120652.01,833.01817
2025-10-02 21:00:00+00:00,1759438800000,120652.01,120774.97,120141.72,120150.1,546.60875
2025-10-02 22:00:00+00:00,1759442400000,120150.1,120412.24,120072.46,120257.49,379.08266
2025-10-02 23:00:00+00:00,1759446000000,120257.49,120680.35,120251.81,120529.35,524.1272
2025-10-03 00:00:00+00:00,1759449600000,120529.35,120550.9,120079.0,120132.8,776.43359
2025-10-03 01:00:00+00:00,1759453200000,120132.8,120293.68,119820.0,119875.72,537.61051
2025-10-03 02:00:00+00:00,1759456800000,119875.72,120269.11,119866.18,120157.82,451.19476
2025-10-03 03:00:00+00:00,1759460400000,120157.82,120472.12,120157.82,120225.89,503.41637
2025-10-03 04:00:00+00:00,1759464000000,120225.88,120324.53,120000.4,120039.98,289.32576
2025-10-03 05:00:00+00:00,1759467600000,120039.98,120065.41,119746.81,119920.4,454.732
2025-10-03 06:00:00+00:00,1759471200000,119920.41,120075.62,119765.99,119916.93,356.16347
2025-10-03 07:00:00+00:00,1759474800000,119916.94,120011.05,119610.59,119640.21,1193.694
2025-10-03 08:00:00+00:00,1759478400000,119640.22,120072.59,119248.3,120038.6,1368.04834
2025-10-03 09:00:00+00:00,1759482000000,120038.6,120365.35,120008.6,120300.0,1073.47178
2025-10-03 10:00:00+00:00,1759485600000,120300.01,120515.89,120271.18,120425.95,575.58075
2025-10-03 11:00:00+00:00,1759489200000,120425.95,120471.0,120130.76,120334.5,450.30439
2025-10-03 12:00:00+00:00,1759492800000,120334.51,120400.0,120102.18,120358.07,423.63897
2025-10-03 13:00:00+00:00,1759496400000,120358.07,120691.44,120113.0,120374.73,795.86923
2025-10-03 14:00:00+00:00,1759500000000,120374.72,120975.0,119881.24,120917.85,1151.84039
2025-10-03 15:00:00+00:00,1759503600000,120917.1,122366.0,120641.27,122258.05,2558.07247
2025-10-03 16:00:00+00:00,1759507200000,122258.04,123894.99,122258.04,122553.3,4679.2754
2025-10-03 17:00:00+00:00,1759510800000,122553.3,123113.97,121603.42,122073.25,2932.08887
2025-10-03 18:00:00+00:00,1759514400000,122073.26,122732.12,121466.25,122538.46,1175.09154
2025-10-03 19:00:00+00:00,1759518000000,122538.46,122961.63,122355.08,122660.99,661.21371
2025-10-03 20:00:00+00:00,1759521600000,122661.0,122734.92,122037.43,122447.94,617.65815
2025-10-03 21:00:00+00:00,1759525200000,122447.94,122452.1,121999.33,122306.57,392.75542
2025-10-03 22:00:00+00:00,1759528800000,122306.57,122665.0,122306.56,122477.0,227.9953
2025-10-03 23:00:00+00:00,1759532400000,122477.0,122477.0,122180.79,122232.0,290.85283
2025-10-04 00:00:00+00:00,1759536000000,122232.21,122295.56,121982.23,122100.0,444.36212
2025-10-04 01:00:00+00:00,1759539600000,122100.0,122103.24,121698.8,121865.21,486.29697
2025-10-04 02:00:00+00:00,1759543200000,121865.22,122030.0,121684.97,121854.53,443.51459
2025-10-04 03:00:00+00:00,1759546800000,121854.53,122325.6,121829.54,122243.99,356.40352
2025-10-04 04:00:00+00:00,1759550400000,122243.99,122522.0,122219.3,122495.0,315.41672
2025-10-04 05:00:00+00:00,1759554000000,122495.01,122800.0,122405.64,122522.7,588.87932
2025-10-04 06:00:00+00:00,1759557600000,122522.7,122606.86,122373.9,122430.27,358.53969
2025-10-04 07:00:00+00:00,1759561200000,122430.27,122455.0,122259.98,122324.08,253.33958
2025-10-04 08:00:00+00:00,1759564800000,122324.08,122539.83,122197.63,122267.57,499.0421
2025-10-04 09:00:00+00:00,1759568400000,122267.58,122457.17,122186.03,122208.78,244.01487
2025-10-04 10:00:00+00:00,1759572000000,122208.79,122331.01,122099.69,122129.53,208.78248
2025-10-04 11:00:00+00:00,1759575600000,122129.53,122215.97,121962.81,121973.26,316.89688
2025-10-04 12:00:00+00:00,1759579200000,121973.26,122103.0,121945.0,122005.62,214.19564
2025-10-04 13:00:00+00:00,1759582800000,122005.62,122509.52,122005.62,122385.42,319.16828
2025-10-04 14:00:00+00:00,1759586400000,122385.42,122459.98,122000.0,122000.01,229.86148
2025-10-04 15:00:00+00:00,1759590000000,122000.01,122144.28,121698.88,121791.31,700.83126
2025-10-04 16:00:00+00:00,1759593600000,121791.31,121964.95,121595.67,121719.99,652.05349
2025-10-04 17:00:00+00:00,1759597200000,121720.0,121910.24,121660.57,121747.37,289.33463
2025-10-04 18:00:00+00:00,1759600800000,121747.36,121829.69,121510.0,121574.66,288.12119
2025-10-04 19:00:00+00:00,1759604400000,121574.66,121959.25,121574.65,121959.25,213.72533
2025-10-04 20:00:00+00:00,1759608000000,121959.25,122079.65,121891.49,121892.89,211.24587
2025-10-04 21:00:00+00:00,1759611600000,121892.89,122347.55,121871.01,122190.67,282.5404
2025-10-04 22:00:00+00:00,1759615200000,122190.67,122365.14,122139.98,122287.19,158.14137
2025-10-04 23:00:00+00:00,1759618800000,122287.19,122410.0,122214.0,122391.0,133.459
2025-10-05 00:00:00+00:00,1759622400000,122390.99,122410.0,122157.7,122157.7,191.66559
2025-10-05 01:00:00+00:00,1759626000000,122157.71,122410.0,122136.0,122377.72,308.73428
2025-10-05 02:00:00+00:00,1759629600000,122377.71,124362.28,122342.0,124031.44,2633.63494
2025-10-05 03:00:00+00:00,1759633200000,124031.44,124173.0,123344.98,123776.22,1077.99134
2025-10-05 04:00:00+00:00,1759636800000,123776.23,125708.42,123734.0,125172.81,3667.071773
2025-10-05 05:00:00+00:00,1759640400000,125172.81,125437.91,124876.72,125127.99,1956.24996
2025-10-05 06:00:00+00:00,1759644000000,125127.99,125225.54,124805.34,125000.01,821.20016
2025-10-05 07:00:00+00:00,1759647600000,125000.01,125164.26,124622.6,124713.63,898.02731
2025-10-05 08:00:00+00:00,1759651200000,124713.63,124838.37,124558.0,124595.99,532.28794
2025-10-05 09:00:00+00:00,1759654800000,124596.0,124665.37,122789.35,123020.5,2214.92936
2025-10-05 10:00:00+00:00,1759658400000,123020.51,123130.0,122520.24,123028.01,993.89021
2025-10-05 11:00:00+00:00,1759662000000,123028.01,123538.46,122850.0,123464.64,714.20213
2025-10-05 12:00:00+00:00,1759665600000,123464.64,123464.65,122927.17,123085.88,573.79261
2025-10-05 13:00:00+00:00,1759669200000,123085.89,123358.83,123070.46,123161.39,684.83212
2025-10-05 14:00:00+00:00,1759672800000,123161.4,123339.42,122770.32,123034.67,553.48643
2025-10-05 15:00:00+00:00,1759676400000,123034.67,123034.67,122675.0,122803.17,420.97888
2025-10-05 16:00:00+00:00,1759680000000,122803.17,123348.45,122301.63,123265.54,1014.58046
2025-10-05 17:00:00+00:00,1759683600000,123265.55,123464.0,122890.38,123057.05,390.32827
2025-10-05 18:00:00+00:00,1759687200000,123057.05,123220.3,122856.05,122999.44,586.52026
2025-10-05 19:00:00+00:00,1759690800000,122999.44,123026.0,122500.0,122591.79,394.73151
2025-10-05 20:00:00+00:00,1759694400000,122591.8,123055.05,122473.62,122705.32,347.70826
2025-10-05 21:00:00+00:00,1759698000000,122705.31,122801.44,122489.85,122729.99,239.86372
2025-10-05 22:00:00+00:00,1759701600000,122730.0,123278.76,122730.0,123237.4,329.01936
2025-10-05 23:00:00+00:00,1759705200000,123237.4,123548.83,123219.62,123482.31,497.37068
2025-10-06 00:00:00+00:00,1759708800000,123482.32,124358.46,123084.0,123347.29,1305.09536
2025-10-06 01:00:00+00:00,1759712400000,123347.29,124239.7,123192.01,124035.32,720.59287
2025-10-06 02:00:00+00:00,1759716000000,124035.33,124244.93,123476.04,124110.61,696.06889
2025-10-06 03:00:00+00:00,1759719600000,124110.61,124126.31,123742.64,123839.09,303.52731
2025-10-06 04:00:00+00:00,1759723200000,123839.09,123988.0,123554.27,123580.26,374.67011
2025-10-06 05:00:00+00:00,1759726800000,123580.27,123750.0,123294.93,123586.0,558.79238
2025-10-06 06:00:00+00:00,1759730400000,123586.01,124165.56,123586.0,123947.9,527.83575
2025-10-06 07:00:00+00:00,1759734000000,123947.91,124035.89,123280.49,123390.47,749.33011
2025-10-06 08:00:00+00:00,1759737600000,123390.47,123880.0,123390.46,123846.55,556.77898
2025-10-06 09:00:00+00:00,1759741200000,123846.56,124056.73,123779.31,123955.3,791.39727
2025-10-06 10:00:00+00:00,1759744800000,123955.29,124142.85,123899.42,123978.0,459.97878
2025-10-06 11:00:00+00:00,1759748400000,123978.0,124531.66,123735.73,124215.0,960.05678
2025-10-06 12:00:00+00:00,1759752000000,124215.0,124691.81,124178.0,124556.64,977.10945
2025-10-06 13:00:00+00:00,1759755600000,124556.65,125079.85,124385.74,125031.33,1406.49106
2025-10-06 14:00:00+00:00,1759759200000,125031.34,125330.0,124339.38,124530.0,1331.91784
2025-10-06 15:00:00+00:00,1759762800000,124529.99,125408.29,124513.35,125000.0,852.17645
2025-10-06 16:00:00+00:00,1759766400000,125000.0,125499.63,124800.0,125455.24,911.48586
2025-10-06 17:00:00+00:00,1759770000000,125455.25,125819.2,125126.67,125284.0,1451.39316
2025-10-06 18:00:00+00:00,1759773600000,125284.01,126199.63,125044.46,126011.18,1439.873253
2025-10-06 19:00:00+00:00,1759777200000,126011.18,126134.71,125252.74,125410.81,919.42008
2025-10-06 20:00:00+00:00,1759780800000,125410.8,125534.0,125032.01,125211.02,512.32035
2025-10-06 21:00:00+00:00,1759784400000,125211.03,125268.5,124511.15,125097.85,907.58302
2025-10-06 22:00:00+00:00,1759788000000,125097.86,125298.43,124784.41,125039.13,416.67058
2025-10-06 23:00:00+00:00,1759791600000,125039.13,125100.0,124628.0,124658.54,364.0631
2025-10-07 00:00:00+00:00,1759795200000,124658.54,124925.14,124600.0,124900.93,399.28672
2025-10-07 01:00:00+00:00,1759798800000,124900.93,125082.27,124442.87,124699.99,470.23469
2025-10-07 02:00:00+00:00,1759802400000,124699.99,124700.0,124159.22,124259.9,524.92821
2025-10-07 03:00:00+00:00,1759806000000,124259.91,124568.44,124101.26,124329.74,379.16017
2025-10-07 04:00:00+00:00,1759809600000,124329.74,124654.47,124109.1,124500.0,438.34342
2025-10-07 05:00:00+00:00,1759813200000,124499.99,124640.76,124240.37,124414.17,424.20697
2025-10-07 06:00:00+00:00,1759816800000,124414.17,124460.0,123800.0,123890.84,862.57843
2025-10-07 07:00:00+00:00,1759820400000,123890.84,124038.0,123567.6,123667.99,730.09708
2025-10-07 08:00:00+00:00,1759824000000,123668.0,123999.98,123322.9,123861.75,1172.93284
2025-10-07 09:00:00+00:00,1759827600000,123861.75,124246.64,123861.74,124117.48,423.70195
2025-10-07 10:00:00+00:00,1759831200000,124117.48,124413.75,124020.0,124282.19,385.65308
2025-10-07 11:00:00+00:00,1759834800000,124282.18,124509.6,124179.99,124453.38,462.44628
2025-10-07 12:00:00+00:00,1759838400000,124453.37,125126.0,124340.0,124917.99,747.53263
2025-10-07 13:00:00+00:00,1759842000000,124918.0,125046.16,123288.0,123891.68,1734.891
2025-10-07 14:00:00+00:00,1759845600000,123891.68,124000.0,122568.0,122725.36,2078.9177
2025-10-07 15:00:00+00:00,1759849200000,122725.36,122865.36,121172.89,121846.01,2798.67322
2025-10-07 16:00:00+00:00,1759852800000,121846.01,122084.14,120800.02,121684.17,2051.61019
2025-10-07 17:00:00+00:00,1759856400000,121684.17,121822.58,121100.0,121130.02,1241.13249
2025-10-07 18:00:00+00:00,1759860000000,121130.02,121306.13,120574.94,120895.37,1099.60495
2025-10-07 19:00:00+00:00,1759863600000,120895.37,122027.3,120860.46,121637.17,1334.54837
2025-10-07 20:00:00+00:00,1759867200000,121637.18,122196.48,121637.18,121943.61,493.62814
2025-10-07 21:00:00+00:00,1759870800000,121943.61,122292.62,121765.9,122016.0,397.91117
2025-10-07 22:00:00+00:00,1759874400000,122016.0,122173.5,121797.6,122011.17,404.31119
2025-10-07 23:00:00+00:00,1759878000000,122011.17,122022.88,121258.08,121332.95,577.66296
2025-10-08 00:00:00+00:00,1759881600000,121332.96,122089.68,121276.0,121914.09,651.73891
2025-10-08 01:00:00+00:00,1759885200000,121914.09,122056.0,121605.75,121950.01,519.56378
2025-10-08 02:00:00+00:00,1759888800000,121950.0,122229.66,121825.74,122048.28,534.11266
2025-10-08 03:00:00+00:00,1759892400000,122048.28,122048.28,121200.0,121374.75,701.35291
2025-10-08 04:00:00+00:00,1759896000000,121374.76,121910.24,121066.14,121900.0,712.4618
2025-10-08 05:00:00+00:00,1759899600000,121900.01,121900.01,121173.86,121374.01,708.85271
2025-10-08 06:00:00+00:00,1759903200000,121374.02,121841.54,121068.96,121784.29,552.19718
2025-10-08 07:00:00+00:00,1759906800000,121784.3,121872.37,121311.91,121597.06,697.34775
2025-10-08 08:00:00+00:00,1759910400000,121597.05,122850.0,121524.01,122381.85,1462.35304
2025-10-08 09:00:00+00:00,1759914000000,122381.84,122644.0,122381.84,122516.98,474.15682
2025-10-08 10:00:00+00:00,1759917600000,122516.99,123100.0,122498.05,122934.6,654.29848
2025-10-08 11:00:00+00:00,1759921200000,122934.61,123200.0,122743.36,122884.14,817.9321
2025-10-08 12:00:00+00:00,1759924800000,122884.14,123090.75,122542.27,122631.52,464.2609
2025-10-08 13:00:00+00:00,1759928400000,122631.52,122774.96,121649.68,122599.04,886.89853
2025-10-08 14:00:00+00:00,1759932000000,122599.04,123350.0,122112.16,122320.0,1462.74459
2025-10-08 15:00:00+00:00,1759935600000,122319.99,122622.55,121954.34,122189.72,559.46428
2025-10-08 16:00:00+00:00,1759939200000,122189.72,123129.23,122110.08,123051.03,641.94768
2025-10-08 17:00:00+00:00,1759942800000,123051.02,124164.36,122958.05,124033.19,1336.46427
2025-10-08 18:00:00+00:00,1759946400000,124033.19,124197.25,123415.58,123460.22,1152.35838
2025-10-08 19:00:00+00:00,1759950000000,123460.21,123759.94,123160.82,123450.0,664.75988
2025-10-08 20:00:00+00:00,1759953600000,123450.01,123737.0,122814.0,122856.69,673.60553
2025-10-08 21:00:00+00:00,1759957200000,122856.7,123332.01,122794.4,123277.33,261.93729
2025-10-08 22:00:00+00:00,1759960800000,123277.34,123416.73,123200.81,123200.82,132.25319
2025-10-08 23:00:00+00:00,1759964400000,123200.82,123537.11,123056.31,123306.0,289.55534
2025-10-09 00:00:00+00:00,1759968000000,123306.01,123348.32,122839.15,122839.15,383.1891
2025-10-09 01:00:00+00:00,1759971600000,122839.16,122857.32,122339.41,122548.23,649.56359
2025-10-09 02:00:00+00:00,1759975200000,122548.23,122548.23,121475.98,121617.81,831.85568
2025-10-09 03:00:00+00:00,1759978800000,121617.81,122120.28,121603.59,122038.01,454.57002
2025-10-09 04:00:00+00:00,1759982400000,122038.01,122264.0,121904.81,122144.7,328.47326
2025-10-09 05:00:00+00:00,1759986000000,122144.7,122196.99,121823.94,122100.92,394.74775
2025-10-09 06:00:00+00:00,1759989600000,122100.92,122185.98,121883.43,121957.32,336.40438
2025-10-09 07:00:00+00:00,1759993200000,121957.32,122067.61,121724.71,121906.1,391.52251
2025-10-09 08:00:00+00:00,1759996800000,121906.09,121960.97,121145.49,121261.62,951.24212
2025-10-09 09:00:00+00:00,1760000400000,121261.62,121855.44,121261.62,121813.04,495.55613
2025-10-09 10:00:00+00:00,1760004000000,121813.04,122340.0,121650.22,122170.27,462.62367
2025-10-09 11:00:00+00:00,1760007600000,122170.26,122833.02,122170.26,122737.57,780.01914
2025-10-09 12:00:00+00:00,1760011200000,122737.56,123762.94,122709.1,123563.38,1483.31285
2025-10-09 13:00:00+00:00,1760014800000,123563.38,123658.38,122277.76,122415.74,1233.13253
2025-10-09 14:00:00+00:00,1760018400000,122415.74,122608.0,120736.96,121315.0,2613.44219
2025-10-09 15:00:00+00:00,1760022000000,121315.01,121734.27,120673.99,121147.14,1236.17443
2025-10-09 16:00:00+00:00,1760025600000,121147.15,121481.9,119707.29,119819.77,2831.42858
2025-10-09 17:00:00+00:00,1760029200000,119819.76,121046.15,119651.47,120974.0,1671.39797
2025-10-09 18:00:00+00:00,1760032800000,120971.22,121100.0,120396.0,120649.32,956.31004
2025-10-09 19:00:00+00:00,1760036400000,120649.33,121108.12,120649.32,120951.72,714.9231
2025-10-09 20:00:00+00:00,1760040000000,120951.72,121199.97,120838.0,121109.09,743.67096
2025-10-09 21:00:00+00:00,1760043600000,121109.08,121512.7,121065.77,121461.02,436.22306
2025-10-09 22:00:00+00:00,1760047200000,121461.03,121768.01,121411.55,121686.19,467.98367
2025-10-09 23:00:00+00:00,1760050800000,121686.19,121900.0,121341.22,121662.4,711.59334
2025-10-10 00:00:00+00:00,1760054400000,121662.41,121863.74,121595.75,121745.27,292.90359
2025-10-10 01:00:00+00:00,1760058000000,121745.26,121874.13,121489.06,121623.97,353.28358
2025-10-10 02:00:00+00:00,1760061600000,121623.96,121651.33,120900.0,121059.73,812.25118
2025-10-10 03:00:00+00:00,1760065200000,121059.73,121575.99,120909.15,121026.01,636.2431
2025-10-10 04:00:00+00:00,1760068800000,121026.0,121388.58,121018.33,121234.51,480.17378
2025-10-10 05:00:00+00:00,1760072400000,121234.52,121604.49,120986.08,121583.89,503.29572
2025-10-10 06:00:00+00:00,1760076000000,121583.89,121754.34,121265.26,121378.18,687.86577
2025-10-10 07:00:00+00:00,1760079600000,121378.19,121388.61,120855.41,120932.05,895.21452
2025-10-10 08:00:00+00:00,1760083200000,120932.05,121660.43,120916.44,121631.54,433.113
2025-10-10 09:00:00+00:00,1760086800000,121631.54,121777.07,121276.56,121314.73,473.35018
2025-10-10 10:00:00+00:00,1760090400000,121314.73,121543.59,121228.83,121496.33,289.70624
2025-10-10 11:00:00+00:00,1760094000000,121496.34,121661.62,121424.5,121554.55,357.66752
2025-10-10 12:00:00+00:00,1760097600000,121554.55,121682.42,121420.0,121597.21,288.32785
2025-10-10 13:00:00+00:00,1760101200000,121597.22,122550.0,121384.6,121684.2,1452.77007
2025-10-10 14:00:00+00:00,1760104800000,121684.18,122069.76,120479.2,120493.17,1335.80488
2025-10-10 15:00:00+00:00,1760108400000,120493.16,120626.55,118500.0,119018.98,4690.68973
2025-10-10 16:00:00+00:00,1760112000000,119018.99,119456.28,118205.6,118205.61,2074.44286
2025-10-10 17:00:00+00:00,1760115600000,118205.61,118427.51,117579.79,117623.8,2197.93519
2025-10-10 18:00:00+00:00,1760119200000,117623.8,117851.5,117237.0,117237.7,1448.7532
2025-10-10 19:00:00+00:00,1760122800000,117237.7,117341.92,115952.47,116661.5,2733.41302
2025-10-10 20:00:00+00:00,1760126400000,116661.5,117214.64,113039.0,114266.82,4454.56036
2025-10-10 21:00:00+00:00,1760130000000,114266.82,115112.69,102000.0,113451.86,22932.63034
2025-10-10 22:00:00+00:00,1760133600000,113451.87,114109.03,110879.69,113700.0,9370.17448
2025-10-10 23:00:00+00:00,1760137200000,113700.0,114807.41,112652.76,112774.5,4977.36911
2025-10-11 00:00:00+00:00,1760140800000,112774.49,113178.66,111620.3,112514.58,3620.32878
2025-10-11 01:00:00+00:00,1760144400000,112514.57,112530.01,111019.43,111095.37,2796.42603
2025-10-11 02:00:00+00:00,1760148000000,111095.38,113297.92,111082.0,113196.48,2926.55879
2025-10-11 03:00:00+00:00,1760151600000,113196.48,113322.39,111800.0,112300.01,2190.21309
2025-10-11 04:00:00+00:00,1760155200000,112300.0,112991.16,111700.0,112945.79,1446.73937
2025-10-11 05:00:00+00:00,1760158800000,112945.79,112945.79,111992.85,112389.48,1256.8701
2025-10-11 06:00:00+00:00,1760162400000,112389.48,112753.91,112000.0,112045.99,1208.64004
2025-10-11 07:00:00+00:00,1760166000000,112046.0,112084.61,110090.29,110384.61,3230.51321
2025-10-11 08:00:00+00:00,1760169600000,110384.6,111535.29,110162.23,111328.38,1981.19694
2025-10-11 09:00:00+00:00,1760173200000,111328.38,111887.19,111274.41,111642.78,1627.2836
2025-10-11 10:00:00+00:00,1760176800000,111642.78,112271.34,111621.77,112114.64,1350.7519
2025-10-11 11:00:00+00:00,1760180400000,112114.63,112359.67,111700.0,112280.0,969.90748
2025-10-11 12:00:00+00:00,1760184000000,112280.01,112466.66,112037.98,112380.14,997.55713
2025-10-11 13:00:00+00:00,1760187600000,112380.13,112500.0,111890.33,112267.86,973.48531
2025-10-11 14:00:00+00:00,1760191200000,112267.86,112342.11,111890.29,111991.97,1058.55252
2025-10-11 15:00:00+00:00,1760194800000,111991.97,112385.93,111793.2,111793.2,651.64855
2025-10-11 16:00:00+00:00,1760198400000,111793.21,112089.92,111442.91,111846.18,834.57688
2025-10-11 17:00:00+00:00,1760202000000,111846.18,112185.53,111715.99,112005.57,678.72551
2025-10-11 18:00:00+00:00,1760205600000,112005.56,112025.4,111836.45,111955.27,292.78948
2025-10-11 19:00:00+00:00,1760209200000,111955.27,112025.4,110865.82,111178.31,1332.81972
2025-10-11 20:00:00+00:00,1760212800000,111178.3,111368.29,109653.65,110244.98,1752.53778
2025-10-11 21:00:00+00:00,1760216400000,110244.98,111000.0,109561.59,110893.54,1099.41658
2025-10-11 22:00:00+00:00,1760220000000,110893.55,111291.61,110652.0,111043.27,571.096
2025-10-11 23:00:00+00:00,1760223600000,111043.26,111114.46,110644.0,110644.4,599.88173
2025-10-12 00:00:00+00:00,1760227200000,110644.4,110685.63,109565.06,109641.54,1171.55172
2025-10-12 01:00:00+00:00,1760230800000,109641.54,110318.01,109641.46,109978.56,1205.41028
2025-10-12 02:00:00+00:00,1760234400000,109978.56,110708.89,109600.0,110119.02,1047.04823
2025-10-12 03:00:00+00:00,1760238000000,110119.02,111368.14,110002.2,110676.0,1361.57401
2025-10-12 04:00:00+00:00,1760241600000,110676.0,111957.14,110617.1,111524.87,887.82401
2025-10-12 05:00:00+00:00,1760245200000,111524.87,111816.04,111188.0,111700.38,537.50918
2025-10-12 06:00:00+00:00,1760248800000,111700.38,112125.51,111616.0,111686.01,764.04714
2025-10-12 07:00:00+00:00,1760252400000,111686.02,111933.85,111491.09,111525.2,541.91728
2025-10-12 08:00:00+00:00,1760256000000,111525.19,111798.99,111300.0,111310.9,573.49914
2025-10-12 09:00:00+00:00,1760259600000,111310.9,111920.01,111139.87,111837.04,596.04536
2025-10-12 10:00:00+00:00,1760263200000,111837.05,112026.63,111450.0,111651.64,536.97781
2025-10-12 11:00:00+00:00,1760266800000,111651.64,112133.33,111477.61,111848.36,1104.29864
2025-10-12 12:00:00+00:00,1760270400000,111848.35,112250.0,111555.0,111789.6,1014.55206
2025-10-12 13:00:00+00:00,1760274000000,111789.61,111934.51,111265.99,111297.52,1163.81644
2025-10-12 14:00:00+00:00,1760277600000,111297.51,112990.9,111177.75,112338.1,2798.771
2025-10-12 15:00:00+00:00,1760281200000,112338.11,113745.84,112078.0,113198.2,4043.27714
2025-10-12 16:00:00+00:00,1760284800000,113198.2,114700.0,113198.2,114069.35,3600.56207
2025-10-12 17:00:00+00:00,1760288400000,114069.35,114466.94,113516.38,113799.99,1614.34137
2025-10-12 18:00:00+00:00,1760292000000,113799.99,114236.87,113553.81,113878.93,817.9254
2025-10-12 19:00:00+00:00,1760295600000,113878.93,114396.69,113826.65,114342.28,602.52008
2025-10-12 20:00:00+00:00,1760299200000,114342.28,115468.65,114342.27,114927.97,1817.36254
2025-10-12 21:00:00+00:00,1760302800000,114927.97,115600.0,114217.75,114882.06,1611.66087
2025-10-12 22:00:00+00:00,1760306400000,114882.06,115770.0,114882.06,115221.4,1743.39625
2025-10-12 23:00:00+00:00,1760310000000,115221.4,115350.8,114733.65,114958.8,1099.4147
2025-10-13 00:00:00+00:00,1760313600000,114958.81,115888.0,114766.69,115280.84,1480.23716
2025-10-13 01:00:00+00:00,1760317200000,115280.83,115750.0,115079.18,115713.32,814.49823
2025-10-13 02:00:00+00:00,1760320800000,115713.31,115963.81,115001.62,115319.97,982.84078
2025-10-13 03:00:00+00:00,1760324400000,115319.98,115613.7,114619.45,114821.12,846.03241
2025-10-13 04:00:00+00:00,1760328000000,114821.13,115000.0,114398.24,114708.15,1086.01022
2025-10-13 05:00:00+00:00,1760331600000,114708.15,114834.7,114500.02,114611.82,834.97755
2025-10-13 06:00:00+00:00,1760335200000,114611.82,115379.84,114417.77,115221.22,599.41221
2025-10-13 07:00:00+00:00,1760338800000,115221.23,115554.83,115034.0,115399.67,916.61315
2025-10-13 08:00:00+00:00,1760342400000,115399.66,115438.17,115138.0,115254.23,644.85187
2025-10-13 09:00:00+00:00,1760346000000,115254.23,115254.23,114748.38,115127.04,1037.56556
2025-10-13 10:00:00+00:00,1760349600000,115127.05,115162.0,114740.34,114810.62,896.68402
2025-10-13 11:00:00+00:00,1760353200000,114810.61,114810.61,113616.5,114180.0,1981.76101
2025-10-13 12:00:00+00:00,1760356800000,114180.0,114748.97,113931.16,114412.26,1209.47056
2025-10-13 13:00:00+00:00,1760360400000,114412.25,115530.0,114220.07,115345.79,1815.19891
2025-10-13 14:00:00+00:00,1760364000000,115345.79,115476.18,113800.01,114036.63,1434.88366
2025-10-13 15:00:00+00:00,1760367600000,114036.63,114727.95,113968.02,114312.1,1078.57574
2025-10-13 16:00:00+00:00,1760371200000,114312.09,115174.0,114270.89,114669.24,985.04262
2025-10-13 17:00:00+00:00,1760374800000,114669.25,115053.43,114215.79,115040.55,669.90056
2025-10-13 18:00:00+00:00,1760378400000,115040.55,115377.48,114710.0,115160.63,724.92234
2025-10-13 19:00:00+00:00,1760382000000,115160.63,115891.3,115070.0,115792.84,989.05749
2025-10-13 20:00:00+00:00,1760385600000,115792.84,115868.0,115400.0,115713.37,419.35754
2025-10-13 21:00:00+00:00,1760389200000,115713.37,115786.04,115553.33,115700.0,221.7783
2025-10-13 22:00:00+00:00,1760392800000,115700.0,115835.04,115442.67,115507.19,332.95022
2025-10-13 23:00:00+00:00,1760396400000,115507.2,115507.2,115005.44,115166.0,554.61822
2025-10-14 00:00:00+00:00,1760400000000,115166.0,115409.96,114871.93,114959.03,759.03973
2025-10-14 01:00:00+00:00,1760403600000,114959.02,114991.99,114137.93,114274.57,705.31924
2025-10-14 02:00:00+00:00,1760407200000,114274.57,114298.08,113647.05,113647.05,851.40075
2025-10-14 03:00:00+00:00,1760410800000,113647.05,113700.0,113279.76,113500.0,1141.08489
2025-10-14 04:00:00+00:00,1760414400000,113500.0,113599.99,112787.0,113062.09,1189.90441
2025-10-14 05:00:00+00:00,1760418000000,113062.09,113691.0,112390.0,112493.11,1796.26245
2025-10-14 06:00:00+00:00,1760421600000,112493.1,112699.21,111355.01,111987.38,1853.68057
2025-10-14 07:00:00+00:00,1760425200000,111987.39,112194.0,111445.72,111724.41,1446.45172
2025-10-14 08:00:00+00:00,1760428800000,111724.41,112140.0,111513.63,111803.33,979.88421
2025-10-14 09:00:00+00:00,1760432400000,111803.33,112000.0,111055.91,111287.89,937.93171
2025-10-14 10:00:00+00:00,1760436000000,111287.9,111336.11,110012.24,110623.58,1937.91268
2025-10-14 11:00:00+00:00,1760439600000,110623.58,111630.28,110614.25,111313.98,1426.10618
2025-10-14 12:00:00+00:00,1760443200000,111313.98,111361.15,110737.29,110803.28,976.90627
2025-10-14 13:00:00+00:00,1760446800000,110803.29,111329.71,109866.0,111014.38,2420.02151
2025-10-14 14:00:00+00:00,1760450400000,111014.38,112200.0,110905.73,111435.21,2108.64964
2025-10-14 15:00:00+00:00,1760454000000,111435.2,112943.82,111062.15,112900.43,1681.40989
2025-10-14 16:00:00+00:00,1760457600000,112900.44,113187.62,112189.42,112328.83,2429.54292
2025-10-14 17:00:00+00:00,1760461200000,112328.83,112933.65,111692.31,112774.97,2031.41315
2025-10-14 18:00:00+00:00,1760464800000,112774.98,113450.0,112662.72,112861.36,1289.26282
2025-10-14 19:00:00+00:00,1760468400000,112861.36,113544.53,112021.59,112613.7,1685.79274
2025-10-14 20:00:00+00:00,1760472000000,112613.69,113008.47,112230.46,112992.87,564.85759
2025-10-14 21:00:00+00:00,1760475600000,112992.88,113186.0,112683.58,113128.7,561.06072
2025-10-14 22:00:00+00:00,1760479200000,113128.7,113577.0,112822.16,113211.87,588.63193
2025-10-14 23:00:00+00:00,1760482800000,113211.87,113520.0,112998.22,113028.14,507.80202
2025-10-15 00:00:00+00:00,1760486400000,113028.13,113112.41,112602.02,112993.86,1081.3257
2025-10-15 01:00:00+00:00,1760490000000,112993.85,113005.57,112326.26,112738.17,870.72777
2025-10-15 02:00:00+00:00,1760493600000,112738.17,113612.35,112673.9,112809.94,812.09712
2025-10-15 03:00:00+00:00,1760497200000,112809.94,112866.77,111825.93,112024.29,762.39853
2025-10-15 04:00:00+00:00,1760500800000,112024.3,112465.5,111746.76,112344.81,1145.73005
2025-10-15 05:00:00+00:00,1760504400000,112344.81,112659.0,112188.74,112431.95,623.36683
2025-10-15 06:00:00+00:00,1760508000000,112431.95,112563.8,111896.07,112460.47,740.50832
2025-10-15 07:00:00+00:00,1760511600000,112460.48,112680.0,112235.76,112584.5,932.59854
2025-10-15 08:00:00+00:00,1760515200000,112584.49,113520.88,112550.0,112944.85,1236.8164
2025-10-15 09:00:00+00:00,1760518800000,112944.84,113127.39,112380.8,112564.01,848.43925
2025-10-15 10:00:00+00:00,1760522400000,112564.0,112645.61,112072.86,112266.71,847.65271
2025-10-15 11:00:00+00:00,1760526000000,112266.7,112600.0,111693.26,111905.73,766.17498
2025-10-15 12:00:00+00:00,1760529600000,111905.72,112085.68,111400.0,111711.25,1005.50463
2025-10-15 13:00:00+00:00,1760533200000,111711.25,112011.75,110725.4,111389.0,1971.0633
2025-10-15 14:00:00+00:00,1760536800000,111389.01,112238.41,110800.0,111059.76,1777.74911
2025-10-15 15:00:00+00:00,1760540400000,111059.77,111588.69,110400.0,110798.01,1836.18334
2025-10-15 16:00:00+00:00,1760544000000,110798.01,111125.18,110602.8,110748.0,830.13195
2025-10-15 17:00:00+00:00,1760547600000,110748.0,111186.78,110164.0,111186.78,1335.06163
2025-10-15 18:00:00+00:00,1760551200000,111186.77,111512.41,110826.21,111444.76,562.70484
2025-10-15 19:00:00+00:00,1760554800000,111444.76,111557.7,111099.33,111271.73,589.84937
2025-10-15 20:00:00+00:00,1760558400000,111271.73,111556.27,110515.84,111109.76,852.76487
2025-10-15 21:00:00+00:00,1760562000000,111109.77,111424.69,110500.0,110854.19,779.36355
2025-10-15 22:00:00+00:00,1760565600000,110854.2,111395.82,110667.97,110667.97,422.7399
2025-10-15 23:00:00+00:00,1760569200000,110667.97,111006.0,110590.1,110763.28,355.53542
2025-10-16 00:00:00+00:00,1760572800000,110763.28,110856.11,110361.0,110431.27,753.8893
2025-10-16 01:00:00+00:00,1760576400000,110431.27,111330.0,110417.32,111299.99,776.36767
2025-10-16 02:00:00+00:00,1760580000000,111300.0,111562.24,111014.12,111510.43,544.40968
2025-10-16 03:00:00+00:00,1760583600000,111510.43,111867.17,111271.49,111329.48,640.75803
2025-10-16 04:00:00+00:00,1760587200000,111329.48,111675.21,110800.88,110966.03,573.55869
2025-10-16 05:00:00+00:00,1760590800000,110966.03,111485.03,110750.0,110951.14,831.0631
2025-10-16 06:00:00+00:00,1760594400000,110951.13,111716.86,110922.17,111666.83,576.47831
2025-10-16 07:00:00+00:00,1760598000000,111666.83,111773.7,110553.19,110584.2,1116.0425
2025-10-16 08:00:00+00:00,1760601600000,110584.21,110893.91,110405.0,110817.5,898.50628
2025-10-16 09:00:00+00:00,1760605200000,110817.5,111633.14,109635.15,111146.31,2599.38969
2025-10-16 10:00:00+00:00,1760608800000,111146.31,111728.7,111021.02,111469.63,1021.52177
2025-10-16 11:00:00+00:00,1760612400000,111469.63,111567.85,111001.44,111404.72,762.70034
2025-10-16 12:00:00+00:00,1760616000000,111404.73,111982.45,111332.18,111519.07,925.41606
2025-10-16 13:00:00+00:00,1760619600000,111519.08,111548.0,110684.32,110860.0,1245.15513
2025-10-16 14:00:00+00:00,1760623200000,110860.0,111420.02,109728.0,110529.34,2218.73
2025-10-16 15:00:00+00:00,1760626800000,110529.35,110727.35,108361.69,108549.21,3863.5105
2025-10-16 16:00:00+00:00,1760630400000,108549.21,109254.0,107577.57,109232.43,3658.11859
2025-10-16 17:00:00+00:00,1760634000000,109232.43,109244.91,108227.54,108276.7,1542.50028
2025-10-16 18:00:00+00:00,1760637600000,108276.69,108656.3,107680.0,108656.19,1228.35335
2025-10-16 19:00:00+00:00,1760641200000,108656.19,108751.02,107685.4,108197.66,1826.2967
2025-10-16 20:00:00+00:00,1760644800000,108197.67,108424.11,107427.0,107838.01,941.04286
2025-10-16 21:00:00+00:00,1760648400000,107838.0,108463.31,107592.0,108443.7,490.84182
2025-10-16 22:00:00+00:00,1760652000000,108443.71,108500.0,107783.76,107798.85,451.11345
2025-10-16 23:00:00+00:00,1760655600000,107798.85,108420.73,107736.56,108194.28,371.40842
2025-10-17 00:00:00+00:00,1760659200000,108194.27,108849.19,107934.4,108800.0,657.03622
2025-10-17 01:00:00+00:00,1760662800000,108799.99,109115.08,108506.79,108839.84,663.22366
2025-10-17 02:00:00+00:00,1760666400000,108839.84,109082.8,108390.21,108972.97,559.71151
2025-10-17 03:00:00+00:00,1760670000000,108972.98,109240.0,108910.45,109176.74,537.9217
2025-10-17 04:00:00+00:00,1760673600000,109176.74,109236.01,108786.0,108787.26,487.87266
2025-10-17 05:00:00+00:00,1760677200000,108787.26,108926.06,108299.12,108381.76,800.45747
2025-10-17 06:00:00+00:00,1760680800000,108381.75,108519.49,106639.79,106741.28,2840.49166
2025-10-17 07:00:00+00:00,1760684400000,106741.28,106901.85,105542.09,105633.75,3891.25354
2025-10-17 08:00:00+00:00,1760688000000,105633.75,105716.15,104505.0,104884.38,4632.98336
2025-10-17 09:00:00+00:00,1760691600000,104884.38,105626.67,104520.7,104531.35,2034.60892
2025-10-17 10:00:00+00:00,1760695200000,104530.0,104926.19,103528.23,104751.99,3620.28453
2025-10-17 11:00:00+00:00,1760698800000,104751.99,106651.22,104674.0,105683.72,3620.45641
2025-10-17 12:00:00+00:00,1760702400000,105683.71,106070.14,105227.45,105350.4,1384.38576
2025-10-17 13:00:00+00:00,1760706000000,105350.4,106166.0,104876.19,105835.63,2340.35273
2025-10-17 14:00:00+00:00,1760709600000,105835.62,105989.01,104533.21,105163.42,1894.44771
2025-10-17 15:00:00+00:00,1760713200000,105163.41,106852.14,105087.29,106803.53,2228.15693
2025-10-17 16:00:00+00:00,1760716800000,106803.52,107575.6,106239.75,106372.34,1909.04788
2025-10-17 17:00:00+00:00,1760720400000,106372.34,106729.0,106071.42,106453.27,723.50939
2025-10-17 18:00:00+00:00,1760724000000,106453.26,107089.99,106453.26,106647.11,761.17199
2025-10-17 19:00:00+00:00,1760727600000,106647.11,106889.11,106233.65,106454.72,522.73818
2025-10-17 20:00:00+00:00,1760731200000,106457.24,107177.08,106342.47,107021.37,502.81407
2025-10-17 21:00:00+00:00,1760734800000,107021.38,107440.02,107016.87,107301.4,474.97927
2025-10-17 22:00:00+00:00,1760738400000,107301.41,107415.73,106807.5,107000.1,467.14
2025-10-17 23:00:00+00:00,1760742000000,107000.09,107000.1,106392.08,106431.68,365.62283
2025-10-18 00:00:00+00:00,1760745600000,106431.68,106845.52,106322.2,106845.52,471.69377
2025-10-18 01:00:00+00:00,1760749200000,106845.52,107306.06,106824.0,107149.3,525.1252
2025-10-18 02:00:00+00:00,1760752800000,107149.3,107297.87,106493.23,106597.98,923.59727
2025-10-18 03:00:00+00:00,1760756400000,106597.97,107126.55,106573.6,107070.4,747.88716
2025-10-18 04:00:00+00:00,1760760000000,107070.41,107070.41,106439.38,106478.71,738.59104
2025-10-18 05:00:00+00:00,1760763600000,106478.66,106842.5,106478.66,106812.52,357.02039
2025-10-18 06:00:00+00:00,1760767200000,106812.52,106950.0,106711.95,106839.96,582.06053
2025-10-18 07:00:00+00:00,1760770800000,106839.97,107499.0,106607.2,106665.0,1298.66311
2025-10-18 08:00:00+00:00,1760774400000,106665.01,106966.62,106605.93,106719.2,1204.63747
2025-10-18 09:00:00+00:00,1760778000000,106719.2,106938.0,106629.66,106884.41,371.44202
2025-10-18 10:00:00+00:00,1760781600000,106884.41,107145.81,106788.41,106924.47,365.7402
2025-10-18 11:00:00+00:00,1760785200000,106924.47,107222.0,106770.0,107208.6,394.9085
2025-10-18 12:00:00+00:00,1760788800000,107208.61,107300.0,106965.23,107065.17,265.11201
2025-10-18 13:00:00+00:00,1760792400000,107065.17,107102.14,106810.0,106888.78,270.57628
2025-10-18 14:00:00+00:00,1760796000000,106888.77,107111.11,106739.33,107028.36,552.94765
2025-10-18 15:00:00+00:00,1760799600000,107028.37,107146.18,106815.86,106948.75,336.98269
2025-10-18 16:00:00+00:00,1760803200000,106948.75,107063.89,106484.0,106664.01,353.04791
2025-10-18 17:00:00+00:00,1760806800000,106664.01,106955.79,106567.95,106880.03,246.03342
2025-10-18 18:00:00+00:00,1760810400000,106880.04,106920.0,106722.72,106843.75,158.99856
2025-10-18 19:00:00+00:00,1760814000000,106843.75,107091.87,106762.83,107080.14,153.17902
2025-10-18 20:00:00+00:00,1760817600000,107080.14,107339.03,107000.0,107018.51,262.63077
2025-10-18 21:00:00+00:00,1760821200000,107018.5,107220.24,106851.84,107177.05,198.46296
2025-10-18 22:00:00+00:00,1760824800000,107177.05,107283.71,107067.54,107125.87,219.09125
2025-10-18 23:00:00+00:00,1760828400000,107125.88,107200.0,107014.58,107185.01,124.75848
2025-10-19 00:00:00+00:00,1760832000000,107185.0,107267.2,106755.88,106898.03,393.96341
2025-10-19 01:00:00+00:00,1760835600000,106898.03,106988.81,106734.17,106973.26,184.14483
2025-10-19 02:00:00+00:00,1760839200000,106973.27,107000.0,106805.05,106847.02,121.85742
2025-10-19 03:00:00+00:00,1760842800000,106847.03,107367.16,106802.32,107275.78,358.14644
2025-10-19 04:00:00+00:00,1760846400000,107275.79,107290.0,106949.9,107046.9,256.58858
2025-10-19 05:00:00+00:00,1760850000000,107046.89,107180.0,106794.23,106888.59,516.95583
2025-10-19 06:00:00+00:00,1760853600000,106888.6,106909.98,106558.61,106777.75,315.62124
2025-10-19 07:00:00+00:00,1760857200000,106777.75,106912.08,106702.0,106786.0,158.03024
2025-10-19 08:00:00+00:00,1760860800000,106786.0,107203.29,106278.74,106443.95,969.35569
2025-10-19 09:00:00+00:00,1760864400000,106443.96,108213.04,106103.36,107401.47,2187.761
2025-10-19 10:00:00+00:00,1760868000000,107401.47,107887.99,106999.57,107882.71,889.9682
2025-10-19 11:00:00+00:00,1760871600000,107882.71,108260.5,107633.05,107783.47,1012.47378
2025-10-19 12:00:00+00:00,1760875200000,107783.47,107859.42,107421.9,107631.43,816.5887
2025-10-19 13:00:00+00:00,1760878800000,107631.43,108227.44,107355.02,108096.34,912.20232
2025-10-19 14:00:00+00:00,1760882400000,108096.33,108508.0,107887.28,108405.47,1356.8762
2025-10-19 15:00:00+00:00,1760886000000,108405.47,108621.68,108328.25,108486.7,550.80586
2025-10-19 16:00:00+00:00,1760889600000,108486.71,108988.27,108240.0,108624.19,746.0028
2025-10-19 17:00:00+00:00,1760893200000,108624.19,109437.43,108615.2,109113.52,842.94186
2025-10-19 18:00:00+00:00,1760896800000,109113.53,109450.07,109037.5,109383.01,390.21394
2025-10-19 19:00:00+00:00,1760900400000,109383.0,109383.01,108800.57,108908.43,451.40437
2025-10-19 20:00:00+00:00,1760904000000,108908.43,108984.9,108810.17,108845.06,661.43199
2025-10-19 21:00:00+00:00,1760907600000,108845.07,108869.87,108620.0,108744.82,272.94763
2025-10-19 22:00:00+00:00,1760911200000,108744.83,109370.99,108744.83,109146.8,673.56143
2025-10-19 23:00:00+00:00,1760914800000,109146.8,109146.8,108471.1,108642.78,440.82047
2025-10-20 00:00:00+00:00,1760918400000,108642.77,108642.77,107402.52,108047.46,1198.8653
2025-10-20 01:00:00+00:00,1760922000000,108047.46,108276.04,107894.0,108053.58,602.84285
2025-10-20 02:00:00+00:00,1760925600000,108053.57,108970.51,107854.71,108767.02,605.86943
2025-10-20 03:00:00+00:00,1760929200000,108767.03,110427.86,108571.59,110145.44,1275.9775
2025-10-20 04:00:00+00:00,1760932800000,110145.45,110535.13,109951.96,110422.1,865.34314
2025-10-20 05:00:00+00:00,1760936400000,110422.1,111111.0,110291.27,111033.79,991.81207
2025-10-20 06:00:00+00:00,1760940000000,111033.79,111377.34,111001.91,111298.55,1196.86696
2025-10-20 07:00:00+00:00,1760943600000,111298.55,111445.67,111050.78,111169.92,913.95455
2025-10-20 08:00:00+00:00,1760947200000,111169.91,111679.25,110943.4,111097.15,925.77025
2025-10-20 09:00:00+00:00,1760950800000,111097.16,111200.0,110691.96,110964.13,1095.42239
2025-10-20 10:00:00+00:00,1760954400000,110964.14,111098.01,110612.0,110731.78,644.26773
2025-10-20 11:00:00+00:00,1760958000000,110731.78,111026.93,110608.27,111016.75,787.40667
2025-10-20 12:00:00+00:00,1760961600000,111016.75,111203.06,110780.0,110843.81,425.00243
2025-10-20 13:00:00+00:00,1760965200000,110843.82,111203.06,110588.23,111161.35,666.08434
2025-10-20 14:00:00+00:00,1760968800000,111161.35,111395.84,110736.0,111210.86,911.55485
2025-10-20 15:00:00+00:00,1760972400000,111210.86,111705.56,111001.34,111144.55,1003.56342
2025-10-20 16:00:00+00:00,1760976000000,111144.55,111303.05,110110.0,110683.19,1717.87854
2025-10-20 17:00:00+00:00,1760979600000,110683.2,111071.4,109855.83,110282.76,1077.4169
2025-10-20 18:00:00+00:00,1760983200000,110282.76,110968.98,110220.0,110937.92,457.18317
2025-10-20 19:00:00+00:00,1760986800000,110937.92,111067.33,110542.0,110803.22,464.17808
2025-10-20 20:00:00+00:00,1760990400000,110803.22,111272.0,110665.03,111091.46,480.99811
2025-10-20 21:00:00+00:00,1760994000000,111091.46,111243.64,110464.91,110563.2,332.06604
2025-10-20 22:00:00+00:00,1760997600000,110563.2,110867.39,110418.25,110794.08,267.98447
2025-10-20 23:00:00+00:00,1761001200000,110794.08,110828.75,110521.85,110532.09,285.13241
2025-10-21 00:00:00+00:00,1761004800000,110532.09,110532.09,110168.0,110446.69,437.52159
2025-10-21 01:00:00+00:00,1761008400000,110446.68,110489.41,109555.0,109863.19,677.1117
2025-10-21 02:00:00+00:00,1761012000000,109863.18,109922.89,109303.86,109514.92,773.29938
2025-10-21 03:00:00+00:00,1761015600000,109514.92,109620.31,109052.09,109059.22,517.88075
2025-10-21 04:00:00+00:00,1761019200000,109059.23,109059.23,107650.94,107779.7,1936.39331
2025-10-21 05:00:00+00:00,1761022800000,107779.71,107979.46,107473.72,107537.12,1531.85421
2025-10-21 06:00:00+00:00,1761026400000,107537.12,108200.0,107499.19,107909.79,754.26623
2025-10-21 07:00:00+00:00,1761030000000,107909.79,108200.0,107645.21,108086.37,707.81305
2025-10-21 08:00:00+00:00,1761033600000,108086.38,108098.72,107484.22,107695.79,804.21106
2025-10-21 09:00:00+00:00,1761037200000,107695.79,107866.72,107540.09,107754.27,543.10308
2025-10-21 10:00:00+00:00,1761040800000,107754.27,108811.47,107580.0,108499.56,1096.0073
2025-10-21 11:00:00+00:00,1761044400000,108499.56,108639.76,108169.81,108580.01,546.40513
2025-10-21 12:00:00+00:00,1761048000000,108580.0,109485.78,108466.48,108793.4,1229.63283
2025-10-21 13:00:00+00:00,1761051600000,108793.39,108913.68,107922.06,108426.98,1261.1868
2025-10-21 14:00:00+00:00,1761055200000,108426.98,112290.31,108408.0,112170.52,3335.7283
2025-10-21 15:00:00+00:00,1761058800000,112170.52,113557.62,111716.91,113422.61,4175.55944
2025-10-21 16:00:00+00:00,1761062400000,113422.6,114000.0,112465.33,112565.88,2654.63776
2025-10-21 17:00:00+00:00,1761066000000,112565.88,112993.67,111813.18,111973.42,5531.17962
2025-10-21 18:00:00+00:00,1761069600000,111973.41,112297.14,111324.29,111990.55,1962.19243
2025-10-21 19:00:00+00:00,1761073200000,111990.55,112200.0,111562.94,111780.39,583.46835
2025-10-21 20:00:00+00:00,1761076800000,111780.4,111801.41,110554.22,110787.56,1166.16267
2025-10-21 21:00:00+00:00,1761080400000,110787.56,111111.0,110111.0,110816.32,986.90737
2025-10-21 22:00:00+00:00,1761084000000,110816.33,110816.33,108271.68,109066.98,2484.48697
2025-10-21 23:00:00+00:00,1761087600000,109066.98,109423.19,108045.81,108297.67,1531.00726
2025-10-22 00:00:00+00:00,1761091200000,108297.66,108643.61,107841.2,107986.14,1537.60176
2025-10-22 01:00:00+00:00,1761094800000,107986.15,108460.02,107986.14,108364.21,1493.26761
2025-10-22 02:00:00+00:00,1761098400000,108364.22,108678.21,108198.85,108198.85,699.65823
2025-10-22 03:00:00+00:00,1761102000000,108198.85,108219.12,107860.92,108216.02,1121.03699
2025-10-22 04:00:00+00:00,1761105600000,108216.03,108635.92,108162.09,108625.6,696.45277
2025-10-22 05:00:00+00:00,1761109200000,108625.61,108638.99,107879.93,108166.81,1434.44211
2025-10-22 06:00:00+00:00,1761112800000,108166.82,108331.75,107945.5,107980.02,675.25677
2025-10-22 07:00:00+00:00,1761116400000,107980.02,108321.64,107610.0,108321.63,1077.00799
2025-10-22 08:00:00+00:00,1761120000000,108321.64,108358.76,108079.86,108229.3,505.66169
2025-10-22 09:00:00+00:00,1761123600000,108229.3,108274.43,107773.89,107963.13,557.31037
2025-10-22 10:00:00+00:00,1761127200000,107963.12,108114.8,107650.0,107657.98,497.00462
2025-10-22 11:00:00+00:00,1761130800000,107657.98,108207.99,106708.18,107555.05,2452.68318
2025-10-22 12:00:00+00:00,1761134400000,107555.04,108399.0,107443.01,108044.96,841.76229
2025-10-22 13:00:00+00:00,1761138000000,108044.96,109014.34,107630.39,108783.36,1889.17586
2025-10-22 14:00:00+00:00,1761141600000,108783.35,108998.0,107500.0,108947.5,3240.71769
2025-10-22 15:00:00+00:00,1761145200000,108947.49,109163.88,107737.04,108416.5,1954.01743
2025-10-22 16:00:00+00:00,1761148800000,108416.5,108796.42,107877.27,108226.0,1590.12287
2025-10-22 17:00:00+00:00,1761152400000,108226.0,108339.89,107566.65,107778.45,913.68528
2025-10-22 18:00:00+00:00,1761156000000,107778.45,108200.0,107463.29,108023.33,668.80381
2025-10-22 19:00:00+00:00,1761159600000,108023.33,108411.61,107685.61,107870.35,835.44242
2025-10-22 20:00:00+00:00,1761163200000,107870.35,108069.93,107500.0,107696.03,1003.6717
2025-10-22 21:00:00+00:00,1761166800000,107696.03,107749.02,106666.69,107207.98,1548.13803
2025-10-22 22:00:00+00:00,1761170400000,107207.98,107683.25,106917.57,107196.82,742.32871
2025-10-22 23:00:00+00:00,1761174000000,107196.82,107946.15,107169.69,107567.44,635.53433
2025-10-23 00:00:00+00:00,1761177600000,107567.45,107980.52,107500.0,107845.3,396.0602
2025-10-23 01:00:00+00:00,1761181200000,107845.3,108500.0,107813.2,108150.0,1012.18554
2025-10-23 02:00:00+00:00,1761184800000,108150.01,108410.3,108058.66,108410.29,360.75702
2025-10-23 03:00:00+00:00,1761188400000,108410.29,108720.39,108323.59,108377.96,604.50041
2025-10-23 04:00:00+00:00,1761192000000,108377.96,108940.33,108350.36,108644.32,394.82009
2025-10-23 05:00:00+00:00,1761195600000,108644.31,108991.81,108622.05,108940.58,448.44483
2025-10-23 06:00:00+00:00,1761199200000,108940.58,110298.29,108849.07,110246.94,1472.3024
2025-10-23 07:00:00+00:00,1761202800000,110246.93,110273.48,109207.75,109269.9,999.21853
2025-10-23 08:00:00+00:00,1761206400000,109269.9,109903.83,109245.48,109505.44,737.41671
2025-10-23 09:00:00+00:00,1761210000000,109505.45,109545.76,109123.01,109426.99,503.07972
2025-10-23 10:00:00+00:00,1761213600000,109427.0,109701.9,109370.05,109439.2,401.4903
2025-10-23 11:00:00+00:00,1761217200000,109439.2,109655.89,109100.4,109253.89,562.0243
2025-10-23 12:00:00+00:00,1761220800000,109253.88,109253.89,108685.72,109164.94,953.31213
2025-10-23 13:00:00+00:00,1761224400000,109164.95,109650.01,108800.01,109500.62,1286.55668
2025-10-23 14:00:00+00:00,1761228000000,109500.62,109851.62,108723.13,109594.9,1111.45274
2025-10-23 15:00:00+00:00,1761231600000,109594.9,110109.99,109486.38,109908.28,933.2687
2025-10-23 16:00:00+00:00,1761235200000,109908.29,110576.5,109647.34,110263.74,883.87893
2025-10-23 17:00:00+00:00,1761238800000,110263.74,111293.61,109650.0,111241.71,1605.70962
2025-10-23 18:00:00+00:00,1761242400000,111241.71,111289.36,110261.48,110571.66,761.73368
2025-10-23 19:00:00+00:00,1761246000000,110571.66,110619.9,110106.0,110200.0,388.99846
2025-10-23 20:00:00+00:00,1761249600000,110200.01,110200.01,109341.28,109524.81,629.20848
2025-10-23 21:00:00+00:00,1761253200000,109524.81,109727.22,109380.12,109532.97,424.08473
2025-10-23 22:00:00+00:00,1761256800000,109532.96,110158.37,109517.37,109943.94,443.21336
2025-10-23 23:00:00+00:00,1761260400000,109943.95,110099.17,109839.0,110078.18,259.37538
2025-10-24 00:00:00+00:00,1761264000000,110078.19,110709.22,109983.93,110500.28,531.07612
2025-10-24 01:00:00+00:00,1761267600000,110500.29,110665.53,110141.38,110585.08,371.9999
2025-10-24 02:00:00+00:00,1761271200000,110585.09,110829.67,110358.34,110570.12,303.69215
2025-10-24 03:00:00+00:00,1761274800000,110570.13,110630.81,110274.85,110441.46,332.11629
2025-10-24 04:00:00+00:00,1761278400000,110441.46,111470.32,110332.0,111178.55,958.63918
2025-10-24 05:00:00+00:00,1761282000000,111178.54,111310.31,110941.02,111261.36,515.30958
2025-10-24 06:00:00+00:00,1761285600000,111261.37,111488.0,111120.71,111464.36,480.6909
2025-10-24 07:00:00+00:00,1761289200000,111464.36,111522.3,110768.23,111054.61,750.55477
2025-10-24 08:00:00+00:00,1761292800000,111054.61,111226.02,110680.01,111097.8,627.57826
2025-10-24 09:00:00+00:00,1761296400000,111097.79,111482.99,111000.0,111324.51,446.13074
2025-10-24 10:00:00+00:00,1761300000000,111324.51,111325.42,111069.46,111114.03,346.40996
2025-10-24 11:00:00+00:00,1761303600000,111114.03,111267.99,110600.0,111066.29,561.52762
2025-10-24 12:00:00+00:00,1761307200000,111066.29,112104.98,110867.15,111297.01,1692.92113
2025-10-24 13:00:00+00:00,1761310800000,111297.02,111451.47,110379.51,110937.94,1200.08389
2025-10-24 14:00:00+00:00,1761314400000,110937.94,110937.95,109700.01,110219.17,1902.54077
2025-10-24 15:00:00+00:00,1761318000000,110219.17,110620.0,109896.51,110046.91,737.57678
2025-10-24 16:00:00+00:00,1761321600000,110046.92,110387.79,109797.13,110261.81,441.40283
2025-10-24 17:00:00+00:00,1761325200000,110261.81,110571.18,110180.74,110235.22,368.64619
2025-10-24 18:00:00+00:00,1761328800000,110235.22,110639.04,110166.0,110619.39,336.10914
2025-10-24 19:00:00+00:00,1761332400000,110619.39,110945.39,110525.06,110615.07,323.90966
2025-10-24 20:00:00+00:00,1761336000000,110615.07,111025.95,110478.0,110893.7,514.0647
2025-10-24 21:00:00+00:00,1761339600000,110893.69,111100.0,110646.64,111085.57,915.59401
2025-10-24 22:00:00+00:00,1761343200000,111085.57,111138.62,110927.23,111023.01,203.9224
2025-10-24 23:00:00+00:00,1761346800000,111023.01,111123.87,110882.05,111004.89,142.67216
2025-10-25 00:00:00+00:00,1761350400000,111004.9,111044.86,110672.86,110766.6,210.6583
2025-10-25 01:00:00+00:00,1761354000000,110766.61,111226.67,110750.0,111070.31,235.37952
2025-10-25 02:00:00+00:00,1761357600000,111070.31,111128.91,110950.02,111025.77,134.00021
2025-10-25 03:00:00+00:00,1761361200000,111025.77,111136.65,110998.21,111029.99,249.3111
2025-10-25 04:00:00+00:00,1761364800000,111029.99,111458.81,111029.99,111228.0,411.01306
2025-10-25 05:00:00+00:00,1761368400000,111228.0,111433.54,111093.99,111386.79,235.19046
2025-10-25 06:00:00+00:00,1761372000000,111386.78,111497.1,111261.01,111366.42,334.48878
2025-10-25 07:00:00+00:00,1761375600000,111366.43,111820.87,111366.43,111489.6,436.39799
2025-10-25 08:00:00+00:00,1761379200000,111489.59,111805.1,111488.44,111763.8,348.94057
2025-10-25 09:00:00+00:00,1761382800000,111763.81,111850.13,111491.62,111521.47,474.02907
2025-10-25 10:00:00+00:00,1761386400000,111521.47,111718.99,111375.81,111559.94,382.43284
2025-10-25 11:00:00+00:00,1761390000000,111559.94,111664.0,111480.68,111563.81,172.78406
2025-10-25 12:00:00+00:00,1761393600000,111563.81,111943.19,111530.38,111899.03,363.41104
2025-10-25 13:00:00+00:00,1761397200000,111899.03,111916.0,111520.0,111680.91,355.08597
2025-10-25 14:00:00+00:00,1761400800000,111680.92,111765.97,111520.01,111591.19,216.60101
2025-10-25 15:00:00+00:00,1761404400000,111591.2,111591.2,111311.19,111385.18,318.98695
2025-10-25 16:00:00+00:00,1761408000000,111385.18,111479.99,111164.39,111372.25,430.41077
2025-10-25 17:00:00+00:00,1761411600000,111372.25,111451.16,111300.0,111374.96,134.57742
2025-10-25 18:00:00+00:00,1761415200000,111374.97,111731.78,111317.34,111719.98,227.92326
2025-10-25 19:00:00+00:00,1761418800000,111719.98,111720.0,111579.75,111623.45,170.60799
2025-10-25 20:00:00+00:00,1761422400000,111623.46,111659.39,111370.0,111431.94,154.33849
2025-10-25 21:00:00+00:00,1761426000000,111431.94,111477.76,111342.25,111477.76,133.46965
2025-10-25 22:00:00+00:00,1761429600000,111477.76,111683.64,111409.54,111621.69,159.63737
2025-10-25 23:00:00+00:00,1761433200000,111621.69,111675.49,111535.48,111646.27,118.29276
2025-10-26 00:00:00+00:00,1761436800000,111646.27,111899.56,111544.15,111715.98,370.92714
2025-10-26 01:00:00+00:00,1761440400000,111715.98,111835.85,111520.0,111644.42,270.69687
2025-10-26 02:00:00+00:00,1761444000000,111644.41,111687.37,111408.54,111448.85,214.46307
2025-10-26 03:00:00+00:00,1761447600000,111448.85,111500.0,111260.45,111260.46,170.69475
2025-10-26 04:00:00+00:00,1761451200000,111260.46,111479.99,111260.46,111430.4,129.38461
2025-10-26 05:00:00+00:00,1761454800000,111430.39,111650.9,111367.19,111615.32,209.94274
2025-10-26 06:00:00+00:00,1761458400000,111615.33,111686.65,111548.75,111635.95,156.20448
2025-10-26 07:00:00+00:00,1761462000000,111635.96,111724.96,111620.02,111723.98,169.97811
2025-10-26 08:00:00+00:00,1761465600000,111723.98,111850.0,111723.98,111776.94,240.40616
2025-10-26 09:00:00+00:00,1761469200000,111776.94,112779.81,111708.63,112528.83,1330.29795
2025-10-26 10:00:00+00:00,1761472800000,112528.82,112571.26,112189.33,112477.1,337.77399
2025-10-26 11:00:00+00:00,1761476400000,112477.11,113466.23,112430.56,113286.09,1079.09408
2025-10-26 12:00:00+00:00,1761480000000,113286.09,113827.02,113279.85,113575.05,1229.55057
2025-10-26 13:00:00+00:00,1761483600000,113575.06,114000.0,113283.8,113711.53,1099.62143
2025-10-26 14:00:00+00:00,1761487200000,113711.53,113885.27,113544.02,113575.36,739.58798
2025-10-26 15:00:00+00:00,1761490800000,113575.35,113725.48,113425.87,113694.97,437.55153
2025-10-26 16:00:00+00:00,1761494400000,113694.97,113761.98,113290.62,113517.53,556.71599
2025-10-26 17:00:00+00:00,1761498000000,113517.54,113747.85,113442.12,113442.13,319.42533
2025-10-26 18:00:00+00:00,1761501600000,113442.14,113793.93,113442.13,113575.15,279.3019
2025-10-26 19:00:00+00:00,1761505200000,113575.15,113720.63,113503.82,113585.99,204.67267
2025-10-26 20:00:00+00:00,1761508800000,113585.98,113585.98,113283.11,113320.8,248.1548
2025-10-26 21:00:00+00:00,1761512400000,113320.8,113590.48,112901.0,113497.06,464.11186
2025-10-26 22:00:00+00:00,1761516000000,113497.06,115466.8,113497.06,114681.33,2524.96249
2025-10-26 23:00:00+00:00,1761519600000,114681.34,114966.15,114385.13,114559.4,670.95687
2025-10-27 00:00:00+00:00,1761523200000,114559.41,115176.47,114362.26,114767.29,1142.27258
2025-10-27 01:00:00+00:00,1761526800000,114767.28,115388.96,114710.92,115284.01,725.93495
2025-10-27 02:00:00+00:00,1761530400000,115284.01,115445.39,114815.6,114883.39,826.25748
2025-10-27 03:00:00+00:00,1761534000000,114883.4,115242.65,114829.48,114958.51,587.18766
2025-10-27 04:00:00+00:00,1761537600000,114958.52,115283.27,114938.01,115256.44,400.40691
2025-10-27 05:00:00+00:00,1761541200000,115256.43,115652.89,115256.43,115556.57,828.01463
2025-10-27 06:00:00+00:00,1761544800000,115556.56,116129.5,115361.65,116053.49,1794.85942
2025-10-27 07:00:00+00:00,1761548400000,116053.5,116400.0,115489.53,115554.6,2455.66454
2025-10-27 08:00:00+00:00,1761552000000,115554.59,115607.48,114900.0,115014.88,1249.66033
2025-10-27 09:00:00+00:00,1761555600000,115014.88,115356.99,114814.69,115254.01,1148.54888
2025-10-27 10:00:00+00:00,1761559200000,115254.01,115550.02,115120.9,115447.94,557.73562
2025-10-27 11:00:00+00:00,1761562800000,115447.93,115528.74,115128.04,115362.02,745.97843
2025-10-27 12:00:00+00:00,1761566400000,115362.02,115437.48,115000.0,115065.67,1172.23501
2025-10-27 13:00:00+00:00,1761570000000,115065.96,115415.99,114566.83,115264.28,1010.17279
2025-10-27 14:00:00+00:00,1761573600000,115264.29,115358.0,114503.99,114810.05,987.16577
2025-10-27 15:00:00+00:00,1761577200000,114810.06,115224.44,114778.0,114969.68,1323.86576
2025-10-27 16:00:00+00:00,1761580800000,114969.68,115636.86,114872.12,115497.57,818.25063
2025-10-27 17:00:00+00:00,1761584400000,115497.57,115706.06,115311.19,115706.06,442.08673
2025-10-27 18:00:00+00:00,1761588000000,115706.06,115790.0,115325.0,115342.19,400.61809
2025-10-27 19:00:00+00:00,1761591600000,115342.18,115342.19,114790.81,114942.64,597.25209
2025-10-27 20:00:00+00:00,1761595200000,114942.64,114942.64,114408.0,114455.17,550.98109
2025-10-27 21:00:00+00:00,1761598800000,114455.17,114626.99,114135.61,114302.7,494.80813
2025-10-27 22:00:00+00:00,1761602400000,114302.69,114585.01,114059.4,114112.51,475.05268
2025-10-27 23:00:00+00:00,1761606000000,114112.5,114226.23,113830.01,114107.65,715.22221
2025-10-28 00:00:00+00:00,1761609600000,114107.65,114374.2,113788.32,113961.67,554.9177
2025-10-28 01:00:00+00:00,1761613200000,113961.67,114547.2,113961.67,114424.76,485.50547
2025-10-28 02:00:00+00:00,1761616800000,114424.76,114474.1,113569.91,113936.94,686.4219
2025-10-28 03:00:00+00:00,1761620400000,113936.93,114109.86,113717.0,113908.24,457.29772
2025-10-28 04:00:00+00:00,1761624000000,113908.25,114076.91,113761.71,113964.59,440.12507
2025-10-28 05:00:00+00:00,1761627600000,113964.6,113981.73,113483.3,113605.31,628.71639
2025-10-28 06:00:00+00:00,1761631200000,113605.32,114186.01,113605.32,114115.52,542.51916
2025-10-28 07:00:00+00:00,1761634800000,114115.52,114364.99,114091.51,114188.37,579.31808
2025-10-28 08:00:00+00:00,1761638400000,114188.38,114480.19,114113.3,114427.23,307.52828
2025-10-28 09:00:00+00:00,1761642000000,114427.23,114634.46,114205.28,114528.6,373.30544
2025-10-28 10:00:00+00:00,1761645600000,114528.61,114608.78,114429.78,114595.71,230.0126
2025-10-28 11:00:00+00:00,1761649200000,114595.7,114673.68,114297.06,114357.73,326.08736
2025-10-28 12:00:00+00:00,1761652800000,114357.72,114517.29,114138.06,114449.55,421.93096
2025-10-28 13:00:00+00:00,1761656400000,114449.55,115522.91,114449.55,115522.9,1045.59275
2025-10-28 14:00:00+00:00,1761660000000,115522.91,116086.0,114223.63,115068.17,1820.63839
2025-10-28 15:00:00+00:00,1761663600000,115068.18,115425.84,114516.0,114641.38,720.35046
2025-10-28 16:00:00+00:00,1761667200000,114641.38,115500.0,114530.0,115341.59,754.64859
2025-10-28 17:00:00+00:00,1761670800000,115341.59,115591.41,115229.45,115290.0,436.8649
2025-10-28 18:00:00+00:00,1761674400000,115289.99,115366.45,114642.94,115022.8,370.32321
2025-10-28 19:00:00+00:00,1761678000000,115022.8,115075.08,113566.44,113689.99,1157.95866
2025-10-28 20:00:00+00:00,1761681600000,113689.0,113703.32,112324.82,112808.05,1738.00789
2025-10-28 21:00:00+00:00,1761685200000,112808.05,113225.53,112211.0,112994.4,726.23538
2025-10-28 22:00:00+00:00,1761688800000,112994.41,113289.02,112838.81,113224.08,336.06989
2025-10-28 23:00:00+00:00,1761692400000,113224.08,113224.08,112779.57,112898.45,383.04632
2025-10-29 00:00:00+00:00,1761696000000,112898.44,112898.45,112442.87,112442.88,505.29871
2025-10-29 01:00:00+00:00,1761699600000,112442.87,112975.75,112100.0,112500.03,916.66416
2025-10-29 02:00:00+00:00,1761703200000,112500.03,112780.0,112414.47,112666.75,352.69724
2025-10-29 03:00:00+00:00,1761706800000,112666.75,112666.75,112339.77,112523.49,301.5613
2025-10-29 04:00:00+00:00,1761710400000,112523.49,112878.65,112505.58,112810.55,311.50456
2025-10-29 05:00:00+00:00,1761714000000,112810.56,113379.0,112807.34,113039.1,640.93765
2025-10-29 06:00:00+00:00,1761717600000,113039.09,113348.78,112976.93,113284.2,443.58086
2025-10-29 07:00:00+00:00,1761721200000,113284.21,113577.9,113240.01,113577.9,640.61019
2025-10-29 08:00:00+00:00,1761724800000,113577.9,113624.12,112956.0,113070.94,507.26681
2025-10-29 09:00:00+00:00,1761728400000,113070.94,113105.08,112768.63,112974.44,659.57288
2025-10-29 10:00:00+00:00,1761732000000,112974.44,113186.58,112732.91,112870.01,425.8713
2025-10-29 11:00:00+00:00,1761735600000,112870.0,113240.72,112741.26,113132.36,378.28227
2025-10-29 12:00:00+00:00,1761739200000,113132.35,113325.13,113050.01,113139.13,343.38468
2025-10-29 13:00:00+00:00,1761742800000,113139.13,113643.73,112705.0,112873.07,1155.92441
2025-10-29 14:00:00+00:00,1761746400000,112873.08,112916.0,112234.74,112488.44,1185.34226
2025-10-29 15:00:00+00:00,1761750000000,112488.45,112564.31,111401.5,111509.74,1921.74476
2025-10-29 16:00:00+00:00,1761753600000,111509.74,111523.32,110960.0,111106.35,1388.36304
2025-10-29 17:00:00+00:00,1761757200000,111106.35,111922.44,111002.23,111883.49,811.18965
2025-10-29 18:00:00+00:00,1761760800000,111883.5,112030.23,109200.0,110806.38,4372.18973
2025-10-29 19:00:00+00:00,1761764400000,110806.38,111438.65,110157.03,110640.0,1170.09639
2025-10-29 20:00:00+00:00,1761768000000,110640.0,111538.16,110403.28,111433.46,728.51015
2025-10-29 21:00:00+00:00,1761771600000,111433.45,111800.0,111368.02,111617.26,405.07841
2025-10-29 22:00:00+00:00,1761775200000,111617.26,111618.46,110949.68,111028.2,447.25113
2025-10-29 23:00:00+00:00,1761778800000,111028.2,111077.76,109733.22,110021.29,1066.79122
2025-10-30 00:00:00+00:00,1761782400000,110021.3,110583.86,109703.43,110559.48,649.59178
2025-10-30 01:00:00+00:00,1761786000000,110559.48,110725.64,110257.77,110460.76,575.63954
2025-10-30 02:00:00+00:00,1761789600000,110460.75,111011.99,110331.04,110985.92,488.21463
2025-10-30 03:00:00+00:00,1761793200000,110985.93,110985.93,110538.68,110751.47,628.73987
2025-10-30 04:00:00+00:00,1761796800000,110751.48,110761.43,107925.06,108575.27,3536.96505
2025-10-30 05:00:00+00:00,1761800400000,108575.26,110434.58,108420.0,110248.29,1212.17428
2025-10-30 06:00:00+00:00,1761804000000,110248.28,110964.09,109978.01,110768.01,1000.82897
2025-10-30 07:00:00+00:00,1761807600000,110768.01,111592.0,110639.25,111366.72,831.79805
2025-10-30 08:00:00+00:00,1761811200000,111366.72,111467.01,110681.22,110714.31,1187.21618
2025-10-30 09:00:00+00:00,1761814800000,110714.31,110814.0,110125.17,110171.69,659.11121
2025-10-30 10:00:00+00:00,1761818400000,110171.68,110231.92,109829.54,110105.75,573.15523
2025-10-30 11:00:00+00:00,1761822000000,110105.75,110144.25,109692.3,109717.29,551.05951
2025-10-30 12:00:00+00:00,1761825600000,109717.19,109777.93,108280.65,108387.86,1449.48653
2025-10-30 13:00:00+00:00,1761829200000,108387.86,108728.54,107400.0,107627.16,2868.53704
2025-10-30 14:00:00+00:00,1761832800000,107627.15,108374.21,107610.44,108285.54,1206.17345
2025-10-30 15:00:00+00:00,1761836400000,108285.54,108350.44,107328.0,107711.56,1019.91386
2025-10-30 16:00:00+00:00,1761840000000,107711.56,108214.85,107559.98,108144.57,667.54851
2025-10-30 17:00:00+00:00,1761843600000,108144.58,108150.56,106801.0,107486.69,1492.47982
2025-10-30 18:00:00+00:00,1761847200000,107486.69,107556.65,106791.78,106837.09,766.54153
2025-10-30 19:00:00+00:00,1761850800000,106837.09,107158.62,106304.34,106536.39,1440.69222
2025-10-30 20:00:00+00:00,1761854400000,106536.39,107652.0,106316.17,107510.91,1205.05225
2025-10-30 21:00:00+00:00,1761858000000,107510.91,107950.0,107400.0,107907.68,846.16919
2025-10-30 22:00:00+00:00,1761861600000,107907.67,107939.0,107472.0,107912.81,333.78851
2025-10-30 23:00:00+00:00,1761865200000,107912.81,108334.53,107600.01,108322.88,797.95117
2025-10-31 00:00:00+00:00,1761868800000,108322.87,109586.94,108275.28,109317.21,1084.42941
2025-10-31 01:00:00+00:00,1761872400000,109317.21,110042.16,109180.0,109619.77,1402.71517
2025-10-31 02:00:00+00:00,1761876000000,109619.77,109685.32,108565.26,108857.99,866.79172
2025-10-31 03:00:00+00:00,1761879600000,108858.0,109324.4,108613.11,109227.86,820.345
2025-10-31 04:00:00+00:00,1761883200000,109227.87,110215.0,109114.88,110084.02,1133.07928
2025-10-31 05:00:00+00:00,1761886800000,110084.02,110084.03,109691.92,109899.15,939.00824
2025-10-31 06:00:00+00:00,1761890400000,109899.15,109968.71,109517.49,109650.0,532.21593
2025-10-31 07:00:00+00:00,1761894000000,109650.0,109807.9,109266.58,109449.31,994.16577
2025-10-31 08:00:00+00:00,1761897600000,109449.32,110100.0,109214.13,110062.44,719.63357
2025-10-31 09:00:00+00:00,1761901200000,110062.45,110450.0,109807.89,109848.39,632.93862
2025-10-31 10:00:00+00:00,1761904800000,109848.39,110117.32,109710.08,109819.2,375.06762
2025-10-31 11:00:00+00:00,1761908400000,109819.21,110550.0,109461.53,110415.61,712.18313
2025-10-31 12:00:00+00:00,1761912000000,110415.62,110681.0,109619.94,109653.19,904.10139
2025-10-31 13:00:00+00:00,1761915600000,109653.2,110240.0,109366.91,110157.54,1164.32028
2025-10-31 14:00:00+00:00,1761919200000,110157.54,111054.61,109590.46,110790.14,2487.24179
2025-10-31 15:00:00+00:00,1761922800000,110790.14,111190.0,110132.02,110202.9,1557.65344
2025-10-31 16:00:00+00:00,1761926400000,110202.9,110300.0,108671.25,108845.4,1222.91214
2025-10-31 17:00:00+00:00,1761930000000,108845.4,109417.91,108635.0,109299.98,1008.03929
2025-10-31 18:00:00+00:00,1761933600000,109299.98,109817.51,108974.76,109452.35,808.98594
2025-10-31 19:00:00+00:00,1761937200000,109452.2,110237.66,109114.52,109828.78,824.47324
2025-10-31 20:00:00+00:00,1761940800000,109828.78,109828.79,109438.12,109493.85,531.7637
2025-10-31 21:00:00+00:00,1761944400000,109493.84,109750.0,109329.15,109558.48,331.78769
2025-10-31 22:00:00+00:00,1761948000000,109558.48,109801.89,109483.66,109580.09,286.93529
2025-10-31 23:00:00+00:00,1761951600000,109580.08,109683.31,109518.22,109608.01,177.41674
2025-11-01 00:00:00+00:00,1761955200000,109608.01,109751.99,109394.81,109730.78,314.60723
2025-11-01 01:00:00+00:00,1761958800000,109730.78,110048.0,109699.84,109734.11,205.95055
2025-11-01 02:00:00+00:00,1761962400000,109734.1,109872.29,109478.09,109790.27,322.30901
2025-11-01 03:00:00+00:00,1761966000000,109790.27,110315.54,109789.17,110226.37,486.66403
2025-11-01 04:00:00+00:00,1761969600000,110226.38,110564.49,110109.58,110291.67,486.28878
2025-11-01 05:00:00+00:00,1761973200000,110291.66,110382.87,110050.0,110140.79,231.47577
2025-11-01 06:00:00+00:00,1761976800000,110140.78,110175.38,109933.86,110004.82,272.1363
2025-11-01 07:00:00+00:00,1761980400000,110004.82,110251.67,109992.78,110071.4,284.01087
2025-11-01 08:00:00+00:00,1761984000000,110071.4,110270.9,110071.4,110248.88,310.52873
2025-11-01 09:00:00+00:00,1761987600000,110248.88,110254.55,109970.18,109991.29,350.98951
2025-11-01 10:00:00+00:00,1761991200000,109991.29,110169.23,109854.72,110147.83,273.03449
2025-11-01 11:00:00+00:00,1761994800000,110147.83,110238.78,110000.01,110137.59,193.43473
2025-11-01 12:00:00+00:00,1761998400000,110137.59,110200.0,110000.01,110017.27,289.94506
2025-11-01 13:00:00+00:00,1762002000000,110017.26,110054.96,109702.66,109946.27,273.80468
2025-11-01 14:00:00+00:00,1762005600000,109946.26,109993.98,109728.94,109933.85,343.69011
2025-11-01 15:00:00+00:00,1762009200000,109933.86,110348.0,109910.22,110310.65,619.56524
2025-11-01 16:00:00+00:00,1762012800000,110310.65,110529.99,110208.49,110464.33,670.42039
2025-11-01 17:00:00+00:00,1762016400000,110464.33,110495.04,110192.0,110208.97,297.51556
2025-11-01 18:00:00+00:00,1762020000000,110208.96,110361.03,110193.43,110341.27,169.41416
2025-11-01 19:00:00+00:00,1762023600000,110341.28,110341.28,110220.77,110299.99,109.98551
2025-11-01 20:00:00+00:00,1762027200000,110300.0,110516.17,110298.17,110406.2,211.21273
2025-11-01 21:00:00+00:00,1762030800000,110406.21,110426.0,109858.44,109862.85,273.04557
2025-11-01 22:00:00+00:00,1762034400000,109862.85,110098.59,109862.84,110092.78,259.45939
2025-11-01 23:00:00+00:00,1762038000000,110092.79,110144.49,109974.0,110098.1,129.01591
2025-11-02 00:00:00+00:00,1762041600000,110098.1,110127.26,109895.27,109974.09,318.19118
2025-11-02 01:00:00+00:00,1762045200000,109974.09,110091.36,109921.05,109978.01,159.66153
2025-11-02 02:00:00+00:00,1762048800000,109978.01,110263.91,109879.39,110015.77,233.11834
2025-11-02 03:00:00+00:00,1762052400000,110015.76,110086.82,109962.06,110053.23,145.30218
2025-11-02 04:00:00+00:00,1762056000000,110053.22,110784.13,110030.06,110670.27,1380.24287
2025-11-02 05:00:00+00:00,1762059600000,110670.27,110714.04,110274.65,110497.98,1261.57372
2025-11-02 06:00:00+00:00,1762063200000,110497.98,110725.9,110274.9,110663.89,867.8504
2025-11-02 07:00:00+00:00,1762066800000,110663.9,111045.09,110429.7,110895.53,919.53603
2025-11-02 08:00:00+00:00,1762070400000,110895.53,111013.43,110716.52,110850.17,518.6449
2025-11-02 09:00:00+00:00,1762074000000,110850.17,111037.94,110525.89,110714.0,566.42995
2025-11-02 10:00:00+00:00,1762077600000,110714.0,110876.53,110346.15,110492.0,715.95933
2025-11-02 11:00:00+00:00,1762081200000,110491.99,111229.78,110482.6,111196.99,627.26421
2025-11-02 12:00:00+00:00,1762084800000,111196.99,111250.01,110678.25,110736.24,460.53292
2025-11-02 13:00:00+00:00,1762088400000,110736.24,110766.79,110173.84,110568.65,420.28873
2025-11-02 14:00:00+00:00,1762092000000,110568.65,110667.62,110202.16,110422.24,420.72705
2025-11-02 15:00:00+00:00,1762095600000,110422.24,110566.86,110096.32,110117.48,387.83077
2025-11-02 16:00:00+00:00,1762099200000,110117.49,110143.53,109735.59,110115.34,614.25585
2025-11-02 17:00:00+00:00,1762102800000,110115.34,110263.91,110027.93,110190.4,215.89779
2025-11-02 18:00:00+00:00,1762106400000,110190.41,110331.0,110174.33,110331.0,137.67403
2025-11-02 19:00:00+00:00,1762110000000,110331.0,110331.0,109960.95,110180.84,217.64836
2025-11-02 20:00:00+00:00,1762113600000,110180.85,110213.2,109890.34,110086.7,208.23814
2025-11-02 21:00:00+00:00,1762117200000,110086.7,110126.94,109972.0,109990.9,196.61258
2025-11-02 22:00:00+00:00,1762120800000,109990.91,110012.0,109471.34,109899.99,458.99057
2025-11-02 23:00:00+00:00,1762124400000,109900.0,110742.26,109900.0,110540.68,654.52944
2025-11-03 00:00:00+00:00,1762128000000,110540.69,110750.0,109757.1,109757.11,449.08984
2025-11-03 01:00:00+00:00,1762131600000,109757.1,109910.33,109366.75,109665.5,905.23675
2025-11-03 02:00:00+00:00,1762135200000,109665.5,109754.14,108666.66,109033.83,1088.01796
2025-11-03 03:00:00+00:00,1762138800000,109033.84,109155.74,107907.44,107937.45,1524.18495
2025-11-03 04:00:00+00:00,1762142400000,107937.45,107999.53,107480.13,107900.37,1058.5459
2025-11-03 05:00:00+00:00,1762146000000,107900.37,108075.0,107400.0,107606.75,815.12463
2025-11-03 06:00:00+00:00,1762149600000,107606.75,107714.05,107006.05,107494.23,1115.28935
2025-11-03 07:00:00+00:00,1762153200000,107494.24,107832.45,107272.93,107468.23,874.56308
2025-11-03 08:00:00+00:00,1762156800000,107468.23,107705.15,106888.0,107586.97,1033.44721
2025-11-03 09:00:00+00:00,1762160400000,107586.98,107912.86,107083.33,107197.94,675.70561
2025-11-03 10:00:00+00:00,1762164000000,107197.95,107621.06,106726.63,106974.99,987.3979
2025-11-03 11:00:00+00:00,1762167600000,106974.99,107920.92,106963.0,107787.42,774.01269
2025-11-03 12:00:00+00:00,1762171200000,107787.42,108265.44,107713.1,107768.9,742.62608
2025-11-03 13:00:00+00:00,1762174800000,107768.91,108068.59,107574.77,107908.68,647.66063
2025-11-03 14:00:00+00:00,1762178400000,107908.68,108333.0,107369.01,108059.99,919.91286
2025-11-03 15:00:00+00:00,1762182000000,108060.0,108148.81,105511.0,105745.71,3853.95819
2025-11-03 16:00:00+00:00,1762185600000,105745.71,106798.01,105306.56,106678.44,3622.24107
2025-11-03 17:00:00+00:00,1762189200000,106678.43,107783.2,106536.11,107481.19,1563.75664
2025-11-03 18:00:00+00:00,1762192800000,107481.2,107599.85,106813.0,106961.62,1651.54985
2025-11-03 19:00:00+00:00,1762196400000,106961.61,107395.25,106455.23,107090.0,950.86728
2025-11-03 20:00:00+00:00,1762200000000,107090.0,107169.68,106310.43,106657.55,850.2085
2025-11-03 21:00:00+00:00,1762203600000,106657.55,107094.27,106088.73,106888.71,790.25915
2025-11-03 22:00:00+00:00,1762207200000,106888.71,106888.71,105755.59,106489.95,1150.56648
2025-11-03 23:00:00+00:00,1762210800000,106489.94,106750.0,106030.14,106583.04,636.96519
2025-11-04 00:00:00+00:00,1762214400000,106583.05,106808.51,105852.37,106471.45,1195.65517
2025-11-04 01:00:00+00:00,1762218000000,106471.45,107298.74,106277.46,107040.01,1133.99025
2025-11-04 02:00:00+00:00,1762221600000,107040.0,107243.23,106477.1,106482.6,701.66328
2025-11-04 03:00:00+00:00,1762225200000,106482.61,107233.83,106223.14,107158.79,1057.66983
2025-11-04 04:00:00+00:00,1762228800000,107158.79,107299.0,106703.82,106750.14,745.43101
2025-11-04 05:00:00+00:00,1762232400000,106750.14,106750.15,104200.0,104215.76,3268.3578
2025-11-04 06:00:00+00:00,1762236000000,104215.76,105201.0,104200.0,104766.14,2382.47316
2025-11-04 07:00:00+00:00,1762239600000,104766.14,104997.64,104317.56,104490.72,1633.60477
2025-11-04 08:00:00+00:00,1762243200000,104490.73,104631.39,103759.99,104051.9,1804.04853
2025-11-04 09:00:00+00:00,1762246800000,104051.9,104138.65,103636.0,103857.96,1455.72161
2025-11-04 10:00:00+00:00,1762250400000,103857.96,104106.55,103605.0,103816.39,1073.24239
2025-11-04 11:00:00+00:00,1762254000000,103816.39,104699.07,103774.33,104584.76,988.08793
2025-11-04 12:00:00+00:00,1762257600000,104584.75,104638.29,103844.39,103952.54,1216.95881
2025-11-04 13:00:00+00:00,1762261200000,103952.54,104243.67,103576.0,103924.25,1018.30395
2025-11-04 14:00:00+00:00,1762264800000,103924.26,104694.28,102915.05,104500.01,2915.82303
2025-11-04 15:00:00+00:00,1762268400000,104500.01,104842.63,103185.89,103197.01,2271.81312
2025-11-04 16:00:00+00:00,1762272000000,103197.02,103500.05,102164.0,102257.7,3313.32683
2025-11-04 17:00:00+00:00,1762275600000,102257.7,102257.7,100800.0,101114.83,4223.40802
2025-11-04 18:00:00+00:00,1762279200000,101114.82,101492.74,100010.73,101363.98,4101.41064
2025-11-04 19:00:00+00:00,1762282800000,101363.97,101711.84,100414.0,100542.64,1814.79036
2025-11-04 20:00:00+00:00,1762286400000,100542.64,101119.4,99600.0,100755.43,4335.57159
2025-11-04 21:00:00+00:00,1762290000000,100755.42,100831.49,98944.36,100311.46,4105.7665
2025-11-04 22:00:00+00:00,1762293600000,100311.46,101893.09,100082.0,101295.71,2258.84809
2025-11-04 23:00:00+00:00,1762297200000,101295.7,101740.0,100907.36,101497.22,1518.90709
2025-11-05 00:00:00+00:00,1762300800000,101497.23,101752.96,100350.0,100564.3,1452.38181
2025-11-05 01:00:00+00:00,1762304400000,100564.3,101015.01,98966.8,100761.62,3025.00486
2025-11-05 02:00:00+00:00,1762308000000,100761.62,101922.98,100754.54,101677.93,3700.99085
2025-11-05 03:00:00+00:00,1762311600000,101677.94,102272.23,101461.98,102130.0,2834.46709
2025-11-05 04:00:00+00:00,1762315200000,102130.0,102236.92,101517.47,101998.3,2059.55564
2025-11-05 05:00:00+00:00,1762318800000,101998.3,102370.0,101595.0,101824.89,1088.37371
2025-11-05 06:00:00+00:00,1762322400000,101824.89,102139.36,101500.0,102119.99,869.66608
2025-11-05 07:00:00+00:00,1762326000000,102120.0,102152.58,101601.71,101993.02,644.24535
2025-11-05 08:00:00+00:00,1762329600000,101993.03,102000.02,101176.47,101699.74,1179.77273
2025-11-05 09:00:00+00:00,1762333200000,101699.74,102203.48,101608.0,101995.29,785.11664
2025-11-05 10:00:00+00:00,1762336800000,101995.28,101995.29,101285.09,101401.97,724.99165
2025-11-05 11:00:00+00:00,1762340400000,101401.97,102110.48,101381.68,102070.61,887.62047
2025-11-05 12:00:00+00:00,1762344000000,102070.62,102800.71,101916.77,102673.35,1241.26951
2025-11-05 13:00:00+00:00,1762347600000,102673.34,103253.39,102291.82,102985.91,1451.5824
2025-11-05 14:00:00+00:00,1762351200000,102985.9,103470.0,102169.06,103202.3,1801.60223
2025-11-05 15:00:00+00:00,1762354800000,103202.3,103798.37,102829.51,103728.3,1851.46451
2025-11-05 16:00:00+00:00,1762358400000,103728.3,104039.66,103057.56,103919.2,1677.80348
2025-11-05 17:00:00+00:00,1762362000000,103919.2,104000.0,103388.46,103904.05,1795.89346
2025-11-05 18:00:00+00:00,1762365600000,103904.05,104429.75,103759.53,104347.4,1222.46217
2025-11-05 19:00:00+00:00,1762369200000,104347.41,104529.41,103986.96,104008.09,796.61274
2025-11-05 20:00:00+00:00,1762372800000,104008.09,104534.74,103620.0,103831.22,881.47869
2025-11-05 21:00:00+00:00,1762376400000,103831.22,103831.22,103500.8,103672.37,586.96502
2025-11-05 22:00:00+00:00,1762380000000,103672.38,103798.95,103305.05,103706.55,686.44411
2025-11-05 23:00:00+00:00,1762383600000,103706.55,104100.0,103667.26,103885.16,533.01051
2025-11-06 00:00:00+00:00,1762387200000,103885.16,103897.86,103324.21,103677.72,1223.43533
2025-11-06 01:00:00+00:00,1762390800000,103677.71,103677.72,102716.26,103365.65,1156.07343
2025-11-06 02:00:00+00:00,1762394400000,103365.64,103567.93,102855.66,103321.81,711.05988
2025-11-06 03:00:00+00:00,1762398000000,103321.8,103933.33,103315.48,103636.03,691.22573
2025-11-06 04:00:00+00:00,1762401600000,103636.92,104200.0,103580.0,104030.79,671.34024
2025-11-06 05:00:00+00:00,1762405200000,104030.8,104030.8,103088.0,103143.57,755.30818
2025-11-06 06:00:00+00:00,1762408800000,103143.57,103591.47,103006.17,103318.75,555.63033
2025-11-06 07:00:00+00:00,1762412400000,103318.76,103561.94,102910.66,103185.48,988.58677
2025-11-06 08:00:00+00:00,1762416000000,103184.75,103440.0,102971.99,103200.26,647.13062
2025-11-06 09:00:00+00:00,1762419600000,103200.26,103261.93,102810.0,102810.01,536.64925
2025-11-06 10:00:00+00:00,1762423200000,102810.01,103288.59,102651.63,103122.54,932.94397
2025-11-06 11:00:00+00:00,1762426800000,103122.54,103300.01,102743.82,103227.58,540.52931
2025-11-06 12:00:00+00:00,1762430400000,103227.59,103333.18,102383.64,102552.38,1051.14565
2025-11-06 13:00:00+00:00,1762434000000,102552.39,103626.46,102552.38,103319.71,941.18298
2025-11-06 14:00:00+00:00,1762437600000,103319.71,103579.68,102044.63,102125.0,1661.00797
2025-11-06 15:00:00+00:00,1762441200000,102124.99,102932.94,101630.0,102014.48,3027.20967
2025-11-06 16:00:00+00:00,1762444800000,102014.49,102393.51,100300.95,100867.2,3035.72721
2025-11-06 17:00:00+00:00,1762448400000,100867.19,101946.31,100770.57,101804.01,1310.77048
2025-11-06 18:00:00+00:00,1762452000000,101804.02,102338.0,100916.74,101722.13,956.16247
2025-11-06 19:00:00+00:00,1762455600000,101722.12,101999.44,101202.73,101388.81,756.60374
2025-11-06 20:00:00+00:00,1762459200000,101388.82,101643.28,100638.55,100914.11,812.36283
2025-11-06 21:00:00+00:00,1762462800000,100914.11,101220.9,100541.17,101117.17,938.29195
2025-11-06 22:00:00+00:00,1762466400000,101117.17,101480.0,101009.7,101415.05,639.89634
2025-11-06 23:00:00+00:00,1762470000000,101415.05,101538.0,101132.6,101346.04,1274.34706
2025-11-07 00:00:00+00:00,1762473600000,101346.04,101640.0,100749.94,101479.78,823.54705
2025-11-07 01:00:00+00:00,1762477200000,101479.79,101894.83,100905.1,101538.96,1095.04627
2025-11-07 02:00:00+00:00,1762480800000,101538.96,101928.99,101242.79,101905.11,779.48744
2025-11-07 03:00:00+00:00,1762484400000,101905.12,102500.0,101876.03,101916.29,1267.53296
2025-11-07 04:00:00+00:00,1762488000000,101916.3,102100.25,101582.92,102027.19,798.08441
2025-11-07 05:00:00+00:00,1762491600000,102027.2,102527.0,102024.75,102447.47,701.21696
2025-11-07 06:00:00+00:00,1762495200000,102447.48,102496.0,101819.1,101819.1,469.88373
2025-11-07 07:00:00+00:00,1762498800000,101819.11,102010.0,101638.43,102010.0,1093.42589
2025-11-07 08:00:00+00:00,1762502400000,102009.99,102050.0,101438.39,101496.18,817.45963
2025-11-07 09:00:00+00:00,1762506000000,101496.18,101512.51,100775.65,101013.66,1382.92001
2025-11-07 10:00:00+00:00,1762509600000,101013.67,101250.03,100564.43,100770.85,1279.53134
2025-11-07 11:00:00+00:00,1762513200000,100770.85,100796.86,99803.58,100411.89,3120.50016
2025-11-07 12:00:00+00:00,1762516800000,100411.89,100625.0,99260.86,99638.28,1799.68202
2025-11-07 13:00:00+00:00,1762520400000,99638.29,100579.72,99455.1,100347.35,1635.46609
2025-11-07 14:00:00+00:00,1762524000000,100347.35,100922.78,99519.32,100806.08,2597.13075
2025-11-07 15:00:00+00:00,1762527600000,100806.7,101253.99,100353.45,100797.95,2600.73788
2025-11-07 16:00:00+00:00,1762531200000,100797.95,101628.43,100517.06,101169.2,1975.20246
2025-11-07 17:00:00+00:00,1762534800000,101169.19,102736.84,100942.73,102397.12,2091.96075
2025-11-07 18:00:00+00:00,1762538400000,102397.13,102859.99,102282.2,102609.46,1585.11088
2025-11-07 19:00:00+00:00,1762542000000,102609.46,103395.25,102481.75,103395.25,1184.29403
2025-11-07 20:00:00+00:00,1762545600000,103395.92,103900.0,102958.0,103783.09,970.62813
2025-11-07 21:00:00+00:00,1762549200000,103783.08,103879.23,103311.33,103879.23,743.31566
2025-11-07 22:00:00+00:00,1762552800000,103879.22,104096.36,103595.38,103633.03,736.65333
2025-11-07 23:00:00+00:00,1762556400000,103633.04,103759.36,103329.79,103339.08,510.69159
2025-11-08 00:00:00+00:00,1762560000000,103339.09,103406.22,102539.49,102713.15,877.26495
2025-11-08 01:00:00+00:00,1762563600000,102713.15,103240.32,102662.25,102996.84,498.24095
2025-11-08 02:00:00+00:00,1762567200000,102996.85,103333.33,102766.31,102846.65,494.72835
2025-11-08 03:00:00+00:00,1762570800000,102846.66,103293.21,102592.75,102592.76,531.57226
2025-11-08 04:00:00+00:00,1762574400000,102592.76,102836.0,102409.52,102565.03,602.92361
2025-11-08 05:00:00+00:00,1762578000000,102565.03,102733.83,102272.66,102304.0,396.06427
2025-11-08 06:00:00+00:00,1762581600000,102304.01,102519.03,102092.26,102215.62,590.77493
2025-11-08 07:00:00+00:00,1762585200000,102215.63,102399.88,101902.64,102352.96,452.1997
2025-11-08 08:00:00+00:00,1762588800000,102352.96,102687.72,102156.36,102431.74,470.18368
2025-11-08 09:00:00+00:00,1762592400000,102431.74,102615.53,102225.52,102399.46,359.62626
2025-11-08 10:00:00+00:00,1762596000000,102399.45,102575.35,102310.0,102480.04,301.03917
2025-11-08 11:00:00+00:00,1762599600000,102480.04,102630.14,101715.76,101857.1,707.36146
2025-11-08 12:00:00+00:00,1762603200000,101857.1,102108.0,101731.19,102065.14,439.24627
2025-11-08 13:00:00+00:00,1762606800000,102065.14,102186.99,101720.67,101804.63,952.83284
2025-11-08 14:00:00+00:00,1762610400000,101804.62,102083.67,101454.0,101827.19,1159.38189
2025-11-08 15:00:00+00:00,1762614000000,101827.19,101954.0,101500.0,101711.45,511.67056
2025-11-08 16:00:00+00:00,1762617600000,101711.46,101963.66,101525.98,101850.22,502.57143
2025-11-08 17:00:00+00:00,1762621200000,101850.23,102003.57,101549.85,101994.52,479.97599
2025-11-08 18:00:00+00:00,1762624800000,101994.53,102219.39,101824.86,102139.53,766.44634
2025-11-08 19:00:00+00:00,1762628400000,102139.52,102186.87,101522.08,101989.65,371.41335
2025-11-08 20:00:00+00:00,1762632000000,101989.65,102172.35,101957.94,102068.06,206.6246
2025-11-08 21:00:00+00:00,1762635600000,102068.06,102367.72,102028.62,102272.81,234.4224
2025-11-08 22:00:00+00:00,1762639200000,102272.82,102426.12,102171.73,102377.46,249.46029
2025-11-08 23:00:00+00:00,1762642800000,102377.46,102482.2,102276.82,102312.94,234.7543
2025-11-09 00:00:00+00:00,1762646400000,102312.95,102337.89,101620.23,101797.74,616.42627
2025-11-09 01:00:00+00:00,1762650000000,101797.74,102100.0,101686.72,102045.07,373.40232
2025-11-09 02:00:00+00:00,1762653600000,102045.07,102045.07,101568.41,101633.25,398.65792
2025-11-09 03:00:00+00:00,1762657200000,101633.25,101817.2,101400.0,101662.05,767.84962
2025-11-09 04:00:00+00:00,1762660800000,101662.05,102130.61,101635.96,101724.91,378.19223
2025-11-09 05:00:00+00:00,1762664400000,101724.9,102028.07,101680.02,101928.54,291.74297
2025-11-09 06:00:00+00:00,1762668000000,101928.54,101980.0,101712.17,101752.83,213.04181
2025-11-09 07:00:00+00:00,1762671600000,101752.83,101972.9,101681.75,101944.59,218.68631
2025-11-09 08:00:00+00:00,1762675200000,101944.6,102048.15,101813.73,101972.94,216.7581
2025-11-09 09:00:00+00:00,1762678800000,101972.94,102127.26,101631.62,101657.46,411.11856
2025-11-09 10:00:00+00:00,1762682400000,101657.46,101918.0,101500.0,101876.36,695.1249
2025-11-09 11:00:00+00:00,1762686000000,101876.36,102307.68,101876.35,102239.41,502.56822
2025-11-09 12:00:00+00:00,1762689600000,102239.41,102425.19,102050.64,102086.9,522.32408
2025-11-09 13:00:00+00:00,1762693200000,102086.91,102997.38,102067.09,102911.39,788.58745
2025-11-09 14:00:00+00:00,1762696800000,102911.4,104041.25,102769.99,103037.9,2232.81061
2025-11-09 15:00:00+00:00,1762700400000,103037.9,104168.0,102972.55,103762.17,1143.9267
2025-11-09 16:00:00+00:00,1762704000000,103762.18,103900.53,103316.23,103845.04,741.52049
2025-11-09 17:00:00+00:00,1762707600000,103845.04,103964.81,103329.49,103637.57,460.77714
2025-11-09 18:00:00+00:00,1762711200000,103637.58,104591.32,103520.0,104512.65,773.02957
2025-11-09 19:00:00+00:00,1762714800000,104512.66,104805.57,104153.84,104805.57,849.18697
2025-11-09 20:00:00+00:00,1762718400000,104805.57,105061.08,104414.4,104633.12,700.89351
2025-11-09 21:00:00+00:00,1762722000000,104633.13,104845.16,104314.89,104528.82,475.91997
2025-11-09 22:00:00+00:00,1762725600000,104528.82,104819.99,104058.59,104732.48,1344.74595
2025-11-09 23:00:00+00:00,1762729200000,104732.47,105495.62,104533.24,104722.96,1221.67929
2025-11-10 00:00:00+00:00,1762732800000,104722.95,106525.0,104265.02,106314.96,2711.00239
2025-11-10 01:00:00+00:00,1762736400000,106314.96,106670.11,105698.94,105699.99,2166.65056
2025-11-10 02:00:00+00:00,1762740000000,105700.0,106054.26,105556.68,106006.69,775.83999
2025-11-10 03:00:00+00:00,1762743600000,106006.7,106291.43,105843.22,106027.97,847.84998
2025-11-10 04:00:00+00:00,1762747200000,106027.97,106300.01,105846.26,106153.14,677.49361
2025-11-10 05:00:00+00:00,1762750800000,106153.14,106473.73,106000.0,106100.0,619.39822
2025-11-10 06:00:00+00:00,1762754400000,106100.0,106311.9,105963.3,106221.88,531.36548
2025-11-10 07:00:00+00:00,1762758000000,106221.89,106539.4,106156.7,106461.45,855.88178
2025-11-10 08:00:00+00:00,1762761600000,106461.46,106554.0,105900.0,105965.46,758.17354
2025-11-10 09:00:00+00:00,1762765200000,105965.46,106599.47,105836.0,106440.0,736.84126
2025-11-10 10:00:00+00:00,1762768800000,106440.0,106454.73,105962.15,105995.26,470.32569
2025-11-10 11:00:00+00:00,1762772400000,105995.26,106321.16,105955.29,106176.5,391.10179
2025-11-10 12:00:00+00:00,1762776000000,106176.5,106216.0,105868.0,105944.17,656.39469
2025-11-10 13:00:00+00:00,1762779600000,105944.17,106589.89,105923.57,106548.02,785.48627
2025-11-10 14:00:00+00:00,1762783200000,106548.02,106548.02,104681.9,104898.15,1937.55608
2025-11-10 15:00:00+00:00,1762786800000,104898.15,105628.0,104667.0,105079.99,2341.3437
2025-11-10 16:00:00+00:00,1762790400000,105079.99,105352.86,104784.36,105242.05,1018.54158
2025-11-10 17:00:00+00:00,1762794000000,105242.04,105981.79,105189.01,105953.1,695.86986
2025-11-10 18:00:00+00:00,1762797600000,105953.1,106094.31,105478.0,105478.0,580.04807
2025-11-10 19:00:00+00:00,1762801200000,105478.0,106042.46,105408.0,105817.99,461.94988
2025-11-10 20:00:00+00:00,1762804800000,105818.0,106299.22,105802.35,106010.73,635.97915
2025-11-10 21:00:00+00:00,1762808400000,106010.74,106021.35,105280.0,105631.27,1140.24521
2025-11-10 22:00:00+00:00,1762812000000,105631.26,106144.94,105364.68,106062.8,418.65674
2025-11-10 23:00:00+00:00,1762815600000,106062.81,106275.16,105893.36,106011.13,468.26121
2025-11-11 00:00:00+00:00,1762819200000,106011.13,106139.84,105500.0,106139.83,562.07527
2025-11-11 01:00:00+00:00,1762822800000,106139.82,107500.0,106026.79,106110.36,1869.1591
2025-11-11 02:00:00+00:00,1762826400000,106110.36,107130.0,105610.0,106655.02,1751.73895
2025-11-11 03:00:00+00:00,1762830000000,106655.02,107100.0,106363.04,106456.0,752.0543
2025-11-11 04:00:00+00:00,1762833600000,106456.0,106546.0,105714.24,105755.32,640.19881
2025-11-11 05:00:00+00:00,1762837200000,105755.33,105758.88,105166.66,105249.35,774.38555
2025-11-11 06:00:00+00:00,1762840800000,105249.35,105345.68,104888.0,105261.27,1146.86686
2025-11-11 07:00:00+00:00,1762844400000,105261.28,105327.75,104741.2,104783.98,754.78302
2025-11-11 08:00:00+00:00,1762848000000,104783.99,105284.69,104762.23,105157.8,509.99239
2025-11-11 09:00:00+00:00,1762851600000,105157.8,105485.71,104909.74,104971.63,505.2007
2025-11-11 10:00:00+00:00,1762855200000,104971.62,105237.16,104920.25,105176.38,417.15368
2025-11-11 11:00:00+00:00,1762858800000,105176.39,105497.99,105145.47,105311.9,372.28222
2025-11-11 12:00:00+00:00,1762862400000,105311.9,105500.0,104349.26,104530.83,2106.11964
2025-11-11 13:00:00+00:00,1762866000000,104530.83,104706.09,104022.92,104390.92,3314.65247
2025-11-11 14:00:00+00:00,1762869600000,104390.93,104665.67,103840.91,104560.16,1215.16933
2025-11-11 15:00:00+00:00,1762873200000,104560.15,104560.15,103170.33,103455.99,2215.12756
2025-11-11 16:00:00+00:00,1762876800000,103455.99,103730.0,103206.1,103399.43,664.19158
2025-11-11 17:00:00+00:00,1762880400000,103399.42,103637.27,102840.22,103338.99,917.43867
2025-11-11 18:00:00+00:00,1762884000000,103338.99,103572.37,103059.52,103401.07,487.03154
2025-11-11 19:00:00+00:00,1762887600000,103401.07,103453.07,102861.72,103126.39,479.2973
2025-11-11 20:00:00+00:00,1762891200000,103126.39,103224.29,102658.36,102809.27,742.04221
2025-11-11 21:00:00+00:00,1762894800000,102809.27,103090.69,102476.09,102633.92,796.94775
2025-11-11 22:00:00+00:00,1762898400000,102633.92,103150.02,102503.0,103000.01,652.65633
2025-11-11 23:00:00+00:00,1762902000000,103000.02,103209.13,102800.01,103058.99,549.94195
2025-11-12 00:00:00+00:00,1762905600000,103059.0,103340.59,102812.64,102885.99,598.51997
2025-11-12 01:00:00+00:00,1762909200000,102886.0,103394.01,102687.72,103254.64,999.5861
2025-11-12 02:00:00+00:00,1762912800000,103254.63,103413.09,102939.85,103151.66,705.65849
2025-11-12 03:00:00+00:00,1762916400000,103151.66,103440.96,103092.5,103310.0,368.29105
2025-11-12 04:00:00+00:00,1762920000000,103310.0,103456.82,103011.0,103246.87,320.89726
2025-11-12 05:00:00+00:00,1762923600000,103246.87,103467.2,103230.0,103385.3,465.38371
2025-11-12 06:00:00+00:00,1762927200000,103385.31,103654.38,103354.34,103366.97,689.4704
2025-11-12 07:00:00+00:00,1762930800000,103366.98,103534.98,103051.59,103112.66,689.87309
2025-11-12 08:00:00+00:00,1762934400000,103112.65,104228.9,103112.24,104147.24,1064.00216
2025-11-12 09:00:00+00:00,1762938000000,104147.25,105079.31,104145.98,104521.56,1348.44138
2025-11-12 10:00:00+00:00,1762941600000,104521.56,105038.59,104510.5,104899.99,611.04736
2025-11-12 11:00:00+00:00,1762945200000,104900.0,105200.0,104746.85,105020.83,520.21601
2025-11-12 12:00:00+00:00,1762948800000,105020.82,105333.33,104821.0,104993.74,538.28345
2025-11-12 13:00:00+00:00,1762952400000,104993.74,105187.13,104622.43,105039.99,652.43577
2025-11-12 14:00:00+00:00,1762956000000,105039.99,105039.99,103604.57,103990.4,1426.89556
2025-11-12 15:00:00+00:00,1762959600000,103990.39,104299.98,101961.97,102173.51,2574.38835
2025-11-12 16:00:00+00:00,1762963200000,102173.51,102285.18,101300.0,101442.61,2365.20417
2025-11-12 17:00:00+00:00,1762966800000,101442.62,102167.17,101397.74,101748.02,903.07839
2025-11-12 18:00:00+00:00,1762970400000,101748.01,101947.88,101416.69,101542.17,626.0637
2025-11-12 19:00:00+00:00,1762974000000,101542.18,101569.66,100813.59,101297.31,974.91965
2025-11-12 20:00:00+00:00,1762977600000,101297.31,101846.15,101141.03,101539.01,677.7383
2025-11-12 21:00:00+00:00,1762981200000,101539.01,101920.48,101520.41,101920.47,419.00665
2025-11-12 22:00:00+00:00,1762984800000,101920.48,101994.12,101448.82,101978.96,401.25193
2025-11-12 23:00:00+00:00,1762988400000,101978.95,101999.35,101465.77,101654.37,516.98616
2025-11-13 00:00:00+00:00,1762992000000,101654.37,102042.77,101467.15,101854.58,477.36249
2025-11-13 01:00:00+00:00,1762995600000,101854.58,102604.0,101838.0,102007.0,1311.97773
2025-11-13 02:00:00+00:00,1762999200000,102006.99,102338.42,101972.39,102064.41,358.95316
2025-11-13 03:00:00+00:00,1763002800000,102064.41,102566.93,100922.55,102130.21,1438.17883
2025-11-13 04:00:00+00:00,1763006400000,102130.21,102406.39,101665.59,102120.0,873.51911
2025-11-13 05:00:00+00:00,1763010000000,102120.0,103400.0,101772.52,103135.84,893.66042
2025-11-13 06:00:00+00:00,1763013600000,103136.0,103679.0,102914.39,103590.74,1230.29564
2025-11-13 07:00:00+00:00,1763017200000,103590.74,104085.01,103315.16,103475.66,1328.34761
2025-11-13 08:00:00+00:00,1763020800000,103475.66,103811.49,103275.02,103684.06,901.73611
2025-11-13 09:00:00+00:00,1763024400000,103684.07,103740.0,102553.63,102827.0,1334.94774
2025-11-13 10:00:00+00:00,1763028000000,102827.0,103289.89,102774.75,102991.22,491.21571
2025-11-13 11:00:00+00:00,1763031600000,102991.23,103148.57,102711.53,102936.5,410.73987
2025-11-13 12:00:00+00:00,1763035200000,102936.49,103274.93,102735.31,103143.45,597.28173
2025-11-13 13:00:00+00:00,1763038800000,103143.46,103162.41,102150.0,102326.48,1187.69713
2025-11-13 14:00:00+00:00,1763042400000,102326.48,103483.83,101699.91,102873.14,2405.05801
2025-11-13 15:00:00+00:00,1763046000000,102873.14,102999.98,101184.14,101382.64,2074.3959
2025-11-13 16:00:00+00:00,1763049600000,101382.63,101540.93,100550.0,100633.13,2664.17181
2025-11-13 17:00:00+00:00,1763053200000,100633.13,100820.49,99608.98,99659.99,3368.62722
2025-11-13 18:00:00+00:00,1763056800000,99659.99,99922.0,98147.4,98591.78,4579.03994
2025-11-13 19:00:00+00:00,1763060400000,98591.78,99295.02,98314.39,98682.14,2309.2418
2025-11-13 20:00:00+00:00,1763064000000,98682.13,99031.76,98000.4,98162.11,2424.57218
2025-11-13 21:00:00+00:00,1763067600000,98162.11,98905.45,98021.0,98817.36,1018.69866
2025-11-13 22:00:00+00:00,1763071200000,98817.35,99937.99,98701.88,99851.82,1303.27918
2025-11-13 23:00:00+00:00,1763074800000,99851.83,100501.31,99569.99,99692.02,1215.50973
2025-11-14 00:00:00+00:00,1763078400000,99692.03,99778.0,98726.64,98973.95,1748.7685
2025-11-14 01:00:00+00:00,1763082000000,98973.95,99555.33,98700.0,99255.6,2292.50283
2025-11-14 02:00:00+00:00,1763085600000,99255.6,99866.02,99246.0,99620.0,967.49149
2025-11-14 03:00:00+00:00,1763089200000,99620.01,99649.87,98805.23,99139.38,831.05287
2025-11-14 04:00:00+00:00,1763092800000,99139.38,99178.58,96712.12,97823.98,3850.84747
2025-11-14 05:00:00+00:00,1763096400000,97823.97,98037.39,97020.49,97523.98,2096.22294
2025-11-14 06:00:00+00:00,1763100000000,97523.98,97616.5,95933.75,97569.13,2909.036
2025-11-14 07:00:00+00:00,1763103600000,97569.13,97742.85,96783.47,97151.98,2260.62551
2025-11-14 08:00:00+00:00,1763107200000,97151.97,97476.84,96787.99,97377.41,1591.93158
2025-11-14 09:00:00+00:00,1763110800000,97377.41,97553.7,96681.63,96839.93,1043.46142
2025-11-14 10:00:00+00:00,1763114400000,96839.94,97286.92,96668.73,96752.2,688.27736
2025-11-14 11:00:00+00:00,1763118000000,96752.19,96945.61,95711.0,96167.44,1931.93096
2025-11-14 12:00:00+00:00,1763121600000,96167.45,96167.45,94560.48,95350.75,4859.43942
2025-11-14 13:00:00+00:00,1763125200000,95350.76,95695.83,94571.1,95243.95,3578.96625
2025-11-14 14:00:00+00:00,1763128800000,95243.95,96801.53,94951.43,96542.38,3587.32924
2025-11-14 15:00:00+00:00,1763132400000,96542.38,97322.35,95868.4,96796.14,2286.98587
2025-11-14 16:00:00+00:00,1763136000000,96796.14,97411.11,96271.34,97011.22,1610.29675
2025-11-14 17:00:00+00:00,1763139600000,97011.22,97128.45,95600.0,95842.56,1417.43832
2025-11-14 18:00:00+00:00,1763143200000,95842.57,96329.58,95000.0,95075.53,1363.43718
2025-11-14 19:00:00+00:00,1763146800000,95075.53,95920.0,94800.55,95778.29,1214.47277
2025-11-14 20:00:00+00:00,1763150400000,95778.3,95940.0,94201.77,94377.47,1917.84937
2025-11-14 21:00:00+00:00,1763154000000,94377.46,95172.95,94231.78,95059.47,927.53739
2025-11-14 22:00:00+00:00,1763157600000,95059.46,95482.74,94700.0,95179.99,990.87669
2025-11-14 23:00:00+00:00,1763161200000,95179.99,95179.99,94012.45,94594.0,1321.36663
2025-11-15 00:00:00+00:00,1763164800000,94594.0,95414.0,94558.49,95149.35,1050.81596
2025-11-15 01:00:00+00:00,1763168400000,95149.35,95800.0,94750.77,95650.17,946.56569
2025-11-15 02:00:00+00:00,1763172000000,95650.17,96484.5,95395.08,96482.77,971.87658
2025-11-15 03:00:00+00:00,1763175600000,96482.78,96846.68,96132.0,96417.12,1407.53254
2025-11-15 04:00:00+00:00,1763179200000,96417.12,96520.0,95921.21,96112.14,541.00804
2025-11-15 05:00:00+00:00,1763182800000,96112.14,96435.39,95977.02,96342.18,712.44846
2025-11-15 06:00:00+00:00,1763186400000,96342.18,96570.65,95958.22,96121.27,672.4607
2025-11-15 07:00:00+00:00,1763190000000,96121.27,96372.68,95947.68,96333.86,618.02642
2025-11-15 08:00:00+00:00,1763193600000,96333.87,96350.52,95642.61,95910.88,987.30061
2025-11-15 09:00:00+00:00,1763197200000,95910.87,96150.99,95649.99,95808.44,655.00121
2025-11-15 10:00:00+00:00,1763200800000,95808.44,96064.49,95689.38,95952.13,382.53531
2025-11-15 11:00:00+00:00,1763204400000,95952.13,95985.64,95630.0,95696.87,311.38925
2025-11-15 12:00:00+00:00,1763208000000,95696.86,95876.9,95565.17,95814.08,313.88372
2025-11-15 13:00:00+00:00,1763211600000,95814.08,96372.99,95728.13,96370.16,815.44172
2025-11-15 14:00:00+00:00,1763215200000,96370.17,96471.22,96013.58,96254.25,493.86496
2025-11-15 15:00:00+00:00,1763218800000,96254.26,96425.85,96114.7,96260.0,364.09538
2025-11-15 16:00:00+00:00,1763222400000,96259.99,96337.82,95731.32,96162.84,652.31588
2025-11-15 17:00:00+00:00,1763226000000,96162.84,96419.65,95849.9,96238.5,647.76319
2025-11-15 18:00:00+00:00,1763229600000,96238.51,96349.86,95960.34,96052.99,388.88122
2025-11-15 19:00:00+00:00,1763233200000,96052.99,96152.98,95920.94,96012.01,191.69202
2025-11-15 20:00:00+00:00,1763236800000,96012.01,96012.01,95119.94,95277.52,940.18711
2025-11-15 21:00:00+00:00,1763240400000,95277.51,95672.0,95125.29,95279.99,458.06338
2025-11-15 22:00:00+00:00,1763244000000,95280.0,95660.0,95225.78,95619.62,347.97795
2025-11-15 23:00:00+00:00,1763247600000,95619.63,95694.01,95493.96,95596.24,239.76661
2025-11-16 00:00:00+00:00,1763251200000,95596.23,95704.81,95205.74,95362.0,304.87252
2025-11-16 01:00:00+00:00,1763254800000,95362.01,95493.97,94841.62,95276.62,713.63073
2025-11-16 02:00:00+00:00,1763258400000,95276.61,95969.98,95094.31,95963.88,557.05695
2025-11-16 03:00:00+00:00,1763262000000,95963.89,95979.79,95630.22,95825.02,321.10986
2025-11-16 04:00:00+00:00,1763265600000,95825.02,95928.88,95650.72,95821.79,349.88402
2025-11-16 05:00:00+00:00,1763269200000,95821.8,96192.0,95813.51,95881.82,391.55568
2025-11-16 06:00:00+00:00,1763272800000,95881.83,96043.64,95754.0,95813.53,200.18257
2025-11-16 07:00:00+00:00,1763276400000,95813.52,96100.0,95721.68,96099.99,337.71705
2025-11-16 08:00:00+00:00,1763280000000,96099.98,96238.0,95859.35,96116.94,378.10619
2025-11-16 09:00:00+00:00,1763283600000,96116.93,96635.11,95936.0,96629.75,611.90526
2025-11-16 10:00:00+00:00,1763287200000,96629.74,96629.74,96375.05,96444.71,575.34123
2025-11-16 11:00:00+00:00,1763290800000,96444.71,96446.94,95500.0,95627.13,1020.02786
2025-11-16 12:00:00+00:00,1763294400000,95627.13,95900.0,95436.46,95743.9,547.95591
2025-11-16 13:00:00+00:00,1763298000000,95743.9,95846.14,95117.48,95420.44,561.73436
2025-11-16 14:00:00+00:00,1763301600000,95420.44,95673.9,95303.6,95531.13,396.85356
2025-11-16 15:00:00+00:00,1763305200000,95531.13,95555.0,94368.24,94573.46,1039.77491
2025-11-16 16:00:00+00:00,1763308800000,94573.46,94945.52,94022.89,94224.47,2545.47537
2025-11-16 17:00:00+00:00,1763312400000,94224.47,94540.64,93770.48,94357.67,2214.0171
2025-11-16 18:00:00+00:00,1763316000000,94357.66,95567.79,93775.81,94049.64,3256.0945
2025-11-16 19:00:00+00:00,1763319600000,94049.63,94600.0,93941.0,94020.0,1029.66678
2025-11-16 20:00:00+00:00,1763323200000,94020.49,94739.74,93951.4,94090.0,563.82548
2025-11-16 21:00:00+00:00,1763326800000,94090.01,94212.78,93369.0,93505.22,1731.40126
2025-11-16 22:00:00+00:00,1763330400000,93505.23,94500.0,93005.55,94183.36,1764.45299
2025-11-16 23:00:00+00:00,1763334000000,94183.36,94540.0,93020.01,94261.44,2476.76296
2025-11-17 00:00:00+00:00,1763337600000,94261.45,95375.6,93767.27,95290.01,1716.89838
2025-11-17 01:00:00+00:00,1763341200000,95290.01,95487.8,94722.21,94768.02,912.36086
2025-11-17 02:00:00+00:00,1763344800000,94768.02,95409.32,94707.82,94976.18,781.92776
2025-11-17 03:00:00+00:00,1763348400000,94976.17,95559.99,94968.72,95496.77,713.35025
2025-11-17 04:00:00+00:00,1763352000000,95496.77,95575.94,94849.37,95096.74,1622.50542
2025-11-17 05:00:00+00:00,1763355600000,95096.73,95265.01,94900.0,95122.76,574.08695
2025-11-17 06:00:00+00:00,1763359200000,95122.77,95333.99,94900.0,95282.36,495.05249
2025-11-17 07:00:00+00:00,1763362800000,95282.37,95880.0,95203.8,95653.77,1148.2017
2025-11-17 08:00:00+00:00,1763366400000,95653.78,96026.71,95532.02,95619.06,1082.17947
2025-11-17 09:00:00+00:00,1763370000000,95619.07,95868.99,95309.68,95656.21,907.38215
2025-11-17 10:00:00+00:00,1763373600000,95656.2,95891.59,95545.1,95651.7,499.57874
2025-11-17 11:00:00+00:00,1763377200000,95651.7,95938.36,95369.98,95565.38,926.51906
2025-11-17 12:00:00+00:00,1763380800000,95565.38,95571.3,95250.58,95312.23,545.81467
2025-11-17 13:00:00+00:00,1763384400000,95312.24,95370.89,93571.3,93959.79,2495.70008
2025-11-17 14:00:00+00:00,1763388000000,93959.78,96043.0,93755.22,94769.32,3177.03036
2025-11-17 15:00:00+00:00,1763391600000,94769.33,95018.86,93806.37,93959.67,1867.09141
2025-11-17 16:00:00+00:00,1763395200000,93959.68,94419.88,93051.71,94306.0,2847.04335
2025-11-17 17:00:00+00:00,1763398800000,94306.01,94394.8,92658.82,92767.49,2184.47626
2025-11-17 18:00:00+00:00,1763402400000,92767.48,93224.35,92413.31,92549.01,2978.32313
2025-11-17 19:00:00+00:00,1763406000000,92549.02,92653.97,91588.0,91678.93,3690.73308
2025-11-17 20:00:00+00:00,1763409600000,91678.93,92234.53,91292.0,91920.59,3249.24836
2025-11-17 21:00:00+00:00,1763413200000,91914.01,92253.72,91500.0,91959.71,1866.2053
2025-11-17 22:00:00+00:00,1763416800000,91959.72,92399.48,91220.0,92247.63,1469.82034
2025-11-17 23:00:00+00:00,1763420400000,92247.64,92294.15,91793.9,92215.14,1467.06849
2025-11-18 00:00:00+00:00,1763424000000,92215.14,92357.51,91200.0,92169.86,1831.22552
2025-11-18 01:00:00+00:00,1763427600000,92169.86,92221.01,91624.5,91714.29,1663.24084
2025-11-18 02:00:00+00:00,1763431200000,91714.29,91750.0,90687.42,90866.01,2546.69077
2025-11-18 03:00:00+00:00,1763434800000,90866.01,90927.69,89700.0,90842.72,4606.07848
2025-11-18 04:00:00+00:00,1763438400000,90842.72,90851.66,89253.78,90081.9,3350.00605
2025-11-18 05:00:00+00:00,1763442000000,90081.9,90469.14,89719.63,90221.33,1575.65404
2025-11-18 06:00:00+00:00,1763445600000,90221.33,90233.16,89371.12,89651.3,1335.95745
2025-11-18 07:00:00+00:00,1763449200000,89651.29,90555.88,89337.39,90512.1,2766.44981
2025-11-18 08:00:00+00:00,1763452800000,90512.1,91440.0,90509.79,91220.0,2225.79136
2025-11-18 09:00:00+00:00,1763456400000,91219.99,91487.58,90889.93,91400.01,1441.96417
2025-11-18 10:00:00+00:00,1763460000000,91400.01,91617.17,91256.8,91585.02,1087.06008
2025-11-18 11:00:00+00:00,1763463600000,91585.01,91615.43,91247.56,91517.82,1022.64847
2025-11-18 12:00:00+00:00,1763467200000,91517.83,91878.11,91110.0,91518.54,906.99249
2025-11-18 13:00:00+00:00,1763470800000,91518.54,91659.94,90905.7,91476.56,1036.51569
2025-11-18 14:00:00+00:00,1763474400000,91476.56,92450.23,91206.52,91359.29,2351.78391
2025-11-18 15:00:00+00:00,1763478000000,91359.3,93049.91,91010.0,92910.1,2802.22354
2025-11-18 16:00:00+00:00,1763481600000,92910.1,93836.01,92579.23,93499.16,2533.3128
2025-11-18 17:00:00+00:00,1763485200000,93499.15,93657.15,92821.26,93256.92,1189.79384
2025-11-18 18:00:00+00:00,1763488800000,93256.92,93766.0,93151.04,93331.08,692.11551
2025-11-18 19:00:00+00:00,1763492400000,93331.09,93612.0,92994.88,93195.61,502.14706
2025-11-18 20:00:00+00:00,1763496000000,93195.61,93298.0,92657.25,92783.36,539.0094
2025-11-18 21:00:00+00:00,1763499600000,92783.36,93030.0,92462.72,92491.59,542.2085
2025-11-18 22:00:00+00:00,1763503200000,92491.6,93423.74,92491.59,93160.0,439.15612
2025-11-18 23:00:00+00:00,1763506800000,93159.99,93163.34,92727.27,92960.83,847.12179
2025-11-19 00:00:00+00:00,1763510400000,92960.83,92980.22,91929.86,92416.51,875.05841
2025-11-19 01:00:00+00:00,1763514000000,92416.52,92644.49,91935.03,92439.99,856.50507
2025-11-19 02:00:00+00:00,1763517600000,92440.0,92865.24,92280.0,92569.12,531.4235
2025-11-19 03:00:00+00:00,1763521200000,92569.12,92636.0,91660.49,91874.52,802.16678
2025-11-19 04:00:00+00:00,1763524800000,91874.51,91976.12,91163.19,91163.2,1152.46121
2025-11-19 05:00:00+00:00,1763528400000,91163.2,91267.73,90025.06,90459.99,1783.40843
2025-11-19 06:00:00+00:00,1763532000000,90459.99,91104.0,90282.83,90990.87,1223.51965
2025-11-19 07:00:00+00:00,1763535600000,90990.88,92028.92,90948.37,91863.64,1475.85023
2025-11-19 08:00:00+00:00,1763539200000,91863.64,91950.0,91287.34,91470.44,803.83092
2025-11-19 09:00:00+00:00,1763542800000,91470.44,91513.72,91072.41,91513.72,740.22178
2025-11-19 10:00:00+00:00,1763546400000,91513.72,91700.55,91225.98,91314.75,580.50005
2025-11-19 11:00:00+00:00,1763550000000,91314.74,91782.04,91312.0,91410.22,416.30964
2025-11-19 12:00:00+00:00,1763553600000,91410.23,91879.85,91220.0,91780.0,604.31025
2025-11-19 13:00:00+00:00,1763557200000,91780.0,91900.0,91228.82,91405.02,728.0749
2025-11-19 14:00:00+00:00,1763560800000,91405.02,91857.3,91037.5,91713.44,1389.38336
2025-11-19 15:00:00+00:00,1763564400000,91713.45,92384.61,89880.0,89951.7,3292.32346
2025-11-19 16:00:00+00:00,1763568000000,89951.7,90232.56,89453.88,89905.78,2417.11812
2025-11-19 17:00:00+00:00,1763571600000,89905.77,90133.33,88889.0,89500.01,2649.49867
2025-11-19 18:00:00+00:00,1763575200000,89500.0,89744.51,88792.0,89237.83,2216.17894
2025-11-19 19:00:00+00:00,1763578800000,89237.82,89384.27,88630.71,88884.56,1504.39912
2025-11-19 20:00:00+00:00,1763582400000,88884.56,89704.39,88608.0,89516.91,1421.78591
2025-11-19 21:00:00+00:00,1763586000000,89516.91,90850.0,89450.01,90600.68,2890.29056
2025-11-19 22:00:00+00:00,1763589600000,90600.67,90635.58,90101.14,90480.56,768.25681
2025-11-19 23:00:00+00:00,1763593200000,90480.56,91594.0,90480.56,91554.96,1163.76183
2025-11-20 00:00:00+00:00,1763596800000,91554.96,92300.0,91185.26,91891.32,1045.70121
2025-11-20 01:00:00+00:00,1763600400000,91891.32,92716.44,91820.01,92590.13,1058.92103
2025-11-20 02:00:00+00:00,1763604000000,92590.13,92798.14,92322.04,92592.84,904.85403
2025-11-20 03:00:00+00:00,1763607600000,92592.85,92717.52,92360.84,92440.32,919.58347
2025-11-20 04:00:00+00:00,1763611200000,92440.33,92990.0,92124.0,92962.83,931.12356
2025-11-20 05:00:00+00:00,1763614800000,92962.84,93160.0,92566.55,92616.2,878.19369
2025-11-20 06:00:00+00:00,1763618400000,92616.21,92851.06,91687.07,91974.7,1324.95908
2025-11-20 07:00:00+00:00,1763622000000,91974.69,92445.8,91798.24,92320.18,657.61367
2025-11-20 08:00:00+00:00,1763625600000,92320.18,92400.94,92036.27,92128.22,621.86424
2025-11-20 09:00:00+00:00,1763629200000,92128.22,92135.01,91440.55,91950.0,1187.17976
2025-11-20 10:00:00+00:00,1763632800000,91950.01,92062.83,91603.84,91801.39,918.81997
2025-11-20 11:00:00+00:00,1763636400000,91801.39,92029.64,91485.4,91934.0,472.97339
2025-11-20 12:00:00+00:00,1763640000000,91934.01,91999.99,91688.0,91839.25,443.03933
2025-11-20 13:00:00+00:00,1763643600000,91839.25,92541.92,91451.99,91529.36,1535.257
2025-11-20 14:00:00+00:00,1763647200000,91529.36,91682.6,90431.54,91103.19,2227.67187
2025-11-20 15:00:00+00:00,1763650800000,91103.19,91171.78,89835.34,89869.88,1956.88604
2025-11-20 16:00:00+00:00,1763654400000,89869.88,89911.73,87487.95,87878.1,5918.46185
2025-11-20 17:00:00+00:00,1763658000000,87878.1,88158.49,86395.47,87233.81,5848.39149
2025-11-20 18:00:00+00:00,1763661600000,87233.8,87769.23,86318.78,86486.27,3087.08206
2025-11-20 19:00:00+00:00,1763665200000,86486.27,87146.29,86100.0,86921.28,2741.74748
2025-11-20 20:00:00+00:00,1763668800000,86921.27,87131.07,86325.23,86462.97,1475.77763
2025-11-20 21:00:00+00:00,1763672400000,86462.97,87674.23,86429.09,87282.6,1215.0571
2025-11-20 22:00:00+00:00,1763676000000,87282.44,88250.0,87192.91,88065.97,1274.57142
2025-11-20 23:00:00+00:00,1763679600000,88065.98,88173.09,86560.0,86637.23,1087.46036
2025-11-21 00:00:00+00:00,1763683200000,86637.22,87498.94,86592.0,87285.24,845.00605
2025-11-21 01:00:00+00:00,1763686800000,87285.24,87464.08,86834.81,87049.86,841.87222
2025-11-21 02:00:00+00:00,1763690400000,87049.86,87067.52,85360.0,85444.93,3003.64405
2025-11-21 03:00:00+00:00,1763694000000,85444.93,86135.58,85433.39,85821.34,1737.99681
2025-11-21 04:00:00+00:00,1763697600000,85821.35,86119.19,85404.05,86053.09,1036.52858
2025-11-21 05:00:00+00:00,1763701200000,86053.1,86459.53,85825.59,86195.08,1234.93355
2025-11-21 06:00:00+00:00,1763704800000,86195.09,86255.02,85550.0,85581.3,1347.08347
2025-11-21 07:00:00+00:00,1763708400000,85581.31,85769.86,82000.0,84049.39,10586.94545
2025-11-21 08:00:00+00:00,1763712000000,84049.38,84709.89,83521.07,83643.45,4196.83535
2025-11-21 09:00:00+00:00,1763715600000,83643.45,83988.4,82104.01,82207.84,4382.85302
2025-11-21 10:00:00+00:00,1763719200000,82207.83,82911.99,81648.0,82703.61,5588.71507
2025-11-21 11:00:00+00:00,1763722800000,82703.61,83340.72,82192.49,82309.66,2016.52315
2025-11-21 12:00:00+00:00,1763726400000,82309.67,83618.13,80600.0,83285.35,9181.08228
2025-11-21 13:00:00+00:00,1763730000000,83285.34,84427.79,83116.86,84115.28,4066.19195
2025-11-21 14:00:00+00:00,1763733600000,84115.29,85496.0,83544.82,84850.0,5134.71956
2025-11-21 15:00:00+00:00,1763737200000,84850.01,85103.42,82729.54,82932.47,4659.35985
2025-11-21 16:00:00+00:00,1763740800000,82932.46,84919.6,82333.0,84919.59,2895.89154
2025-11-21 17:00:00+00:00,1763744400000,84919.58,85572.82,84565.11,84877.07,2065.96878
2025-11-21 18:00:00+00:00,1763748000000,84877.06,85083.31,83304.87,84577.11,2102.7819
2025-11-21 19:00:00+00:00,1763751600000,84577.12,85025.71,84080.0,84209.3,1042.9006
2025-11-21 20:00:00+00:00,1763755200000,84209.3,84650.0,83464.96,84571.2,1215.11568
2025-11-21 21:00:00+00:00,1763758800000,84571.19,85416.66,84351.51,85182.14,1186.55255
2025-11-21 22:00:00+00:00,1763762400000,85182.14,85404.24,84267.25,84284.42,887.57484
2025-11-21 23:00:00+00:00,1763766000000,84284.43,85353.03,84121.38,85129.43,999.05049
2025-11-22 00:00:00+00:00,1763769600000,85129.42,85620.0,84571.13,84739.93,982.89986
2025-11-22 01:00:00+00:00,1763773200000,84739.92,85205.87,84588.75,85174.28,708.2007
2025-11-22 02:00:00+00:00,1763776800000,85174.28,85205.87,84285.71,84528.99,623.12435
2025-11-22 03:00:00+00:00,1763780400000,84529.0,84611.35,84212.39,84440.47,608.99066
2025-11-22 04:00:00+00:00,1763784000000,84440.48,84548.3,83832.91,84246.88,757.03562
2025-11-22 05:00:00+00:00,1763787600000,84246.89,84316.08,83868.53,84280.92,609.94979
2025-11-22 06:00:00+00:00,1763791200000,84280.92,84799.54,84080.0,84636.0,514.75646
2025-11-22 07:00:00+00:00,1763794800000,84636.0,84672.01,84400.0,84580.06,336.57657
2025-11-22 08:00:00+00:00,1763798400000,84580.06,84586.62,83935.95,84016.77,579.11003
2025-11-22 09:00:00+00:00,1763802000000,84016.77,84343.91,83666.0,83929.52,1402.34324
2025-11-22 10:00:00+00:00,1763805600000,83929.53,84211.5,83500.0,83693.25,755.24683
2025-11-22 11:00:00+00:00,1763809200000,83693.26,84343.91,83592.45,84098.94,605.75819
2025-11-22 12:00:00+00:00,1763812800000,84098.94,84160.8,83620.16,83884.0,632.74648
2025-11-22 13:00:00+00:00,1763816400000,83884.01,84132.09,83653.12,83947.89,450.3885
2025-11-22 14:00:00+00:00,1763820000000,83947.89,84755.83,83935.12,84494.4,1054.8619
2025-11-22 15:00:00+00:00,1763823600000,84494.4,84577.99,84014.39,84284.01,530.44756
2025-11-22 16:00:00+00:00,1763827200000,84284.01,84899.0,84219.62,84694.66,525.46062
2025-11-22 17:00:00+00:00,1763830800000,84694.65,84724.58,84423.98,84554.2,357.93738
2025-11-22 18:00:00+00:00,1763834400000,84554.2,84678.38,84480.66,84659.79,243.98434
2025-11-22 19:00:00+00:00,1763838000000,84659.8,84790.79,84510.53,84609.76,223.69917
2025-11-22 20:00:00+00:00,1763841600000,84609.77,84808.22,84244.51,84474.41,274.86848
2025-11-22 21:00:00+00:00,1763845200000,84474.41,84510.54,84237.7,84411.3,269.03241
2025-11-22 22:00:00+00:00,1763848800000,84411.31,85260.0,84269.04,85072.88,648.28851
2025-11-22 23:00:00+00:00,1763852400000,85072.87,85178.0,84670.56,84739.74,498.22498
2025-11-23 00:00:00+00:00,1763856000000,84739.75,85325.94,84667.57,84971.74,789.42586
2025-11-23 01:00:00+00:00,1763859600000,84971.74,86184.6,84950.97,85879.83,1247.13601
2025-11-23 02:00:00+00:00,1763863200000,85879.83,86349.84,85689.36,86000.34,1316.75776
2025-11-23 03:00:00+00:00,1763866800000,86000.34,86308.55,85820.68,86308.54,650.83168
2025-11-23 04:00:00+00:00,1763870400000,86308.54,86860.0,86150.61,86548.2,1045.11387
2025-11-23 05:00:00+00:00,1763874000000,86548.19,86593.68,86004.85,86358.28,592.93532
2025-11-23 06:00:00+00:00,1763877600000,86358.27,86500.0,85864.68,85864.68,546.56485
2025-11-23 07:00:00+00:00,1763881200000,85864.69,85911.72,85420.0,85782.19,728.39953
2025-11-23 08:00:00+00:00,1763884800000,85782.18,86196.94,85768.22,86137.19,554.48769
2025-11-23 09:00:00+00:00,1763888400000,86137.18,86465.24,86080.02,86393.02,427.24227
2025-11-23 10:00:00+00:00,1763892000000,86393.03,86452.0,86058.96,86066.23,429.62501
2025-11-23 11:00:00+00:00,1763895600000,86066.24,86421.0,85814.92,86331.28,676.0486
2025-11-23 12:00:00+00:00,1763899200000,86331.28,86892.0,86271.1,86530.04,917.48707
2025-11-23 13:00:00+00:00,1763902800000,86530.04,86934.0,86318.98,86928.31,646.33455
2025-11-23 14:00:00+00:00,1763906400000,86928.3,87200.0,86482.98,86547.4,1148.29527
2025-11-23 15:00:00+00:00,1763910000000,86547.4,87244.51,86451.9,87087.44,759.24987
2025-11-23 16:00:00+00:00,1763913600000,87087.44,87500.0,86670.23,86685.6,1449.1586
2025-11-23 17:00:00+00:00,1763917200000,86685.59,86957.45,86502.47,86746.51,752.54839
2025-11-23 18:00:00+00:00,1763920800000,86746.52,87259.58,86724.78,86995.02,584.09609
2025-11-23 19:00:00+00:00,1763924400000,86995.02,87689.47,86938.6,87325.01,926.15432
2025-11-23 20:00:00+00:00,1763928000000,87325.01,87694.68,87233.63,87483.36,726.71996
2025-11-23 21:00:00+00:00,1763931600000,87483.37,88000.0,87150.0,87992.02,647.97774
2025-11-23 22:00:00+00:00,1763935200000,87992.03,88127.64,87554.23,88004.0,806.41047
2025-11-23 23:00:00+00:00,1763938800000,88004.01,88086.96,86701.54,86830.0,1365.4634
2025-11-24 00:00:00+00:00,1763942400000,86830.0,87211.33,85946.65,86740.64,1392.29093
2025-11-24 01:00:00+00:00,1763946000000,86740.64,87091.31,86399.99,87068.51,958.30504
2025-11-24 02:00:00+00:00,1763949600000,87068.51,88059.44,87025.01,87518.22,1290.41003
2025-11-24 03:00:00+00:00,1763953200000,87518.23,87788.0,87200.69,87460.02,677.15494
2025-11-24 04:00:00+00:00,1763956800000,87460.03,87600.0,86450.0,86738.37,878.95809
2025-11-24 05:00:00+00:00,1763960400000,86738.36,87837.57,86675.82,87468.29,753.25217
2025-11-24 06:00:00+00:00,1763964000000,87468.28,87518.06,86819.98,86910.78,801.3858
2025-11-24 07:00:00+00:00,1763967600000,86910.77,87350.0,86700.0,87050.39,842.74354
2025-11-24 08:00:00+00:00,1763971200000,87050.39,87050.39,86724.78,86961.51,563.07997
2025-11-24 09:00:00+00:00,1763974800000,86961.5,86961.5,85825.84,85944.91,1224.1726
2025-11-24 10:00:00+00:00,1763978400000,85944.91,86190.0,85696.56,86049.74,1106.37218
2025-11-24 11:00:00+00:00,1763982000000,86049.74,86433.93,85840.0,86264.72,590.88464
2025-11-24 12:00:00+00:00,1763985600000,86264.71,86318.0,85888.0,86003.0,776.50309
2025-11-24 13:00:00+00:00,1763989200000,86003.0,86573.99,85947.91,86160.0,774.74433
2025-11-24 14:00:00+00:00,1763992800000,86159.84,86660.01,85272.0,86171.14,1629.59791
2025-11-24 15:00:00+00:00,1763996400000,86171.22,86741.5,85913.44,86616.44,1454.66429
2025-11-24 16:00:00+00:00,1764000000000,86616.44,87700.0,86616.43,87174.5,1597.9807
2025-11-24 17:00:00+00:00,1764003600000,87174.5,88550.68,86950.51,88369.91,1714.18113
2025-11-24 18:00:00+00:00,1764007200000,88369.91,88732.25,88200.0,88715.31,1475.2051
2025-11-24 19:00:00+00:00,1764010800000,88715.3,88834.62,88115.16,88327.29,1216.54554
2025-11-24 20:00:00+00:00,1764014400000,88327.29,89228.0,88327.29,89089.06,1349.46746
2025-11-24 21:00:00+00:00,1764018000000,89089.06,89132.0,88720.97,88766.15,601.72645
2025-11-24 22:00:00+00:00,1764021600000,88766.15,89091.96,88598.0,88636.54,522.98122
2025-11-24 23:00:00+00:00,1764025200000,88636.54,88690.0,88252.5,88300.01,470.5208
2025-11-25 00:00:00+00:00,1764028800000,88300.01,88300.01,87864.63,88100.0,784.64286
2025-11-25 01:00:00+00:00,1764032400000,88100.0,88223.85,87719.67,87732.83,590.37213
2025-11-25 02:00:00+00:00,1764036000000,87732.84,87942.26,87457.53,87909.4,661.24658
2025-11-25 03:00:00+00:00,1764039600000,87909.41,88048.78,87553.84,87822.12,470.13692
2025-11-25 04:00:00+00:00,1764043200000,87822.12,88519.99,87790.17,88341.14,559.30233
2025-11-25 05:00:00+00:00,1764046800000,88341.14,88341.14,87937.46,88120.82,385.97584
2025-11-25 06:00:00+00:00,1764050400000,88120.83,88149.01,87802.09,88003.97,428.0412
2025-11-25 07:00:00+00:00,1764054000000,88003.97,88069.96,87300.0,87384.81,1659.28548
2025-11-25 08:00:00+00:00,1764057600000,87384.81,87606.57,86993.2,87009.82,1030.08593
2025-11-25 09:00:00+00:00,1764061200000,87009.82,87243.57,86666.0,87231.76,1365.38754
2025-11-25 10:00:00+00:00,1764064800000,87231.76,87430.0,86950.01,87411.01,529.77845
2025-11-25 11:00:00+00:00,1764068400000,87411.0,87535.98,87310.0,87361.71,476.85969
2025-11-25 12:00:00+00:00,1764072000000,87361.71,87792.2,87361.71,87509.99,719.39885
2025-11-25 13:00:00+00:00,1764075600000,87510.0,87731.2,86870.5,87083.01,953.98515
2025-11-25 14:00:00+00:00,1764079200000,87083.0,87298.35,86116.0,86741.55,1997.11968
2025-11-25 15:00:00+00:00,1764082800000,86741.55,87300.0,86200.0,86988.94,1227.12482
2025-11-25 16:00:00+00:00,1764086400000,86988.93,87291.0,86712.35,87121.31,678.88146
2025-11-25 17:00:00+00:00,1764090000000,87121.31,88155.65,87046.09,87625.89,918.86754
2025-11-25 18:00:00+00:00,1764093600000,87625.9,87830.0,87237.18,87239.29,604.25375
2025-11-25 19:00:00+00:00,1764097200000,87239.29,87340.1,86182.49,86882.85,1026.34933
2025-11-25 20:00:00+00:00,1764100800000,86882.84,87463.0,86706.28,87382.7,718.04092
2025-11-25 21:00:00+00:00,1764104400000,87387.48,87449.73,86985.02,87032.37,660.28461
2025-11-25 22:00:00+00:00,1764108000000,87032.36,87722.92,86565.48,87642.41,612.11039
2025-11-25 23:00:00+00:00,1764111600000,87642.41,87889.38,87328.89,87369.96,509.50965
2025-11-26 00:00:00+00:00,1764115200000,87369.97,87770.0,87344.34,87573.51,492.76345
2025-11-26 01:00:00+00:00,1764118800000,87573.51,88224.0,87338.05,87921.94,625.50199
2025-11-26 02:00:00+00:00,1764122400000,87921.94,88087.97,87662.24,87711.82,382.80732
2025-11-26 03:00:00+00:00,1764126000000,87711.82,87892.82,87069.97,87119.92,734.20044
2025-11-26 04:00:00+00:00,1764129600000,87119.93,87368.0,86909.99,87230.23,523.25398
2025-11-26 05:00:00+00:00,1764133200000,87230.23,87741.5,87220.01,87519.53,391.28204
2025-11-26 06:00:00+00:00,1764136800000,87519.54,87889.0,87409.78,87794.0,567.75553
2025-11-26 07:00:00+00:00,1764140400000,87794.0,87970.0,87698.25,87935.05,346.36014
2025-11-26 08:00:00+00:00,1764144000000,87935.05,87941.58,87416.44,87424.8,352.28266
2025-11-26 09:00:00+00:00,1764147600000,87424.8,87453.47,86746.6,86825.27,1012.15795
2025-11-26 10:00:00+00:00,1764151200000,86825.27,87078.59,86670.36,86955.17,469.69958
2025-11-26 11:00:00+00:00,1764154800000,86955.17,87095.83,86844.01,87095.79,365.39116
2025-11-26 12:00:00+00:00,1764158400000,87095.78,87175.99,86306.77,86643.08,790.16422
2025-11-26 13:00:00+00:00,1764162000000,86643.07,87136.33,86568.85,87128.51,802.87416
2025-11-26 14:00:00+00:00,1764165600000,87128.51,87693.21,86813.5,86899.73,1419.99793
2025-11-26 15:00:00+00:00,1764169200000,86899.72,87349.41,86664.23,86978.0,1185.22598
2025-11-26 16:00:00+00:00,1764172800000,86977.99,87946.0,86956.61,87820.01,1248.92414
2025-11-26 17:00:00+00:00,1764176400000,87820.02,89962.9,87710.27,89830.79,2469.84113
2025-11-26 18:00:00+00:00,1764180000000,89830.8,90418.39,89676.0,90145.69,2128.19073
2025-11-26 19:00:00+00:00,1764183600000,90145.69,90197.83,89716.3,89957.36,1663.47818
2025-11-26 20:00:00+00:00,1764187200000,89957.37,90114.67,89508.85,89866.82,1645.62012
2025-11-26 21:00:00+00:00,1764190800000,89866.83,90491.28,89815.35,90195.99,803.11555
2025-11-26 22:00:00+00:00,1764194400000,90195.98,90656.08,90127.88,90386.57,686.02397
2025-11-26 23:00:00+00:00,1764198000000,90386.56,90600.0,90312.25,90484.02,568.91004
2025-11-27 00:00:00+00:00,1764201600000,90484.01,90597.32,90089.91,90485.85,863.56359
2025-11-27 01:00:00+00:00,1764205200000,90485.85,91236.0,90385.5,91145.78,1123.33988
2025-11-27 02:00:00+00:00,1764208800000,91145.78,91950.0,90879.76,91389.21,2941.8217
2025-11-27 03:00:00+00:00,1764212400000,91389.73,91615.6,91044.14,91091.68,815.09214
2025-11-27 04:00:00+00:00,1764216000000,91091.68,91353.85,91057.77,91277.06,509.22057
2025-11-27 05:00:00+00:00,1764219600000,91277.06,91554.49,90889.11,90967.54,724.51309
2025-11-27 06:00:00+00:00,1764223200000,90967.53,91445.3,90967.53,91244.58,600.26335
2025-11-27 07:00:00+00:00,1764226800000,91244.59,91496.63,91135.88,91408.34,609.78648
2025-11-27 08:00:00+00:00,1764230400000,91408.34,91520.24,91221.17,91492.02,626.375
2025-11-27 09:00:00+00:00,1764234000000,91492.01,91940.18,91475.39,91561.67,875.30832
2025-11-27 10:00:00+00:00,1764237600000,91561.67,91747.29,91347.02,91613.51,526.00515
2025-11-27 11:00:00+00:00,1764241200000,91613.52,91619.36,91307.69,91371.88,326.30294
2025-11-27 12:00:00+00:00,1764244800000,91371.87,91457.36,90950.0,90986.56,641.34239
2025-11-27 13:00:00+00:00,1764248400000,90986.56,91075.99,90438.43,90852.78,1344.1126
2025-11-27 14:00:00+00:00,1764252000000,90852.79,90978.49,90579.77,90789.68,539.81726
2025-11-27 15:00:00+00:00,1764255600000,90789.68,90988.0,90629.98,90958.3,396.23776
2025-11-27 16:00:00+00:00,1764259200000,90958.29,91562.0,90850.77,91467.13,778.41704
2025-11-27 17:00:00+00:00,1764262800000,91467.12,91635.79,91299.06,91479.3,704.33875
2025-11-27 18:00:00+00:00,1764266400000,91479.3,91843.59,91347.21,91791.99,433.08181
2025-11-27 19:00:00+00:00,1764270000000,91791.99,91791.99,91506.94,91528.21,363.77786
2025-11-27 20:00:00+00:00,1764273600000,91528.22,91596.76,91400.0,91433.17,259.27901
2025-11-27 21:00:00+00:00,1764277200000,91433.18,91600.0,91217.17,91416.99,272.08151
2025-11-27 22:00:00+00:00,1764280800000,91416.99,91590.0,91114.52,91317.65,289.90354
2025-11-27 23:00:00+00:00,1764284400000,91317.66,91566.0,91213.79,91333.95,269.52758
2025-11-28 00:00:00+00:00,1764288000000,91333.94,91417.99,91072.3,91207.34,405.71832
2025-11-28 01:00:00+00:00,1764291600000,91207.34,91209.82,90800.3,90804.56,495.69936
2025-11-28 02:00:00+00:00,1764295200000,90804.56,91135.69,90652.55,91083.08,665.69948
2025-11-28 03:00:00+00:00,1764298800000,91083.08,91306.63,91000.88,91208.85,362.93677
2025-11-28 04:00:00+00:00,1764302400000,91208.85,91486.29,91130.0,91424.02,286.91882
2025-11-28 05:00:00+00:00,1764306000000,91424.02,91707.79,91304.28,91612.09,444.39646
2025-11-28 06:00:00+00:00,1764309600000,91612.09,91612.09,91156.24,91300.69,441.82209
2025-11-28 07:00:00+00:00,1764313200000,91300.69,91568.98,90867.43,90910.87,700.7864
2025-11-28 08:00:00+00:00,1764316800000,90910.87,91717.0,90907.98,91690.0,899.46359
2025-11-28 09:00:00+00:00,1764320400000,91689.99,91850.0,91439.34,91599.99,578.7761
2025-11-28 10:00:00+00:00,1764324000000,91600.0,91874.86,91480.28,91850.49,786.48217
2025-11-28 11:00:00+00:00,1764327600000,91850.49,92030.0,91065.13,91437.64,910.59811
2025-11-28 12:00:00+00:00,1764331200000,91437.64,91692.3,91405.69,91513.4,360.31623
2025-11-28 13:00:00+00:00,1764334800000,91513.4,92635.0,91380.94,92377.01,1231.35483
2025-11-28 14:00:00+00:00,1764338400000,92377.0,93092.0,91818.35,92250.01,2337.42844
2025-11-28 15:00:00+00:00,1764342000000,92250.0,92796.0,91976.59,92362.49,1117.5135
2025-11-28 16:00:00+00:00,1764345600000,92362.5,92376.0,90880.0,90936.23,1386.76661
2025-11-28 17:00:00+00:00,1764349200000,90936.24,91208.43,90180.63,90663.98,3368.6938
2025-11-28 18:00:00+00:00,1764352800000,90661.57,90958.57,90421.88,90830.57,663.11655
2025-11-28 19:00:00+00:00,1764356400000,90830.57,91202.55,90821.6,91157.44,360.61967
2025-11-28 20:00:00+00:00,1764360000000,91157.44,91225.45,90867.89,91201.1,310.35586
2025-11-28 21:00:00+00:00,1764363600000,91201.09,91247.16,90888.0,90888.01,223.95974
2025-11-28 22:00:00+00:00,1764367200000,90888.01,91159.89,90705.57,91122.0,276.05655
2025-11-28 23:00:00+00:00,1764370800000,91122.0,91195.68,90890.7,90890.7,215.38067
2025-11-29 00:00:00+00:00,1764374400000,90890.71,90968.0,90768.13,90884.01,186.84042
2025-11-29 01:00:00+00:00,1764378000000,90884.01,91119.99,90797.36,90881.2,189.9049
2025-11-29 02:00:00+00:00,1764381600000,90881.2,90926.9,90546.36,90798.89,360.3042
2025-11-29 03:00:00+00:00,1764385200000,90798.9,90874.03,90661.12,90680.26,203.76865
2025-11-29 04:00:00+00:00,1764388800000,90680.26,90911.36,90551.12,90901.56,194.82906
2025-11-29 05:00:00+00:00,1764392400000,90901.55,90931.56,90733.22,90747.16,201.02788
2025-11-29 06:00:00+00:00,1764396000000,90747.16,90832.57,90311.92,90565.29,551.9962
2025-11-29 07:00:00+00:00,1764399600000,90565.3,90666.0,90375.01,90567.67,281.69639
2025-11-29 08:00:00+00:00,1764403200000,90567.66,90738.17,90477.44,90629.67,209.42959
2025-11-29 09:00:00+00:00,1764406800000,90629.67,90665.37,90500.0,90560.08,255.33197
2025-11-29 10:00:00+00:00,1764410400000,90560.08,90647.98,90376.37,90552.47,287.88192
2025-11-29 11:00:00+00:00,1764414000000,90552.47,90682.33,90458.17,90673.19,204.80457
2025-11-29 12:00:00+00:00,1764417600000,90673.2,90810.45,90530.93,90616.01,253.50149
2025-11-29 13:00:00+00:00,1764421200000,90616.01,90805.99,90591.35,90783.17,243.4196
2025-11-29 14:00:00+00:00,1764424800000,90783.16,90783.17,90610.41,90621.72,231.55273
2025-11-29 15:00:00+00:00,1764428400000,90621.73,91110.36,90621.72,91063.5,419.55316
2025-11-29 16:00:00+00:00,1764432000000,91063.5,91165.65,90862.22,91004.03,256.29667
2025-11-29 17:00:00+00:00,1764435600000,91004.03,91019.0,90421.21,90421.21,800.09236
2025-11-29 18:00:00+00:00,1764439200000,90421.21,90719.16,90155.47,90690.84,837.40131
2025-11-29 19:00:00+00:00,1764442800000,90690.85,90850.83,90600.1,90640.78,298.72853
2025-11-29 20:00:00+00:00,1764446400000,90640.77,91035.27,90400.21,90963.29,336.13338
2025-11-29 21:00:00+00:00,1764450000000,90963.29,91051.87,90814.02,91008.68,179.69384
2025-11-29 22:00:00+00:00,1764453600000,91008.68,91008.69,90700.65,90753.02,311.96344
2025-11-29 23:00:00+00:00,1764457200000,90753.03,90896.97,90690.23,90802.44,133.73065
2025-11-30 00:00:00+00:00,1764460800000,90802.44,90945.59,90765.12,90893.94,127.74315
2025-11-30 01:00:00+00:00,1764464400000,90893.94,91055.5,90863.05,90913.31,246.89699
2025-11-30 02:00:00+00:00,1764468000000,90913.3,91032.18,90749.9,90795.51,321.82107
2025-11-30 03:00:00+00:00,1764471600000,90795.52,90917.96,90471.0,90909.35,418.70941
2025-11-30 04:00:00+00:00,1764475200000,90909.35,90970.36,90799.91,90858.0,98.98576
2025-11-30 05:00:00+00:00,1764478800000,90857.99,90857.99,90670.4,90783.75,146.33614
2025-11-30 06:00:00+00:00,1764482400000,90783.76,90937.5,90717.51,90898.68,134.34933
2025-11-30 07:00:00+00:00,1764486000000,90898.69,91037.72,90860.01,90968.16,170.24658
2025-11-30 08:00:00+00:00,1764489600000,90968.16,91438.99,90927.16,91184.45,999.6229
2025-11-30 09:00:00+00:00,1764493200000,91184.45,91632.0,91138.65,91413.07,857.09997
2025-11-30 10:00:00+00:00,1764496800000,91413.07,91467.36,91200.0,91234.31,215.61141
2025-11-30 11:00:00+00:00,1764500400000,91234.31,91397.33,90998.34,91048.78,443.35776
2025-11-30 12:00:00+00:00,1764504000000,91048.79,91535.1,91009.0,91469.51,391.37581
2025-11-30 13:00:00+00:00,1764507600000,91469.51,92000.01,91398.69,91769.99,1268.05794
2025-11-30 14:00:00+00:00,1764511200000,91770.0,91779.94,91256.88,91499.99,479.45512
2025-11-30 15:00:00+00:00,1764514800000,91499.98,91612.83,91326.59,91435.31,490.26099
2025-11-30 16:00:00+00:00,1764518400000,91435.31,91850.0,91406.97,91825.18,328.17239
2025-11-30 17:00:00+00:00,1764522000000,91825.18,91825.18,91313.26,91488.19,322.55187
2025-11-30 18:00:00+00:00,1764525600000,91488.2,91488.2,91159.42,91459.9,239.73146
2025-11-30 19:00:00+00:00,1764529200000,91459.91,91500.0,91298.4,91460.79,158.56074
2025-11-30 20:00:00+00:00,1764532800000,91460.79,91626.75,91178.0,91315.6,260.58782
2025-11-30 21:00:00+00:00,1764536400000,91315.59,91332.18,90888.48,91174.22,497.10764
2025-11-30 22:00:00+00:00,1764540000000,91174.23,91351.61,91049.22,91225.28,263.92188
2025-11-30 23:00:00+00:00,1764543600000,91225.28,91256.36,90336.9,90360.0,807.17762
2025-12-01 00:00:00+00:00,1764547200000,90360.01,90417.0,86959.99,87000.0,4607.45526
2025-12-01 01:00:00+00:00,1764550800000,87000.0,87749.99,86941.4,87168.91,1588.04096
2025-12-01 02:00:00+00:00,1764554400000,87168.9,87500.0,86474.34,86722.29,2052.19788
2025-12-01 03:00:00+00:00,1764558000000,86722.3,86800.0,86161.61,86346.13,2001.96556
2025-12-01 04:00:00+00:00,1764561600000,86346.13,86350.01,85695.44,85801.03,1863.01351
2025-12-01 05:00:00+00:00,1764565200000,85801.03,86006.85,85604.0,86001.08,749.36259
2025-12-01 06:00:00+00:00,1764568800000,86001.08,86357.43,85974.66,86234.16,931.6074
2025-12-01 07:00:00+00:00,1764572400000,86234.17,86578.06,86049.9,86550.3,1393.18357
2025-12-01 08:00:00+00:00,1764576000000,86550.3,86890.77,86390.25,86869.51,948.06769
2025-12-01 09:00:00+00:00,1764579600000,86869.5,86938.01,86518.18,86704.86,866.92667
2025-12-01 10:00:00+00:00,1764583200000,86704.85,86814.0,86552.0,86647.73,366.02338
2025-12-01 11:00:00+00:00,1764586800000,86647.73,86699.99,86131.01,86149.15,824.75013
2025-12-01 12:00:00+00:00,1764590400000,86146.59,86231.52,84756.0,85430.64,2098.18769
2025-12-01 13:00:00+00:00,1764594000000,85430.64,86166.43,85350.0,85986.85,1097.45554
2025-12-01 14:00:00+00:00,1764597600000,85986.85,86674.0,85868.0,86067.9,1654.56841
2025-12-01 15:00:00+00:00,1764601200000,86067.9,86137.17,83822.76,84677.87,3274.16077
2025-12-01 16:00:00+00:00,1764604800000,84677.87,85463.12,84030.95,84571.8,2152.34019
2025-12-01 17:00:00+00:00,1764608400000,84571.8,85265.66,84442.75,84920.3,917.46569
2025-12-01 18:00:00+00:00,1764612000000,84925.01,85555.0,84723.83,85199.48,911.27586
2025-12-01 19:00:00+00:00,1764615600000,85199.48,85299.14,84603.97,85024.5,617.02121
2025-12-01 20:00:00+00:00,1764619200000,85024.5,85833.01,85007.69,85518.0,1007.0535
2025-12-01 21:00:00+00:00,1764622800000,85518.01,86507.3,85499.99,86436.65,1202.40704
2025-12-01 22:00:00+00:00,1764626400000,86436.64,86860.0,86300.0,86572.65,780.37442
2025-12-01 23:00:00+00:00,1764630000000,86572.65,86833.55,86249.8,86286.01,604.10735
2025-12-02 00:00:00+00:00,1764633600000,86286.01,86674.53,86184.39,86513.33,887.97566
2025-12-02 01:00:00+00:00,1764637200000,86513.33,87350.0,86394.0,86454.93,1192.01967
2025-12-02 02:00:00+00:00,1764640800000,86454.93,86857.79,86272.55,86554.47,522.02975
2025-12-02 03:00:00+00:00,1764644400000,86554.46,87106.62,86214.99,86976.99,643.79096
2025-12-02 04:00:00+00:00,1764648000000,86977.0,87288.48,86900.79,86970.28,689.46639
2025-12-02 05:00:00+00:00,1764651600000,86970.28,87125.36,86818.14,87008.2,320.12167
2025-12-02 06:00:00+00:00,1764655200000,87008.2,87179.22,86870.0,87090.46,385.60175
2025-12-02 07:00:00+00:00,1764658800000,87090.46,87117.18,86882.23,87012.65,338.04553
2025-12-02 08:00:00+00:00,1764662400000,87012.64,87058.41,86296.21,86471.89,1046.58604
2025-12-02 09:00:00+00:00,1764666000000,86471.88,86999.0,86450.6,86769.87,806.33465
2025-12-02 10:00:00+00:00,1764669600000,86769.88,87628.78,86760.01,87272.44,661.40198
2025-12-02 11:00:00+00:00,1764673200000,87272.44,87602.47,86985.51,87368.92,846.713
2025-12-02 12:00:00+00:00,1764676800000,87368.92,87560.77,87208.68,87264.2,839.51657
2025-12-02 13:00:00+00:00,1764680400000,87264.2,87883.43,87032.75,87731.41,1559.3403
2025-12-02 14:00:00+00:00,1764684000000,87731.41,89275.54,87600.0,89271.99,2529.97385
2025-12-02 15:00:00+00:00,1764687600000,89271.99,91200.0,89263.06,90850.01,4371.66947
2025-12-02 16:00:00+00:00,1764691200000,90850.01,91296.72,90201.0,90759.15,2014.14601
2025-12-02 17:00:00+00:00,1764694800000,90759.15,91990.0,90736.05,91458.4,1594.71699
2025-12-02 18:00:00+00:00,1764698400000,91458.4,92237.15,91326.22,91954.49,1650.85803
2025-12-02 19:00:00+00:00,1764702000000,91954.49,92307.65,91850.0,91903.39,892.95903
2025-12-02 20:00:00+00:00,1764705600000,91903.38,91930.09,90720.87,91026.67,1812.81861
2025-12-02 21:00:00+00:00,1764709200000,91026.66,91631.49,90965.02,91562.43,750.79479
2025-12-02 22:00:00+00:00,1764712800000,91562.42,92000.0,91510.6,91981.91,1005.0385
2025-12-02 23:00:00+00:00,1764716400000,91981.91,91981.91,91269.38,91277.88,848.30812
2025-12-03 00:00:00+00:00,1764720000000,91277.88,91747.99,90990.23,91660.12,1282.57519
2025-12-03 01:00:00+00:00,1764723600000,91660.13,92482.02,91468.21,92251.63,1105.16296
2025-12-03 02:00:00+00:00,1764727200000,92251.64,93051.64,92158.0,92817.92,1322.86837
2025-12-03 03:00:00+00:00,1764730800000,92817.93,93087.09,92597.26,92628.91,714.46982
2025-12-03 04:00:00+00:00,1764734400000,92628.91,93482.87,92625.0,93362.21,1228.95814
2025-12-03 05:00:00+00:00,1764738000000,93362.21,93660.0,93116.02,93642.92,1042.55272
2025-12-03 06:00:00+00:00,1764741600000,93642.92,93958.58,93146.26,93431.8,1068.27612
2025-12-03 07:00:00+00:00,1764745200000,93431.81,93468.43,92871.03,92999.99,1206.67241
2025-12-03 08:00:00+00:00,1764748800000,93000.0,93173.93,92682.1,92765.65,908.28425
2025-12-03 09:00:00+00:00,1764752400000,92765.64,93217.52,92709.41,93178.46,651.04477
2025-12-03 10:00:00+00:00,1764756000000,93178.45,93389.62,92861.88,92939.4,644.12113
2025-12-03 11:00:00+00:00,1764759600000,92939.4,93054.93,92666.0,93005.68,566.65244
2025-12-03 12:00:00+00:00,1764763200000,93005.68,93112.1,92672.55,92937.39,609.37614
2025-12-03 13:00:00+00:00,1764766800000,92937.39,93258.53,92886.59,93130.88,653.22336
2025-12-03 14:00:00+00:00,1764770400000,93130.89,93700.0,91697.0,92357.54,3444.5392
2025-12-03 15:00:00+00:00,1764774000000,92357.54,92993.98,91922.21,92373.3,1816.10102
2025-12-03 16:00:00+00:00,1764777600000,92373.3,92739.09,91786.99,92242.24,1045.70106
2025-12-03 17:00:00+00:00,1764781200000,92242.24,93040.0,92199.72,92956.22,952.33734
2025-12-03 18:00:00+00:00,1764784800000,92956.22,93500.0,92383.05,92623.86,1065.25501
2025-12-03 19:00:00+00:00,1764788400000,92623.85,93099.47,92528.75,93024.99,561.39144
2025-12-03 20:00:00+00:00,1764792000000,93025.0,93400.0,92825.56,92980.43,993.99987
2025-12-03 21:00:00+00:00,1764795600000,92981.45,93769.23,92860.0,93700.0,961.39093
2025-12-03 22:00:00+00:00,1764799200000,93700.01,94150.0,93301.87,93781.01,1201.71927
2025-12-03 23:00:00+00:00,1764802800000,93781.01,94091.71,93377.58,93429.95,665.85289
2025-12-04 00:00:00+00:00,1764806400000,93429.95,93480.0,92669.82,93054.86,1095.83853
2025-12-04 01:00:00+00:00,1764810000000,93054.87,93750.73,92981.35,93195.07,1304.157
2025-12-04 02:00:00+00:00,1764813600000,93195.07,94070.7,93117.8,93943.24,944.67997
2025-12-04 03:00:00+00:00,1764817200000,93943.24,94080.0,93402.38,93543.04,500.0247
2025-12-04 04:00:00+00:00,1764820800000,93543.03,93588.48,93231.56,93360.58,388.95379
2025-12-04 05:00:00+00:00,1764824400000,93360.58,93380.39,92775.0,92979.25,931.22487
2025-12-04 06:00:00+00:00,1764828000000,92979.25,93371.12,92824.32,93140.74,1076.30029
2025-12-04 07:00:00+00:00,1764831600000,93140.75,93413.39,92888.0,93397.67,674.02891
2025-12-04 08:00:00+00:00,1764835200000,93397.67,93600.0,93044.41,93260.63,411.88207
2025-12-04 09:00:00+00:00,1764838800000,93260.64,93621.31,93235.5,93454.7,402.88554
2025-12-04 10:00:00+00:00,1764842400000,93454.71,93553.69,93156.42,93260.0,373.45816
2025-12-04 11:00:00+00:00,1764846000000,93260.0,93318.17,92736.9,92948.31,728.79798
2025-12-04 12:00:00+00:00,1764849600000,92948.32,93200.0,92782.48,92990.18,474.71729
2025-12-04 13:00:00+00:00,1764853200000,92990.18,93060.63,92424.0,92516.38,997.53962
2025-12-04 14:00:00+00:00,1764856800000,92516.38,92821.26,91801.0,91894.01,1176.07323
2025-12-04 15:00:00+00:00,1764860400000,91894.0,93257.0,91886.55,92971.49,1647.82775
2025-12-04 16:00:00+00:00,1764864000000,92971.49,93174.55,92268.76,92431.72,1073.45255
2025-12-04 17:00:00+00:00,1764867600000,92431.71,92536.0,91756.57,92426.76,1204.88261
2025-12-04 18:00:00+00:00,1764871200000,92426.77,92550.86,91890.32,92127.52,605.6924
2025-12-04 19:00:00+00:00,1764874800000,92127.53,92174.91,90889.0,91975.44,1976.68364
2025-12-04 20:00:00+00:00,1764878400000,91975.43,92532.42,91688.92,92476.25,812.83088
2025-12-04 21:00:00+00:00,1764882000000,92476.25,92718.53,92086.0,92158.23,581.65983
2025-12-04 22:00:00+00:00,1764885600000,92158.24,92497.25,92151.79,92348.78,231.66801
2025-12-04 23:00:00+00:00,1764889200000,92348.78,92461.03,92076.66,92078.06,188.68097
2025-12-05 00:00:00+00:00,1764892800000,92078.06,92474.0,92058.82,92299.08,300.89002
2025-12-05 01:00:00+00:00,1764896400000,92299.09,92600.0,92227.44,92358.03,512.17408
2025-12-05 02:00:00+00:00,1764900000000,92358.03,92692.36,92252.66,92518.4,403.18655
2025-12-05 03:00:00+00:00,1764903600000,92518.4,92665.56,91959.92,92142.75,535.04122
2025-12-05 04:00:00+00:00,1764907200000,92142.75,92386.31,91813.37,92028.14,507.97714
2025-12-05 05:00:00+00:00,1764910800000,92028.15,92204.69,91880.13,91932.85,239.31127
2025-12-05 06:00:00+00:00,1764914400000,91932.85,92286.77,91905.83,92275.26,277.29503
2025-12-05 07:00:00+00:00,1764918000000,92275.27,92497.51,92203.34,92258.65,362.60812
2025-12-05 08:00:00+00:00,1764921600000,92258.64,92258.65,91892.86,92112.04,447.11606
2025-12-05 09:00:00+00:00,1764925200000,92112.04,92112.04,90956.25,91128.56,1077.36085
2025-12-05 10:00:00+00:00,1764928800000,91128.55,91488.0,91083.87,91272.85,493.57021
2025-12-05 11:00:00+00:00,1764932400000,91272.85,91563.7,91128.4,91351.43,413.65104
2025-12-05 12:00:00+00:00,1764936000000,91351.44,91432.69,91081.57,91242.4,357.37789
2025-12-05 13:00:00+00:00,1764939600000,91242.4,91352.56,90215.51,90465.14,1524.52886
2025-12-05 14:00:00+00:00,1764943200000,90465.14,90744.24,89874.7,90287.67,1551.1367
2025-12-05 15:00:00+00:00,1764946800000,90287.67,91478.67,90258.24,90459.35,1911.11908
2025-12-05 16:00:00+00:00,1764950400000,90459.34,90498.59,88056.0,88810.89,3451.73023
2025-12-05 17:00:00+00:00,1764954000000,88810.88,89540.71,88607.25,89336.13,1157.12551
2025-12-05 18:00:00+00:00,1764957600000,89335.53,89795.59,88908.53,88936.04,857.04766
2025-12-05 19:00:00+00:00,1764961200000,88936.04,89800.0,88814.88,89629.26,1041.63454
2025-12-05 20:00:00+00:00,1764964800000,89629.27,89745.37,89181.91,89301.75,1024.68482
2025-12-05 21:00:00+00:00,1764968400000,89301.75,89484.0,89075.91,89177.68,695.18131
2025-12-05 22:00:00+00:00,1764972000000,89177.68,89376.03,88901.6,89232.47,401.94285
2025-12-05 23:00:00+00:00,1764975600000,89232.48,89383.46,88940.2,89330.04,249.28114
2025-12-06 00:00:00+00:00,1764979200000,89330.04,89466.34,89030.67,89422.25,286.14614
2025-12-06 01:00:00+00:00,1764982800000,89422.25,89500.0,89205.03,89333.83,226.8064
2025-12-06 02:00:00+00:00,1764986400000,89333.84,89404.0,89175.0,89390.9,233.2494
2025-12-06 03:00:00+00:00,1764990000000,89390.9,89806.43,89390.9,89688.35,784.83107
2025-12-06 04:00:00+00:00,1764993600000,89688.35,89721.76,89521.12,89659.01,185.11807
2025-12-06 05:00:00+00:00,1764997200000,89659.0,89740.0,89524.03,89604.98,147.31042
2025-12-06 06:00:00+00:00,1765000800000,89604.97,89764.19,89527.26,89688.65,140.21424
2025-12-06 07:00:00+00:00,1765004400000,89688.65,89720.0,89459.19,89597.13,296.88077
2025-12-06 08:00:00+00:00,1765008000000,89597.14,89647.12,89217.59,89277.14,423.86292
2025-12-06 09:00:00+00:00,1765011600000,89277.14,89669.13,89264.74,89574.12,336.18462
2025-12-06 10:00:00+00:00,1765015200000,89574.12,89687.86,89462.0,89506.0,175.95561
2025-12-06 11:00:00+00:00,1765018800000,89506.01,89750.01,89500.0,89631.28,568.70187
2025-12-06 12:00:00+00:00,1765022400000,89631.29,89648.96,89566.0,89581.19,256.02717
2025-12-06 13:00:00+00:00,1765026000000,89581.19,89788.56,89581.19,89673.73,252.86068
2025-12-06 14:00:00+00:00,1765029600000,89673.73,90289.97,89659.0,90004.76,1068.00125
2025-12-06 15:00:00+00:00,1765033200000,90004.76,90042.54,89490.98,89758.77,475.19156
2025-12-06 16:00:00+00:00,1765036800000,89758.77,89981.2,89680.34,89707.8,304.47551
2025-12-06 17:00:00+00:00,1765040400000,89707.8,89846.98,89615.38,89712.85,310.78613
2025-12-06 18:00:00+00:00,1765044000000,89712.85,89787.99,89529.9,89646.71,180.17034
2025-12-06 19:00:00+00:00,1765047600000,89646.7,89744.62,89077.6,89405.64,688.16416
2025-12-06 20:00:00+00:00,1765051200000,89405.65,89553.82,89311.99,89548.88,135.59159
2025-12-06 21:00:00+00:00,1765054800000,89548.88,89615.34,89390.01,89420.28,217.83026
2025-12-06 22:00:00+00:00,1765058400000,89420.29,89523.37,89257.48,89285.94,165.36534
2025-12-06 23:00:00+00:00,1765062000000,89285.93,89329.38,88908.01,89236.79,549.77464
2025-12-07 00:00:00+00:00,1765065600000,89236.8,89553.82,89176.52,89392.39,248.83948
2025-12-07 01:00:00+00:00,1765069200000,89392.39,89588.23,89300.0,89300.0,132.2057
2025-12-07 02:00:00+00:00,1765072800000,89300.0,89695.65,89300.0,89621.96,175.80697
2025-12-07 03:00:00+00:00,1765076400000,89621.95,89749.59,89553.81,89722.37,155.63502
2025-12-07 04:00:00+00:00,1765080000000,89722.37,89799.96,89487.41,89535.95,280.51949
2025-12-07 05:00:00+00:00,1765083600000,89535.94,89564.55,89427.0,89515.01,130.12741
2025-12-07 06:00:00+00:00,1765087200000,89515.01,89710.0,89488.28,89709.99,107.62861
2025-12-07 07:00:00+00:00,1765090800000,89710.0,89733.33,89200.0,89379.72,220.78651
2025-12-07 08:00:00+00:00,1765094400000,89379.73,89538.7,89190.97,89316.61,173.05781
2025-12-07 09:00:00+00:00,1765098000000,89316.61,89395.65,89050.01,89104.23,229.27162
2025-12-07 10:00:00+00:00,1765101600000,89104.23,89388.0,89103.97,89240.18,200.63018
2025-12-07 11:00:00+00:00,1765105200000,89240.18,89277.59,89141.87,89149.18,183.64055
2025-12-07 12:00:00+00:00,1765108800000,89149.18,89585.12,89111.4,89475.9,246.12366
2025-12-07 13:00:00+00:00,1765112400000,89475.9,89519.1,88652.0,89053.74,519.89031
2025-12-07 14:00:00+00:00,1765116000000,89053.74,89106.0,87719.28,88220.53,1908.61044
2025-12-07 15:00:00+00:00,1765119600000,88220.53,89707.54,88169.08,89554.52,1242.29675
2025-12-07 16:00:00+00:00,1765123200000,89554.52,89908.17,89115.85,89893.38,675.40594
2025-12-07 17:00:00+00:00,1765126800000,89893.39,91271.77,89624.0,90945.17,1918.39408
2025-12-07 18:00:00+00:00,1765130400000,90945.18,91760.0,90945.17,91363.78,996.37071
2025-12-07 19:00:00+00:00,1765134000000,91363.79,91545.95,91213.37,91425.52,248.14
2025-12-07 20:00:00+00:00,1765137600000,91425.51,91510.4,91308.82,91439.04,186.94503
2025-12-07 21:00:00+00:00,1765141200000,91439.05,91439.05,89871.0,90231.32,807.41124
2025-12-07 22:00:00+00:00,1765144800000,90231.31,90241.8,88995.33,89597.03,1508.70162
2025-12-07 23:00:00+00:00,1765148400000,89597.03,90471.66,89522.08,90395.31,524.67272
2025-12-08 00:00:00+00:00,1765152000000,90395.32,90627.11,89860.0,90346.7,491.62319
2025-12-08 01:00:00+00:00,1765155600000,90346.7,91700.0,90301.86,90910.7,968.78312
2025-12-08 02:00:00+00:00,1765159200000,90910.7,91436.94,90811.25,91364.18,597.40749
2025-12-08 03:00:00+00:00,1765162800000,91364.18,91420.0,90988.91,91068.29,395.79035
2025-12-08 04:00:00+00:00,1765166400000,91068.3,91470.58,91023.06,91291.33,255.62144
2025-12-08 05:00:00+00:00,1765170000000,91291.33,91444.0,91037.43,91334.03,299.94508
2025-12-08 06:00:00+00:00,1765173600000,91334.04,91649.87,91241.27,91464.54,485.82587
2025-12-08 07:00:00+00:00,1765177200000,91464.54,91868.76,91360.0,91565.46,551.09583
2025-12-08 08:00:00+00:00,1765180800000,91565.46,91938.67,91486.46,91833.9,393.73282
2025-12-08 09:00:00+00:00,1765184400000,91833.89,92287.15,91792.38,91912.02,790.37467
2025-12-08 10:00:00+00:00,1765188000000,91912.02,92222.0,91808.09,92133.4,425.18961
2025-12-08 11:00:00+00:00,1765191600000,92133.39,92188.31,91851.08,91968.29,343.75755
2025-12-08 12:00:00+00:00,1765195200000,91968.29,91992.3,91653.94,91768.96,573.34646
2025-12-08 13:00:00+00:00,1765198800000,91768.97,92122.08,91301.45,91467.82,804.38449
2025-12-08 14:00:00+00:00,1765202400000,91467.83,91777.0,90790.0,90852.56,1807.88526
2025-12-08 15:00:00+00:00,1765206000000,90852.57,90998.95,89612.0,89961.37,2037.53824
2025-12-08 16:00:00+00:00,1765209600000,89961.36,90499.99,89679.79,89978.48,1042.18438
2025-12-08 17:00:00+00:00,1765213200000,89978.47,90339.36,89694.24,90257.98,645.64705
2025-12-08 18:00:00+00:00,1765216800000,90257.98,90527.3,89724.72,89921.68,559.47994
2025-12-08 19:00:00+00:00,1765220400000,89921.68,90366.39,89860.07,90124.48,342.53116
2025-12-08 20:00:00+00:00,1765224000000,90124.49,90917.23,90124.49,90799.92,565.06678
2025-12-08 21:00:00+00:00,1765227600000,90799.92,91374.0,90675.0,91316.01,579.83297
2025-12-08 22:00:00+00:00,1765231200000,91316.0,91373.69,90726.4,90833.86,391.90576
2025-12-08 23:00:00+00:00,1765234800000,90833.85,91026.52,90490.76,90634.34,444.68936
2025-12-09 00:00:00+00:00,1765238400000,90634.35,90846.26,90355.0,90396.73,288.37623
2025-12-09 01:00:00+00:00,1765242000000,90396.72,90569.98,89966.0,90055.8,537.66391
2025-12-09 02:00:00+00:00,1765245600000,90055.8,90368.0,89979.21,90068.2,312.17
2025-12-09 03:00:00+00:00,1765249200000,90068.21,90442.77,89795.84,90405.01,1217.20174
2025-12-09 04:00:00+00:00,1765252800000,90405.02,90500.0,89737.47,89917.53,488.51951
2025-12-09 05:00:00+00:00,1765256400000,89917.52,90209.96,89500.0,89899.35,650.65388
2025-12-09 06:00:00+00:00,1765260000000,89899.35,90232.76,89775.67,90166.84,321.30432
2025-12-09 07:00:00+00:00,1765263600000,90166.85,90528.67,90091.56,90496.8,407.14103
2025-12-09 08:00:00+00:00,1765267200000,90496.8,90600.0,90366.35,90498.72,400.27808
2025-12-09 09:00:00+00:00,1765270800000,90498.72,90498.72,90129.21,90131.59,285.35023
2025-12-09 10:00:00+00:00,1765274400000,90131.6,90345.39,89912.48,90298.45,489.74956
2025-12-09 11:00:00+00:00,1765278000000,90298.44,90396.01,90140.02,90384.55,387.10655
2025-12-09 12:00:00+00:00,1765281600000,90384.54,90690.35,90331.0,90580.0,401.62507
2025-12-09 13:00:00+00:00,1765285200000,90580.01,90850.0,90174.66,90431.03,643.67225
2025-12-09 14:00:00+00:00,1765288800000,90431.02,90644.02,90004.73,90357.59,710.07225
2025-12-09 15:00:00+00:00,1765292400000,90357.6,92876.92,90288.1,92707.51,3162.30439
2025-12-09 16:00:00+00:00,1765296000000,92707.5,94488.64,92693.5,94187.81,4040.1561
2025-12-09 17:00:00+00:00,1765299600000,94187.81,94588.99,93538.93,93917.99,1823.80002
2025-12-09 18:00:00+00:00,1765303200000,93918.0,94178.31,93661.45,93920.48,704.49653
2025-12-09 19:00:00+00:00,1765306800000,93920.48,94225.0,93651.68,93800.83,735.99959
2025-12-09 20:00:00+00:00,1765310400000,93800.83,93857.47,92767.71,93116.76,1097.12749
2025-12-09 21:00:00+00:00,1765314000000,93116.76,93243.12,92254.92,92640.0,879.12299
2025-12-09 22:00:00+00:00,1765317600000,92640.01,93045.89,92506.67,92884.0,731.02631
2025-12-09 23:00:00+00:00,1765321200000,92884.0,92977.98,92550.0,92678.8,525.51211
2025-12-10 00:00:00+00:00,1765324800000,92678.81,92786.35,92061.0,92130.81,598.49502
2025-12-10 01:00:00+00:00,1765328400000,92130.82,92400.0,91976.0,92316.36,529.89686
2025-12-10 02:00:00+00:00,1765332000000,92316.35,92570.54,92027.89,92495.68,611.21334
2025-12-10 03:00:00+00:00,1765335600000,92495.89,92553.23,92348.66,92410.62,257.39408
2025-12-10 04:00:00+00:00,1765339200000,92410.62,92659.99,92386.83,92552.62,310.96334
2025-12-10 05:00:00+00:00,1765342800000,92552.63,92725.0,92517.53,92556.28,373.62942
2025-12-10 06:00:00+00:00,1765346400000,92556.28,92757.58,92396.24,92700.0,314.97149
2025-12-10 07:00:00+00:00,1765350000000,92700.01,92782.92,92500.0,92782.91,364.28563
2025-12-10 08:00:00+00:00,1765353600000,92782.91,92790.0,92549.81,92605.0,321.85602
2025-12-10 09:00:00+00:00,1765357200000,92604.99,92972.07,92439.4,92920.01,472.03746
2025-12-10 10:00:00+00:00,1765360800000,92920.0,93291.5,92135.09,92272.66,859.47741
2025-12-10 11:00:00+00:00,1765364400000,92272.66,92438.98,91763.69,92120.45,969.68906
2025-12-10 12:00:00+00:00,1765368000000,92120.45,92216.55,91815.35,91987.22,467.90168
2025-12-10 13:00:00+00:00,1765371600000,91987.22,92226.0,91939.42,92093.66,432.08812
2025-12-10 14:00:00+00:00,1765375200000,92093.65,92112.57,91600.81,91831.24,883.60779
2025-12-10 15:00:00+00:00,1765378800000,91831.24,92149.06,91563.15,92063.69,739.55204
2025-12-10 16:00:00+00:00,1765382400000,92063.69,92595.11,91899.1,92174.11,785.95701
2025-12-10 17:00:00+00:00,1765386000000,92174.11,92515.82,92102.44,92396.23,598.06235
2025-12-10 18:00:00+00:00,1765389600000,92396.23,93056.0,92000.0,92503.48,870.70118
2025-12-10 19:00:00+00:00,1765393200000,92503.49,93243.59,91684.39,92957.67,3165.76426
2025-12-10 20:00:00+00:00,1765396800000,92957.67,94476.0,92259.25,92453.89,3153.97141
2025-12-10 21:00:00+00:00,1765400400000,92453.89,92777.34,91878.0,92356.38,1001.00392
2025-12-10 22:00:00+00:00,1765404000000,92356.39,92695.31,91954.54,92509.94,585.06287
2025-12-10 23:00:00+00:00,1765407600000,92509.94,92593.96,91942.56,92015.37,331.09907
2025-12-11 00:00:00+00:00,1765411200000,92015.38,92080.32,91051.0,91386.17,916.87916
2025-12-11 01:00:00+00:00,1765414800000,91386.17,91407.04,90658.24,90674.74,818.48242
2025-12-11 02:00:00+00:00,1765418400000,90674.75,90674.75,89876.81,90074.0,1250.21688
2025-12-11 03:00:00+00:00,1765422000000,90073.99,90074.01,89389.63,89880.01,1095.56844
2025-12-11 04:00:00+00:00,1765425600000,89880.0,90480.14,89694.81,90436.55,943.40562
2025-12-11 05:00:00+00:00,1765429200000,90436.55,90436.56,90048.2,90316.72,404.63689
2025-12-11 06:00:00+00:00,1765432800000,90316.72,90450.97,89975.89,90301.35,525.01502
2025-12-11 07:00:00+00:00,1765436400000,90301.35,90333.49,90088.0,90272.75,372.27346
2025-12-11 08:00:00+00:00,1765440000000,90272.76,90272.76,89971.11,90183.71,511.95493
2025-12-11 09:00:00+00:00,1765443600000,90183.71,90504.19,90123.01,90234.19,439.70575
2025-12-11 10:00:00+00:00,1765447200000,90234.19,90352.59,90172.61,90320.15,273.3976
2025-12-11 11:00:00+00:00,1765450800000,90320.15,90417.3,90210.44,90242.35,278.9006
2025-12-11 12:00:00+00:00,1765454400000,90242.36,90377.63,90006.01,90032.31,428.00948
2025-12-11 13:00:00+00:00,1765458000000,90032.31,90169.26,89870.0,90103.53,567.79082
2025-12-11 14:00:00+00:00,1765461600000,90103.53,90482.01,89260.63,89545.24,1363.14038
2025-12-11 15:00:00+00:00,1765465200000,89545.23,90653.33,89406.79,89872.51,1182.11834
2025-12-11 16:00:00+00:00,1765468800000,89872.51,90178.04,89333.0,89737.11,842.22519
2025-12-11 17:00:00+00:00,1765472400000,89737.11,90260.0,89627.74,89983.23,670.94481
2025-12-11 18:00:00+00:00,1765476000000,89983.23,91197.7,89891.87,90710.5,1286.99073
2025-12-11 19:00:00+00:00,1765479600000,90710.5,91538.26,90592.14,90839.81,843.83016
2025-12-11 20:00:00+00:00,1765483200000,90839.81,91831.2,90797.76,91792.99,787.89331
2025-12-11 21:00:00+00:00,1765486800000,91792.98,93555.0,91706.06,92858.39,2439.34782
2025-12-11 22:00:00+00:00,1765490400000,92858.4,93195.84,92068.9,92352.0,976.14915
2025-12-11 23:00:00+00:00,1765494000000,92352.0,92800.0,92337.91,92513.38,753.71062
2025-12-12 00:00:00+00:00,1765497600000,92513.38,92651.93,91448.31,91573.88,787.76417
2025-12-12 01:00:00+00:00,1765501200000,91573.88,92314.69,91532.16,92170.0,490.58557
2025-12-12 02:00:00+00:00,1765504800000,92170.0,92748.98,91927.27,92588.79,586.94037
2025-12-12 03:00:00+00:00,1765508400000,92588.79,92754.0,92178.37,92283.4,299.42318
2025-12-12 04:00:00+00:00,1765512000000,92283.4,92462.02,92114.99,92396.69,511.34339
2025-12-12 05:00:00+00:00,1765515600000,92396.69,92500.0,92078.91,92444.42,312.09266
2025-12-12 06:00:00+00:00,1765519200000,92444.41,92720.0,92400.0,92513.34,346.60354
2025-12-12 07:00:00+00:00,1765522800000,92513.34,92565.83,92257.8,92425.34,324.16244
2025-12-12 08:00:00+00:00,1765526400000,92425.33,92487.25,92044.8,92342.39,626.20872
2025-12-12 09:00:00+00:00,1765530000000,92342.38,92553.33,92094.0,92520.56,361.00119
2025-12-12 10:00:00+00:00,1765533600000,92520.56,92650.01,92408.33,92492.32,429.06609
2025-12-12 11:00:00+00:00,1765537200000,92492.32,92492.33,92275.86,92418.19,207.72939
2025-12-12 12:00:00+00:00,1765540800000,92418.19,92420.0,92070.55,92419.99,537.64944
2025-12-12 13:00:00+00:00,1765544400000,92420.0,92531.38,92240.14,92302.79,478.10614
2025-12-12 14:00:00+00:00,1765548000000,92302.79,92660.74,91903.34,92444.0,1038.4462
2025-12-12 15:00:00+00:00,1765551600000,92444.0,92445.94,89780.0,89935.14,3505.93103
2025-12-12 16:00:00+00:00,1765555200000,89935.13,90441.17,89480.0,90046.54,2093.36319
2025-12-12 17:00:00+00:00,1765558800000,90046.53,90623.72,89826.75,90083.09,1168.98586
2025-12-12 18:00:00+00:00,1765562400000,90083.09,90666.0,90044.93,90372.0,894.36594
2025-12-12 19:00:00+00:00,1765566000000,90372.0,90399.99,90017.05,90198.22,502.61326
2025-12-12 20:00:00+00:00,1765569600000,90198.23,90334.77,89898.61,90214.08,503.97114
2025-12-12 21:00:00+00:00,1765573200000,90214.08,90345.94,90100.0,90193.94,320.8382
2025-12-12 22:00:00+00:00,1765576800000,90193.94,90395.53,90184.92,90335.92,184.26184
2025-12-12 23:00:00+00:00,1765580400000,90335.93,90404.13,90233.16,90268.42,167.73874
2025-12-13 00:00:00+00:00,1765584000000,90268.43,90444.28,90207.2,90323.01,184.8182
2025-12-13 01:00:00+00:00,1765587600000,90323.01,90359.32,90120.0,90229.91,171.54055
2025-12-13 02:00:00+00:00,1765591200000,90229.92,90318.0,90221.98,90232.77,158.12998
2025-12-13 03:00:00+00:00,1765594800000,90232.77,90469.71,90205.52,90345.54,134.27456
2025-12-13 04:00:00+00:00,1765598400000,90345.55,90410.5,90268.91,90371.81,120.09938
2025-12-13 05:00:00+00:00,1765602000000,90371.81,90387.51,90269.0,90342.91,103.66062
2025-12-13 06:00:00+00:00,1765605600000,90342.92,90380.0,90270.65,90351.45,106.97274
2025-12-13 07:00:00+00:00,1765609200000,90351.45,90400.0,90318.56,90329.97,120.80251
2025-12-13 08:00:00+00:00,1765612800000,90329.98,90575.28,90318.67,90458.19,326.23501
2025-12-13 09:00:00+00:00,1765616400000,90458.2,90513.53,90387.99,90422.57,164.09529
2025-12-13 10:00:00+00:00,1765620000000,90422.57,90634.55,90418.49,90595.13,395.80418
2025-12-13 11:00:00+00:00,1765623600000,90595.14,90612.32,90290.0,90330.36,639.73871
2025-12-13 12:00:00+00:00,1765627200000,90330.36,90470.3,90276.13,90341.05,491.58704
2025-12-13 13:00:00+00:00,1765630800000,90341.05,90450.0,90194.34,90245.87,344.68696
2025-12-13 14:00:00+00:00,1765634400000,90245.88,90331.74,89932.99,90079.7,600.45706
2025-12-13 15:00:00+00:00,1765638000000,90079.71,90289.6,90031.38,90092.16,470.25787
2025-12-13 16:00:00+00:00,1765641600000,90092.17,90268.13,90025.65,90087.28,226.25798
2025-12-13 17:00:00+00:00,1765645200000,90087.28,90102.08,89981.0,90052.61,193.07435
2025-12-13 18:00:00+00:00,1765648800000,90052.61,90184.34,90047.4,90119.89,145.63725
2025-12-13 19:00:00+00:00,1765652400000,90119.9,90224.8,90109.62,90178.16,110.2678
2025-12-13 20:00:00+00:00,1765656000000,90178.17,90209.56,90037.57,90088.31,107.22878
2025-12-13 21:00:00+00:00,1765659600000,90088.31,90184.59,89766.39,90175.97,284.30101
2025-12-13 22:00:00+00:00,1765663200000,90175.97,90250.0,89997.14,90140.1,154.46161
2025-12-13 23:00:00+00:00,1765666800000,90140.1,90280.76,90051.02,90240.01,141.31844
2025-12-14 00:00:00+00:00,1765670400000,90240.0,90472.4,90117.05,90340.0,291.19891
2025-12-14 01:00:00+00:00,1765674000000,90340.0,90442.0,90208.0,90293.29,137.11035
2025-12-14 02:00:00+00:00,1765677600000,90293.29,90384.0,90240.01,90290.17,156.14118
2025-12-14 03:00:00+00:00,1765681200000,90290.18,90303.08,90245.6,90258.98,126.49087
2025-12-14 04:00:00+00:00,1765684800000,90258.99,90329.24,90127.99,90201.5,114.76912
2025-12-14 05:00:00+00:00,1765688400000,90201.5,90228.66,90050.74,90199.06,171.7819
2025-12-14 06:00:00+00:00,1765692000000,90199.06,90245.34,90092.86,90145.26,269.9029
2025-12-14 07:00:00+00:00,1765695600000,90145.27,90279.42,90072.97,90245.6,133.38192
2025-12-14 08:00:00+00:00,1765699200000,90245.6,90280.01,90108.27,90108.28,116.0796
2025-12-14 09:00:00+00:00,1765702800000,90108.28,90151.02,90001.1,90020.06,187.97686
2025-12-14 10:00:00+00:00,1765706400000,90020.07,90136.22,89785.0,89853.69,322.19368
2025-12-14 11:00:00+00:00,1765710000000,89853.69,89853.7,88687.27,89360.0,1409.87783
2025-12-14 12:00:00+00:00,1765713600000,89360.01,89666.0,89101.0,89431.65,410.39848
2025-12-14 13:00:00+00:00,1765717200000,89431.66,89500.0,89088.0,89489.5,410.01233
2025-12-14 14:00:00+00:00,1765720800000,89489.51,89556.83,88884.26,89118.04,568.79065
2025-12-14 15:00:00+00:00,1765724400000,89118.04,89176.69,88882.66,89022.91,340.50491
2025-12-14 16:00:00+00:00,1765728000000,89022.92,89398.71,88531.34,88836.98,723.59164
2025-12-14 17:00:00+00:00,1765731600000,88836.99,89032.39,88606.73,88810.67,407.9248
2025-12-14 18:00:00+00:00,1765735200000,88810.67,89073.18,88722.19,88997.28,248.72689
2025-12-14 19:00:00+00:00,1765738800000,88997.27,88997.28,88497.02,88644.88,304.96489
2025-12-14 20:00:00+00:00,1765742400000,88644.88,88827.71,88356.9,88558.97,585.18797
2025-12-14 21:00:00+00:00,1765746000000,88558.97,88714.66,88345.94,88443.85,309.77088
2025-12-14 22:00:00+00:00,1765749600000,88443.85,88605.06,88017.0,88415.29,614.71972
2025-12-14 23:00:00+00:00,1765753200000,88415.29,88609.22,87577.36,88172.17,1055.44176
2025-12-15 00:00:00+00:00,1765756800000,88172.16,88692.3,88074.37,88465.9,626.14158
2025-12-15 01:00:00+00:00,1765760400000,88465.9,89338.01,88428.07,89242.32,767.16149
2025-12-15 02:00:00+00:00,1765764000000,89242.33,90052.64,89235.72,89321.85,985.6588
2025-12-15 03:00:00+00:00,1765767600000,89321.85,89543.88,89225.91,89282.6,320.69878
2025-12-15 04:00:00+00:00,1765771200000,89282.6,89786.89,89272.88,89667.64,408.51835
2025-12-15 05:00:00+00:00,1765774800000,89667.64,89749.47,89492.0,89615.24,221.82498
2025-12-15 06:00:00+00:00,1765778400000,89615.25,89918.48,89476.98,89735.88,262.41654
2025-12-15 07:00:00+00:00,1765782000000,89735.89,89824.47,89516.0,89753.42,424.17802
2025-12-15 08:00:00+00:00,1765785600000,89753.43,89900.0,89655.52,89770.01,250.02319
2025-12-15 09:00:00+00:00,1765789200000,89770.0,89986.68,89770.0,89865.12,310.4569
2025-12-15 10:00:00+00:00,1765792800000,89865.13,89981.64,89717.34,89858.95,470.70514
2025-12-15 11:00:00+00:00,1765796400000,89858.96,89900.0,89572.05,89641.28,493.20463
2025-12-15 12:00:00+00:00,1765800000000,89641.28,89762.56,89431.52,89695.75,392.24774
2025-12-15 13:00:00+00:00,1765803600000,89695.76,89736.9,89274.44,89432.0,415.38225
2025-12-15 14:00:00+00:00,1765807200000,89432.01,89876.42,87840.0,88050.01,1787.73645
2025-12-15 15:00:00+00:00,1765810800000,88050.0,88184.28,86621.91,87033.22,3292.66278
2025-12-15 16:00:00+00:00,1765814400000,87033.21,87220.0,86062.67,86400.01,1613.2235
2025-12-15 17:00:00+00:00,1765818000000,86400.0,86496.89,85599.99,85762.87,1557.3817
2025-12-15 18:00:00+00:00,1765821600000,85762.86,86272.23,85146.64,86185.39,1482.06005
2025-12-15 19:00:00+00:00,1765825200000,86185.4,86560.4,85880.0,86149.96,1136.56389
2025-12-15 20:00:00+00:00,1765828800000,86149.96,86199.63,85610.88,85787.04,692.94245
2025-12-15 21:00:00+00:00,1765832400000,85787.04,86307.36,85530.01,86243.78,691.57648
2025-12-15 22:00:00+00:00,1765836000000,86243.77,86259.32,85827.98,86259.31,440.84932
2025-12-15 23:00:00+00:00,1765839600000,86259.32,86472.7,86103.67,86432.08,735.07689
2025-12-16 00:00:00+00:00,1765843200000,86432.08,86535.22,85836.6,85865.48,556.05003
2025-12-16 01:00:00+00:00,1765846800000,85865.49,86169.62,85651.92,85891.02,527.35929
2025-12-16 02:00:00+00:00,1765850400000,85891.02,86227.99,85800.0,85944.01,492.40216
2025-12-16 03:00:00+00:00,1765854000000,85944.01,86019.76,85386.0,85875.92,697.04602
2025-12-16 04:00:00+00:00,1765857600000,85875.91,85925.77,85266.0,85838.51,611.35109
2025-12-16 05:00:00+00:00,1765861200000,85838.5,86200.0,85812.61,86028.11,355.99172
2025-12-16 06:00:00+00:00,1765864800000,86028.12,86611.69,86028.12,86508.0,522.6826
2025-12-16 07:00:00+00:00,1765868400000,86508.01,86615.38,85850.0,86021.51,943.04227
2025-12-16 08:00:00+00:00,1765872000000,86021.51,86380.0,85930.97,86281.18,426.54563
2025-12-16 09:00:00+00:00,1765875600000,86281.17,86426.07,86201.1,86350.0,366.58293
2025-12-16 10:00:00+00:00,1765879200000,86350.0,87327.7,86275.06,86980.01,956.84103
2025-12-16 11:00:00+00:00,1765882800000,86980.01,87330.0,86820.0,87261.45,667.2763
2025-12-16 12:00:00+00:00,1765886400000,87261.46,87480.0,87077.41,87212.98,861.57452
2025-12-16 13:00:00+00:00,1765890000000,87212.98,87786.88,86410.01,86443.02,2144.73917
2025-12-16 14:00:00+00:00,1765893600000,86443.02,87763.92,86107.43,87297.99,1799.42456
2025-12-16 15:00:00+00:00,1765897200000,87298.0,88175.98,86839.35,87977.43,1924.39377
2025-12-16 16:00:00+00:00,1765900800000,87977.44,88050.17,87333.08,87588.26,1300.81662
2025-12-16 17:00:00+00:00,1765904400000,87588.26,87844.01,87093.79,87131.99,779.27901
2025-12-16 18:00:00+00:00,1765908000000,87132.0,88019.88,87061.23,87781.35,863.99314
2025-12-16 19:00:00+00:00,1765911600000,87781.35,87800.0,87294.11,87585.77,553.66943
2025-12-16 20:00:00+00:00,1765915200000,87585.76,87836.47,87343.75,87573.23,378.71665
2025-12-16 21:00:00+00:00,1765918800000,87573.22,87906.29,87496.05,87768.59,268.86536
2025-12-16 22:00:00+00:00,1765922400000,87768.6,87931.48,87636.37,87783.34,255.6448
2025-12-16 23:00:00+00:00,1765926000000,87783.35,87874.66,87602.34,87863.42,201.76207
2025-12-17 00:00:00+00:00,1765929600000,87863.43,87863.43,87426.06,87537.21,344.84512
2025-12-17 01:00:00+00:00,1765933200000,87537.22,87950.0,87489.12,87552.3,293.20917
2025-12-17 02:00:00+00:00,1765936800000,87552.3,87587.14,87188.37,87483.04,275.84035
2025-12-17 03:00:00+00:00,1765940400000,87483.04,87615.27,87150.01,87213.59,265.7567
2025-12-17 04:00:00+00:00,1765944000000,87213.6,87398.54,86721.86,86752.26,378.79516
2025-12-17 05:00:00+00:00,1765947600000,86752.27,86756.74,86209.11,86626.39,634.29318
2025-12-17 06:00:00+00:00,1765951200000,86626.4,87005.27,86587.82,86777.98,454.66393
2025-12-17 07:00:00+00:00,1765954800000,86777.98,87169.37,86593.55,87045.59,627.05868
2025-12-17 08:00:00+00:00,1765958400000,87045.59,87045.59,86326.8,86395.66,456.87442
2025-12-17 09:00:00+00:00,1765962000000,86395.67,86615.38,86262.85,86417.46,334.04163
2025-12-17 10:00:00+00:00,1765965600000,86417.45,86837.63,86238.91,86624.49,386.26358
2025-12-17 11:00:00+00:00,1765969200000,86624.5,87137.42,86565.23,86983.26,504.05307
2025-12-17 12:00:00+00:00,1765972800000,86983.26,87215.97,86828.0,87029.55,620.91109
2025-12-17 13:00:00+00:00,1765976400000,87029.56,87860.0,86817.27,87631.37,984.05009
2025-12-17 14:00:00+00:00,1765980000000,87631.37,89685.17,87161.39,89675.85,2426.7071
2025-12-17 15:00:00+00:00,1765983600000,89675.85,90365.85,87136.97,87233.44,4100.60903
2025-12-17 16:00:00+00:00,1765987200000,87233.44,87769.23,86166.66,86986.51,2213.28706
2025-12-17 17:00:00+00:00,1765990800000,86986.5,87103.44,86265.15,86427.12,812.7277
2025-12-17 18:00:00+00:00,1765994400000,86427.12,86850.64,85662.46,85829.22,910.41728
2025-12-17 19:00:00+00:00,1765998000000,85829.25,86195.38,85314.0,86018.53,1109.18442
2025-12-17 20:00:00+00:00,1766001600000,86018.53,86252.16,85644.09,85891.18,709.05939
2025-12-17 21:00:00+00:00,1766005200000,85890.36,86049.17,85700.0,85982.88,262.46393
2025-12-17 22:00:00+00:00,1766008800000,85982.88,86431.14,85888.2,86339.09,477.50595
2025-12-17 23:00:00+00:00,1766012400000,86339.1,86340.6,85950.0,86243.22,251.49926
2025-12-18 00:00:00+00:00,1766016000000,86243.23,86313.71,86056.56,86230.74,267.87743
2025-12-18 01:00:00+00:00,1766019600000,86230.74,86242.15,85863.93,86119.21,322.24363
2025-12-18 02:00:00+00:00,1766023200000,86119.27,86863.75,86011.2,86699.64,501.47272
2025-12-18 03:00:00+00:00,1766026800000,86699.64,86699.64,86270.59,86618.34,624.40718
2025-12-18 04:00:00+00:00,1766030400000,86618.35,86901.4,86607.34,86765.43,404.8311
2025-12-18 05:00:00+00:00,1766034000000,86765.44,86768.78,86384.61,86440.9,380.26204
2025-12-18 06:00:00+00:00,1766037600000,86440.9,86660.61,86411.62,86645.93,241.79517
2025-12-18 07:00:00+00:00,1766041200000,86645.93,86863.75,86593.07,86833.84,524.31368
2025-12-18 08:00:00+00:00,1766044800000,86833.83,87126.22,86685.14,86978.98,699.0764
2025-12-18 09:00:00+00:00,1766048400000,86978.98,87392.43,86803.06,87280.95,575.12681
2025-12-18 10:00:00+00:00,1766052000000,87280.95,87453.63,87213.27,87341.95,387.02725
2025-12-18 11:00:00+00:00,1766055600000,87342.0,87356.81,87067.26,87300.74,233.58665
2025-12-18 12:00:00+00:00,1766059200000,87300.5,87428.0,87109.76,87259.99,364.92164
2025-12-18 13:00:00+00:00,1766062800000,87259.99,89203.23,87259.99,88851.7,2595.36979
2025-12-18 14:00:00+00:00,1766066400000,88851.7,89477.61,87727.25,88345.2,2494.91228
2025-12-18 15:00:00+00:00,1766070000000,88345.19,89362.79,87966.24,88513.44,1859.88413
2025-12-18 16:00:00+00:00,1766073600000,88513.43,88533.61,87852.0,88014.0,962.80719
2025-12-18 17:00:00+00:00,1766077200000,88014.0,88022.63,85481.22,86483.56,2784.29449
2025-12-18 18:00:00+00:00,1766080800000,86483.56,86889.04,85720.0,85970.0,1482.84371
2025-12-18 19:00:00+00:00,1766084400000,85970.0,86010.0,84481.31,84483.79,4102.16356
2025-12-18 20:00:00+00:00,1766088000000,84483.8,85268.41,84450.01,84582.65,1888.57496
2025-12-18 21:00:00+00:00,1766091600000,84582.64,85835.9,84559.21,85630.95,999.89541
2025-12-18 22:00:00+00:00,1766095200000,85630.96,85750.85,85288.01,85582.88,409.43501
2025-12-18 23:00:00+00:00,1766098800000,85582.89,85619.99,85322.07,85516.41,298.2954
2025-12-19 00:00:00+00:00,1766102400000,85516.41,85604.88,85295.2,85604.88,318.70597
2025-12-19 01:00:00+00:00,1766106000000,85604.88,85604.88,85110.24,85320.43,357.58384
2025-12-19 02:00:00+00:00,1766109600000,85320.42,85929.06,85135.39,85643.44,554.49887
2025-12-19 03:00:00+00:00,1766113200000,85643.44,87568.99,85610.47,86891.39,2080.88033
2025-12-19 04:00:00+00:00,1766116800000,86891.39,87380.0,86846.15,87103.34,691.06624
2025-12-19 05:00:00+00:00,1766120400000,87103.34,87223.98,86647.51,87139.95,797.75888
2025-12-19 06:00:00+00:00,1766124000000,87139.95,87484.0,86907.8,87483.41,424.48329
2025-12-19 07:00:00+00:00,1766127600000,87483.41,88449.06,87473.53,87953.4,1800.28697
2025-12-19 08:00:00+00:00,1766131200000,87953.39,88222.0,87742.6,88102.78,559.50769
2025-12-19 09:00:00+00:00,1766134800000,88102.78,88165.27,87898.36,88105.03,362.43771
2025-12-19 10:00:00+00:00,1766138400000,88105.03,88341.29,87921.41,88267.09,527.07869
2025-12-19 11:00:00+00:00,1766142000000,88267.09,88385.06,88138.51,88198.7,348.79773
2025-12-19 12:00:00+00:00,1766145600000,88198.7,88280.06,87846.03,87855.92,788.49881
2025-12-19 13:00:00+00:00,1766149200000,87855.92,88220.41,87825.19,87997.14,815.3906
2025-12-19 14:00:00+00:00,1766152800000,87997.13,88552.17,87514.59,88180.01,1848.73686
2025-12-19 15:00:00+00:00,1766156400000,88180.0,89399.97,87692.77,87951.87,2536.09207
2025-12-19 16:00:00+00:00,1766160000000,87951.86,88882.55,87872.91,87983.25,1009.42568
2025-12-19 17:00:00+00:00,1766163600000,87983.24,88346.96,86873.14,86943.25,1787.60684
2025-12-19 18:00:00+00:00,1766167200000,86943.26,87466.09,86846.16,87155.44,656.70102
2025-12-19 19:00:00+00:00,1766170800000,87155.43,88125.67,87134.6,87845.92,1130.87692
2025-12-19 20:00:00+00:00,1766174400000,87845.92,88416.0,87614.79,88099.6,970.95933
2025-12-19 21:00:00+00:00,1766178000000,88099.59,88099.6,87800.0,87839.4,343.56863
2025-12-19 22:00:00+00:00,1766181600000,87839.39,88426.85,87839.39,88344.78,328.59939
2025-12-19 23:00:00+00:00,1766185200000,88344.77,88360.0,88133.85,88136.94,217.10768
2025-12-20 00:00:00+00:00,1766188800000,88136.95,88188.0,87961.6,88005.63,238.63486
2025-12-20 01:00:00+00:00,1766192400000,88005.63,88165.27,88005.62,88075.89,236.74301
2025-12-20 02:00:00+00:00,1766196000000,88075.89,88311.87,87988.67,88204.04,365.01084
2025-12-20 03:00:00+00:00,1766199600000,88204.03,88339.27,88176.45,88214.98,144.05844
2025-12-20 04:00:00+00:00,1766203200000,88214.98,88338.31,88123.07,88295.37,198.26731
2025-12-20 05:00:00+00:00,1766206800000,88295.38,88573.07,88275.19,88295.31,306.24924
2025-12-20 06:00:00+00:00,1766210400000,88295.31,88444.54,88275.92,88305.81,99.47233
2025-12-20 07:00:00+00:00,1766214000000,88305.81,88328.84,88189.67,88275.41,193.88304
2025-12-20 08:00:00+00:00,1766217600000,88275.41,88428.0,88257.21,88257.21,190.13912
2025-12-20 09:00:00+00:00,1766221200000,88257.21,88339.05,88220.61,88224.0,171.15417
2025-12-20 10:00:00+00:00,1766224800000,88224.0,88288.21,88129.27,88163.99,255.88825
2025-12-20 11:00:00+00:00,1766228400000,88163.99,88313.2,88107.35,88277.66,204.54149
2025-12-20 12:00:00+00:00,1766232000000,88277.66,88335.0,88195.51,88256.08,140.78522
2025-12-20 13:00:00+00:00,1766235600000,88256.07,88343.73,87795.76,88270.39,491.51954
2025-12-20 14:00:00+00:00,1766239200000,88270.39,88287.84,88012.0,88260.88,329.36375
2025-12-20 15:00:00+00:00,1766242800000,88260.89,88267.1,88025.96,88178.71,354.00686
2025-12-20 16:00:00+00:00,1766246400000,88178.72,88242.55,88133.65,88149.72,141.45563
2025-12-20 17:00:00+00:00,1766250000000,88149.72,88258.22,88103.54,88181.8,145.0622
2025-12-20 18:00:00+00:00,1766253600000,88181.8,88418.73,88151.97,88313.21,203.88068
2025-12-20 19:00:00+00:00,1766257200000,88313.22,88329.03,88201.14,88232.92,83.7064
2025-12-20 20:00:00+00:00,1766260800000,88232.92,88312.72,88211.17,88271.6,128.50977
2025-12-20 21:00:00+00:00,1766264400000,88271.6,88443.44,88184.96,88208.73,169.66114
2025-12-20 22:00:00+00:00,1766268000000,88208.74,88339.99,88154.06,88279.35,182.0376
2025-12-20 23:00:00+00:00,1766271600000,88279.34,88423.31,88252.78,88360.9,149.10105
2025-12-21 00:00:00+00:00,1766275200000,88360.91,88433.64,88306.0,88387.92,134.46825
2025-12-21 01:00:00+00:00,1766278800000,88387.93,88387.93,88011.83,88011.83,279.93502
2025-12-21 02:00:00+00:00,1766282400000,88011.84,88149.99,87869.35,87943.76,392.18461
2025-12-21 03:00:00+00:00,1766286000000,87943.76,88150.0,87934.48,88070.64,184.82899
2025-12-21 04:00:00+00:00,1766289600000,88070.64,88149.13,88050.0,88065.83,180.33962
2025-12-21 05:00:00+00:00,1766293200000,88065.83,88150.01,88054.05,88138.95,67.73322
2025-12-21 06:00:00+00:00,1766296800000,88138.95,88201.59,88068.36,88090.72,107.2407
2025-12-21 07:00:00+00:00,1766300400000,88090.73,88174.79,88054.61,88174.79,100.25965
2025-12-21 08:00:00+00:00,1766304000000,88174.79,88767.2,88141.87,88537.87,426.66802
2025-12-21 09:00:00+00:00,1766307600000,88537.88,89081.77,88500.3,88892.82,535.95501
2025-12-21 10:00:00+00:00,1766311200000,88892.82,88979.94,88580.52,88669.78,321.68195
2025-12-21 11:00:00+00:00,1766314800000,88669.78,88750.0,88588.11,88601.57,155.51107
2025-12-21 12:00:00+00:00,1766318400000,88601.57,88920.01,88463.78,88638.01,273.81982
2025-12-21 13:00:00+00:00,1766322000000,88638.01,88694.32,87600.04,87670.1,1029.34323
2025-12-21 14:00:00+00:00,1766325600000,87670.1,88148.34,87615.07,88065.18,535.83684
2025-12-21 15:00:00+00:00,1766329200000,88065.19,88272.34,87813.0,88067.95,367.50892
2025-12-21 16:00:00+00:00,1766332800000,88067.96,88369.0,87985.11,88359.18,434.1318
2025-12-21 17:00:00+00:00,1766336400000,88359.18,88494.97,88280.67,88324.14,292.57922
2025-12-21 18:00:00+00:00,1766340000000,88324.14,88451.84,87950.0,88445.09,223.91956
2025-12-21 19:00:00+00:00,1766343600000,88445.08,88600.0,88201.58,88484.01,289.83713
2025-12-21 20:00:00+00:00,1766347200000,88484.01,88500.0,88230.76,88230.96,127.7821
2025-12-21 21:00:00+00:00,1766350800000,88230.97,88368.83,88091.96,88162.86,151.57667
2025-12-21 22:00:00+00:00,1766354400000,88162.86,88494.99,88120.99,88483.63,176.80431
2025-12-21 23:00:00+00:00,1766358000000,88483.64,88823.52,88374.74,88658.86,342.92687
2025-12-22 00:00:00+00:00,1766361600000,88658.87,89627.24,88613.87,88622.4,1109.80548
2025-12-22 01:00:00+00:00,1766365200000,88622.4,89279.31,88516.0,88626.31,593.85875
2025-12-22 02:00:00+00:00,1766368800000,88626.31,88658.22,87900.0,88458.27,639.02818
2025-12-22 03:00:00+00:00,1766372400000,88458.27,88850.0,88283.4,88774.12,277.28751
2025-12-22 04:00:00+00:00,1766376000000,88774.13,89034.44,88712.11,88904.99,316.78715
2025-12-22 05:00:00+00:00,1766379600000,88905.0,89000.0,88762.43,88831.34,260.18369
2025-12-22 06:00:00+00:00,1766383200000,88831.34,89008.0,88730.07,88909.26,222.6097
2025-12-22 07:00:00+00:00,1766386800000,88909.26,89200.0,88891.63,89170.1,491.12288
2025-12-22 08:00:00+00:00,1766390400000,89170.1,89908.71,89093.44,89334.2,921.73946
2025-12-22 09:00:00+00:00,1766394000000,89334.21,89836.89,89301.0,89829.6,441.59532
2025-12-22 10:00:00+00:00,1766397600000,89829.6,89868.0,89615.38,89778.94,435.91534
2025-12-22 11:00:00+00:00,1766401200000,89778.95,90118.0,89656.38,89945.43,823.65187
2025-12-22 12:00:00+00:00,1766404800000,89945.43,90588.23,89866.0,90208.48,1081.30015
2025-12-22 13:00:00+00:00,1766408400000,90208.49,90319.98,89731.72,89912.37,614.87382
2025-12-22 14:00:00+00:00,1766412000000,89912.38,90293.28,89440.5,90126.43,1047.85448
2025-12-22 15:00:00+00:00,1766415600000,90126.44,90454.74,89196.42,89726.92,1198.6937
2025-12-22 16:00:00+00:00,1766419200000,89726.93,90127.0,89523.22,89550.0,654.12884
2025-12-22 17:00:00+00:00,1766422800000,89550.01,89579.81,89092.09,89308.92,588.68917
2025-12-22 18:00:00+00:00,1766426400000,89308.91,89523.23,89140.0,89150.04,385.95267
2025-12-22 19:00:00+00:00,1766430000000,89150.04,89150.04,87965.76,88052.43,980.77862
2025-12-22 20:00:00+00:00,1766433600000,88052.42,88486.12,87911.79,88351.03,544.44938
2025-12-22 21:00:00+00:00,1766437200000,88351.03,88619.13,88235.09,88275.06,405.03635
2025-12-22 22:00:00+00:00,1766440800000,88275.05,88833.33,88150.0,88660.07,389.08575
2025-12-22 23:00:00+00:00,1766444400000,88660.07,88700.0,88430.43,88620.79,248.79144
2025-12-23 00:00:00+00:00,1766448000000,88620.79,88940.0,88504.78,88770.47,270.13686
2025-12-23 01:00:00+00:00,1766451600000,88770.47,88889.76,88430.0,88513.71,241.89286
2025-12-23 02:00:00+00:00,1766455200000,88513.72,88755.24,88091.21,88206.8,579.81965
2025-12-23 03:00:00+00:00,1766458800000,88206.8,88355.56,87800.0,88170.0,413.85546
2025-12-23 04:00:00+00:00,1766462400000,88170.0,88368.1,87930.99,87930.99,308.91036
2025-12-23 05:00:00+00:00,1766466000000,87931.0,88025.71,87614.79,87765.01,482.98475
2025-12-23 06:00:00+00:00,1766469600000,87765.01,87780.0,87051.52,87400.01,787.33301
2025-12-23 07:00:00+00:00,1766473200000,87400.01,87698.82,87373.22,87574.79,417.2025
2025-12-23 08:00:00+00:00,1766476800000,87574.78,87699.99,87433.2,87477.15,347.82336
2025-12-23 09:00:00+00:00,1766480400000,87477.14,87630.76,87297.69,87531.85,429.48493
2025-12-23 10:00:00+00:00,1766484000000,87531.85,87659.9,87510.6,87615.93,241.30517
2025-12-23 11:00:00+00:00,1766487600000,87615.92,87890.0,87564.29,87856.65,413.76507
2025-12-23 12:00:00+00:00,1766491200000,87856.66,87963.03,87600.0,87789.18,403.03862
2025-12-23 13:00:00+00:00,1766494800000,87789.18,87902.0,87426.7,87616.67,558.41583
2025-12-23 14:00:00+00:00,1766498400000,87616.66,87829.2,86601.9,86874.0,1406.81005
2025-12-23 15:00:00+00:00,1766502000000,86873.99,87550.0,86720.0,87443.45,1039.72862
2025-12-23 16:00:00+00:00,1766505600000,87443.45,88189.64,87325.4,88003.63,1214.11389
2025-12-23 17:00:00+00:00,1766509200000,88003.63,88275.4,87180.0,87180.01,705.26293
2025-12-23 18:00:00+00:00,1766512800000,87180.0,88177.98,87162.39,87975.01,814.37143
2025-12-23 19:00:00+00:00,1766516400000,87975.02,88043.94,87650.0,87752.87,487.08154
2025-12-23 20:00:00+00:00,1766520000000,87752.88,88372.35,87524.58,87691.5,807.56489
2025-12-23 21:00:00+00:00,1766523600000,87691.51,87856.37,87540.87,87722.89,406.59734
2025-12-23 22:00:00+00:00,1766527200000,87722.9,87779.25,87250.0,87399.45,627.85138
2025-12-23 23:00:00+00:00,1766530800000,87399.45,87520.87,87180.0,87486.0,504.97854
2025-12-24 00:00:00+00:00,1766534400000,87486.0,87672.26,87264.0,87660.47,394.43819
2025-12-24 01:00:00+00:00,1766538000000,87660.47,87839.66,87500.0,87632.51,313.39351
2025-12-24 02:00:00+00:00,1766541600000,87632.51,87658.07,86940.76,87134.39,587.21641
2025-12-24 03:00:00+00:00,1766545200000,87134.39,87392.61,86863.88,87336.23,303.84075
2025-12-24 04:00:00+00:00,1766548800000,87336.23,87458.54,87083.5,87147.65,288.59994
2025-12-24 05:00:00+00:00,1766552400000,87147.64,87248.79,86796.65,86957.9,344.84105
2025-12-24 06:00:00+00:00,1766556000000,86957.89,87071.64,86802.03,87019.21,370.38507
2025-12-24 07:00:00+00:00,1766559600000,87019.21,87184.57,86911.52,86911.53,345.81136
2025-12-24 08:00:00+00:00,1766563200000,86911.53,87077.67,86769.32,86795.56,315.09263
2025-12-24 09:00:00+00:00,1766566800000,86795.56,86903.17,86724.05,86812.8,230.63616
2025-12-24 10:00:00+00:00,1766570400000,86812.8,87196.0,86812.79,87077.66,292.48243
2025-12-24 11:00:00+00:00,1766574000000,87077.66,87359.59,87077.66,87203.94,350.15883
2025-12-24 12:00:00+00:00,1766577600000,87203.94,87478.59,87129.47,87428.51,308.22922
2025-12-24 13:00:00+00:00,1766581200000,87428.5,87440.24,87038.44,87286.9,403.57201
2025-12-24 14:00:00+00:00,1766584800000,87286.9,87448.49,86420.0,86994.7,906.39237
2025-12-24 15:00:00+00:00,1766588400000,86994.7,87218.69,86580.0,87049.99,682.33537
2025-12-24 16:00:00+00:00,1766592000000,87050.0,87670.0,86917.25,87283.23,859.06821
2025-12-24 17:00:00+00:00,1766595600000,87283.23,87576.68,87255.06,87322.77,412.5613
2025-12-24 18:00:00+00:00,1766599200000,87322.77,87500.67,87233.93,87470.65,257.686
2025-12-24 19:00:00+00:00,1766602800000,87470.64,87578.81,87329.9,87566.06,217.13377
2025-12-24 20:00:00+00:00,1766606400000,87566.07,87679.05,87516.77,87556.2,186.42889
2025-12-24 21:00:00+00:00,1766610000000,87556.21,87795.65,87556.2,87696.33,184.56137
2025-12-24 22:00:00+00:00,1766613600000,87696.34,88049.89,87696.33,88009.81,324.48249
2025-12-24 23:00:00+00:00,1766617200000,88009.82,88023.57,87599.14,87669.45,261.49587
2025-12-25 00:00:00+00:00,1766620800000,87669.44,87749.0,87508.52,87568.37,172.91056
2025-12-25 01:00:00+00:00,1766624400000,87568.37,87748.78,87567.42,87699.99,127.73475
2025-12-25 02:00:00+00:00,1766628000000,87700.0,87967.5,87563.87,87892.66,207.0102
2025-12-25 03:00:00+00:00,1766631600000,87892.66,87925.08,87767.84,87840.42,145.20674
2025-12-25 04:00:00+00:00,1766635200000,87840.42,87843.38,87743.0,87773.33,132.58221
2025-12-25 05:00:00+00:00,1766638800000,87773.34,87787.92,87661.17,87750.55,171.99245
2025-12-25 06:00:00+00:00,1766642400000,87750.56,87842.53,87692.67,87836.42,122.21291
2025-12-25 07:00:00+00:00,1766646000000,87836.43,87862.2,87755.94,87837.59,141.89666
2025-12-25 08:00:00+00:00,1766649600000,87837.59,87888.0,87351.96,87584.65,461.19047
2025-12-25 09:00:00+00:00,1766653200000,87584.65,87603.78,87450.01,87526.48,318.47286
2025-12-25 10:00:00+00:00,1766656800000,87526.47,87533.36,87251.6,87414.14,276.87514
2025-12-25 11:00:00+00:00,1766660400000,87414.15,87591.32,87414.14,87519.44,147.21369
2025-12-25 12:00:00+00:00,1766664000000,87519.45,87586.92,87476.49,87566.0,142.98872
2025-12-25 13:00:00+00:00,1766667600000,87566.0,87683.87,87398.78,87638.25,370.11784
2025-12-25 14:00:00+00:00,1766671200000,87638.25,87759.33,87550.0,87718.21,282.91916
2025-12-25 15:00:00+00:00,1766674800000,87718.22,88592.74,87714.0,88371.27,1137.4468
2025-12-25 16:00:00+00:00,1766678400000,88371.27,88478.0,87993.21,88086.72,533.77153
2025-12-25 17:00:00+00:00,1766682000000,88086.73,88211.18,88000.32,88139.08,203.97629
2025-12-25 18:00:00+00:00,1766685600000,88139.07,88314.37,88139.07,88241.26,193.54871
2025-12-25 19:00:00+00:00,1766689200000,88241.26,88249.51,88075.99,88151.18,108.25003
2025-12-25 20:00:00+00:00,1766692800000,88151.19,88167.65,87650.0,87892.69,287.61054
2025-12-25 21:00:00+00:00,1766696400000,87892.69,87982.98,87820.0,87901.21,144.90662
2025-12-25 22:00:00+00:00,1766700000000,87901.22,87915.1,87311.0,87650.0,459.19007
2025-12-25 23:00:00+00:00,1766703600000,87649.99,87771.01,86934.72,87225.27,806.5574
2025-12-26 00:00:00+00:00,1766707200000,87225.27,87320.1,86891.7,87120.0,573.22847
2025-12-26 01:00:00+00:00,1766710800000,87119.99,87500.0,87119.99,87432.26,232.7474
2025-12-26 02:00:00+00:00,1766714400000,87432.26,89440.0,87416.04,89199.99,2823.54617
2025-12-26 03:00:00+00:00,1766718000000,89200.0,89289.99,88714.36,88844.87,1335.10374
2025-12-26 04:00:00+00:00,1766721600000,88844.88,89153.17,88516.73,88969.24,561.2344
2025-12-26 05:00:00+00:00,1766725200000,88969.24,89045.71,88828.06,88996.58,281.22768
2025-12-26 06:00:00+00:00,1766728800000,88996.58,89250.0,88996.58,89124.24,512.77497
2025-12-26 07:00:00+00:00,1766732400000,89124.24,89567.75,88347.45,88470.75,1799.23903
2025-12-26 08:00:00+00:00,1766736000000,88470.75,88886.0,88414.81,88742.28,449.86032
2025-12-26 09:00:00+00:00,1766739600000,88742.28,88918.59,88649.63,88811.76,363.34862
2025-12-26 10:00:00+00:00,1766743200000,88811.77,88882.01,88680.0,88748.34,245.05773
2025-12-26 11:00:00+00:00,1766746800000,88748.35,88754.69,88532.0,88533.42,192.05882
2025-12-26 12:00:00+00:00,1766750400000,88533.43,88761.45,88533.42,88678.9,338.36189
2025-12-26 13:00:00+00:00,1766754000000,88678.89,89050.0,88618.14,88992.88,360.81787
2025-12-26 14:00:00+00:00,1766757600000,88992.88,89049.88,87345.88,87380.43,1728.76389
2025-12-26 15:00:00+00:00,1766761200000,87380.44,87381.0,86655.08,87137.81,3504.43069
2025-12-26 16:00:00+00:00,1766764800000,87137.81,87380.0,86850.38,86855.82,711.31648
2025-12-26 17:00:00+00:00,1766768400000,86855.83,87463.77,86818.18,87331.91,460.45969
2025-12-26 18:00:00+00:00,1766772000000,87331.91,87380.0,87117.11,87277.77,386.97537
2025-12-26 19:00:00+00:00,1766775600000,87277.78,87580.29,87246.0,87501.83,382.01197
2025-12-26 20:00:00+00:00,1766779200000,87501.83,87792.7,87399.71,87585.77,275.036
2025-12-26 21:00:00+00:00,1766782800000,87585.76,87697.81,87460.57,87470.59,309.65661
2025-12-26 22:00:00+00:00,1766786400000,87470.59,87592.67,87321.4,87550.0,304.7143
2025-12-26 23:00:00+00:00,1766790000000,87549.99,87550.09,87331.85,87369.56,212.64294
2025-12-27 00:00:00+00:00,1766793600000,87369.56,87414.26,87253.05,87401.07,201.59724
2025-12-27 01:00:00+00:00,1766797200000,87401.08,87492.66,87333.0,87475.03,129.68193
2025-12-27 02:00:00+00:00,1766800800000,87475.03,87492.66,87392.64,87446.02,170.0172
2025-12-27 03:00:00+00:00,1766804400000,87446.01,87532.0,87386.97,87514.22,174.05379
2025-12-27 04:00:00+00:00,1766808000000,87514.23,87516.84,87463.32,87470.19,106.03892
2025-12-27 05:00:00+00:00,1766811600000,87470.19,87512.8,87446.19,87506.0,107.21243
2025-12-27 06:00:00+00:00,1766815200000,87506.01,87566.0,87417.93,87469.02,148.91554
2025-12-27 07:00:00+00:00,1766818800000,87469.02,87702.0,87469.01,87539.26,153.18664
2025-12-27 08:00:00+00:00,1766822400000,87539.26,87677.0,87539.25,87593.0,113.75997
2025-12-27 09:00:00+00:00,1766826000000,87593.01,87665.62,87533.84,87618.91,478.79096
2025-12-27 10:00:00+00:00,1766829600000,87618.9,87627.67,87370.73,87503.01,293.11984
2025-12-27 11:00:00+00:00,1766833200000,87503.02,87549.97,87442.15,87475.98,192.08386
2025-12-27 12:00:00+00:00,1766836800000,87475.99,87515.21,87422.41,87474.28,86.49536
2025-12-27 13:00:00+00:00,1766840400000,87474.28,87478.37,87308.05,87452.78,204.72599
2025-12-27 14:00:00+00:00,1766844000000,87452.79,87544.91,87390.16,87544.9,306.42504
2025-12-27 15:00:00+00:00,1766847600000,87544.89,87589.99,87484.71,87551.25,151.74415
2025-12-27 16:00:00+00:00,1766851200000,87551.26,87583.47,87442.08,87498.41,152.77888
2025-12-27 17:00:00+00:00,1766854800000,87498.42,87562.79,87467.33,87562.58,129.16436
2025-12-27 18:00:00+00:00,1766858400000,87562.57,87572.41,87463.76,87500.01,152.40591
2025-12-27 19:00:00+00:00,1766862000000,87500.01,87591.0,87500.0,87569.39,132.24207
2025-12-27 20:00:00+00:00,1766865600000,87569.39,87635.77,87523.78,87555.92,113.31975
2025-12-27 21:00:00+00:00,1766869200000,87555.92,87668.23,87555.91,87668.22,95.93035
2025-12-27 22:00:00+00:00,1766872800000,87668.23,87955.0,87499.99,87565.99,386.61743
2025-12-27 23:00:00+00:00,1766876400000,87566.0,87984.0,87565.99,87877.01,289.24395
2025-12-28 00:00:00+00:00,1766880000000,87877.0,87961.37,87705.97,87854.96,205.17782
2025-12-28 01:00:00+00:00,1766883600000,87854.97,87945.39,87739.06,87785.96,153.21984
2025-12-28 02:00:00+00:00,1766887200000,87785.97,87872.67,87755.8,87810.78,104.97363
2025-12-28 03:00:00+00:00,1766890800000,87810.79,87845.45,87725.47,87740.01,208.71524
2025-12-28 04:00:00+00:00,1766894400000,87740.0,87837.99,87693.0,87724.87,151.07627
2025-12-28 05:00:00+00:00,1766898000000,87724.86,87724.87,87614.79,87657.93,115.90545
2025-12-28 06:00:00+00:00,1766901600000,87657.94,87784.2,87647.42,87732.0,93.33462
2025-12-28 07:00:00+00:00,1766905200000,87732.01,87734.98,87675.87,87730.85,81.91388
2025-12-28 08:00:00+00:00,1766908800000,87730.86,87972.95,87730.86,87805.0,172.52967
2025-12-28 09:00:00+00:00,1766912400000,87805.0,87900.0,87720.0,87800.0,198.63592
2025-12-28 10:00:00+00:00,1766916000000,87800.0,88010.0,87799.99,87856.91,246.43833
2025-12-28 11:00:00+00:00,1766919600000,87856.91,87923.5,87818.58,87883.25,142.43984
2025-12-28 12:00:00+00:00,1766923200000,87883.25,87891.32,87794.86,87850.6,130.62309
2025-12-28 13:00:00+00:00,1766926800000,87850.59,87962.45,87820.0,87896.59,171.73272
2025-12-28 14:00:00+00:00,1766930400000,87896.6,88088.75,87896.59,87910.0,249.63472
2025-12-28 15:00:00+00:00,1766934000000,87910.0,88006.0,87824.18,87836.27,269.26609
2025-12-28 16:00:00+00:00,1766937600000,87836.27,87898.42,87740.0,87814.04,180.88996
2025-12-28 17:00:00+00:00,1766941200000,87814.04,87931.59,87760.0,87760.0,91.8913
2025-12-28 18:00:00+00:00,1766944800000,87760.01,87768.79,87500.26,87598.49,404.22039
2025-12-28 19:00:00+00:00,1766948400000,87598.49,87698.3,87511.27,87520.75,204.83537
2025-12-28 20:00:00+00:00,1766952000000,87520.75,87655.28,87446.73,87514.76,144.33445
2025-12-28 21:00:00+00:00,1766955600000,87514.75,87592.67,87435.0,87588.37,122.38811
2025-12-28 22:00:00+00:00,1766959200000,87588.37,87992.7,87481.55,87900.09,295.38221
2025-12-28 23:00:00+00:00,1766962800000,87900.09,88049.53,87634.92,87952.71,306.73393
2025-12-29 00:00:00+00:00,1766966400000,87952.71,88444.19,87813.17,88295.69,572.37767
2025-12-29 01:00:00+00:00,1766970000000,88295.68,88480.0,87849.42,88445.57,562.88296
2025-12-29 02:00:00+00:00,1766973600000,88445.57,89383.74,88445.57,89163.25,1796.47871
2025-12-29 03:00:00+00:00,1766977200000,89163.25,90169.06,89101.79,90123.55,1827.31757
2025-12-29 04:00:00+00:00,1766980800000,90123.55,90406.08,89952.81,90143.06,1199.9569
2025-12-29 05:00:00+00:00,1766984400000,90143.07,90300.07,89931.37,89984.0,828.28612
2025-12-29 06:00:00+00:00,1766988000000,89984.0,90121.21,89749.87,89777.26,503.12838
2025-12-29 07:00:00+00:00,1766991600000,89777.25,89846.71,89507.03,89617.71,971.61551
2025-12-29 08:00:00+00:00,1766995200000,89617.71,89825.01,89444.47,89555.1,990.67432
2025-12-29 09:00:00+00:00,1766998800000,89555.1,89618.22,87770.1,88100.05,2360.59949
2025-12-29 10:00:00+00:00,1767002400000,88100.5,88270.02,87653.69,87780.01,807.41906
2025-12-29 11:00:00+00:00,1767006000000,87780.0,87793.27,87567.65,87567.66,450.07731
2025-12-29 12:00:00+00:00,1767009600000,87567.65,87636.34,86806.5,87397.0,1590.97728
2025-12-29 13:00:00+00:00,1767013200000,87396.99,87537.23,87165.04,87387.71,611.5172
2025-12-29 14:00:00+00:00,1767016800000,87387.7,88190.71,87259.3,87429.96,985.6991
2025-12-29 15:00:00+00:00,1767020400000,87429.97,87918.69,87222.41,87691.62,990.15708
2025-12-29 16:00:00+00:00,1767024000000,87691.62,87840.08,87439.03,87627.11,372.34157
2025-12-29 17:00:00+00:00,1767027600000,87627.11,87850.0,87350.0,87849.99,322.83525
2025-12-29 18:00:00+00:00,1767031200000,87850.0,87996.22,87361.53,87464.77,459.75861
2025-12-29 19:00:00+00:00,1767034800000,87464.78,87668.23,87312.34,87366.23,302.7479
2025-12-29 20:00:00+00:00,1767038400000,87366.23,87597.59,87085.8,87212.01,665.4604
2025-12-29 21:00:00+00:00,1767042000000,87212.01,87371.62,87173.31,87337.85,221.04149
2025-12-29 22:00:00+00:00,1767045600000,87337.85,87404.29,87071.49,87351.05,310.53727
2025-12-29 23:00:00+00:00,1767049200000,87351.05,87395.07,87188.0,87237.13,191.0986
2025-12-30 00:00:00+00:00,1767052800000,87237.13,87359.4,87105.09,87250.23,230.51064
2025-12-30 01:00:00+00:00,1767056400000,87250.22,87356.62,87117.87,87308.23,239.57935
2025-12-30 02:00:00+00:00,1767060000000,87308.23,87347.7,86986.82,87111.0,471.28819
2025-12-30 03:00:00+00:00,1767063600000,87110.99,87423.65,86845.66,87379.0,579.19187
2025-12-30 04:00:00+00:00,1767067200000,87378.99,87492.66,87294.67,87300.0,292.49013
2025-12-30 05:00:00+00:00,1767070800000,87300.01,87359.43,87157.07,87255.97,140.45208
2025-12-30 06:00:00+00:00,1767074400000,87255.98,87527.42,87241.91,87443.17,234.42509
2025-12-30 07:00:00+00:00,1767078000000,87443.17,87600.0,87369.98,87502.85,410.22407
2025-12-30 08:00:00+00:00,1767081600000,87502.85,88224.76,87502.84,87872.68,1026.69682
2025-12-30 09:00:00+00:00,1767085200000,87872.68,88046.37,87657.44,87992.7,436.16992
2025-12-30 10:00:00+00:00,1767088800000,87992.7,88179.38,87906.94,87949.51,416.39591
2025-12-30 11:00:00+00:00,1767092400000,87949.52,88026.36,87735.09,87903.89,588.98774
2025-12-30 12:00:00+00:00,1767096000000,87903.89,88090.79,87901.7,88023.54,497.15542
2025-12-30 13:00:00+00:00,1767099600000,88023.53,88136.0,87918.6,88110.02,448.15717
2025-12-30 14:00:00+00:00,1767103200000,88110.02,89010.12,87834.01,88875.83,1626.18161
2025-12-30 15:00:00+00:00,1767106800000,88875.82,89159.52,88204.14,89016.35,1310.95153
2025-12-30 16:00:00+00:00,1767110400000,89016.36,89400.0,88577.42,88742.63,1418.9593
2025-12-30 17:00:00+00:00,1767114000000,88742.63,88900.72,88129.91,88371.34,713.60336
2025-12-30 18:00:00+00:00,1767117600000,88371.34,88493.62,88132.59,88304.0,434.34765
2025-12-30 19:00:00+00:00,1767121200000,88304.01,88422.22,87960.2,88226.16,345.47514
2025-12-30 20:00:00+00:00,1767124800000,88226.15,88226.15,87886.46,87947.15,439.95021
2025-12-30 21:00:00+00:00,1767128400000,87947.15,88330.13,87891.15,88287.27,253.18432
2025-12-30 22:00:00+00:00,1767132000000,88287.28,88470.0,88287.28,88430.19,280.86597
2025-12-30 23:00:00+00:00,1767135600000,88430.18,88573.65,88371.33,88485.49,270.66652
2025-12-31 00:00:00+00:00,1767139200000,88485.5,88485.5,88251.93,88255.54,243.9475
2025-12-31 01:00:00+00:00,1767142800000,88255.54,88784.0,88172.15,88649.33,355.7574
2025-12-31 02:00:00+00:00,1767146400000,88649.32,88742.0,88521.84,88673.6,258.23398
2025-12-31 03:00:00+00:00,1767150000000,88673.61,88819.8,88379.09,88453.04,274.04184
2025-12-31 04:00:00+00:00,1767153600000,88453.04,88549.5,88325.06,88325.06,158.17484
2025-12-31 05:00:00+00:00,1767157200000,88325.07,88526.06,88325.07,88463.09,296.57164
2025-12-31 06:00:00+00:00,1767160800000,88463.1,88561.69,88463.09,88512.92,212.68538
2025-12-31 07:00:00+00:00,1767164400000,88512.93,88638.76,88431.08,88613.12,304.98001
2025-12-31 08:00:00+00:00,1767168000000,88613.11,88733.33,88393.52,88434.65,277.76782
2025-12-31 09:00:00+00:00,1767171600000,88434.66,88715.27,88434.65,88660.1,315.83327
2025-12-31 10:00:00+00:00,1767175200000,88660.1,88897.99,88660.09,88847.26,482.82711
2025-12-31 11:00:00+00:00,1767178800000,88847.27,89046.6,88802.97,89011.52,598.23924
2025-12-31 12:00:00+00:00,1767182400000,89011.51,89044.74,88677.32,88775.96,545.9639
2025-12-31 13:00:00+00:00,1767186000000,88775.96,89045.98,88741.54,88991.88,300.73941
2025-12-31 14:00:00+00:00,1767189600000,88991.88,89200.0,88278.35,88479.99,1133.76043
2025-12-31 15:00:00+00:00,1767193200000,88479.99,88487.68,87766.59,87953.97,1281.39241
2025-12-31 16:00:00+00:00,1767196800000,87953.97,88053.49,87400.41,87656.98,1249.28961
2025-12-31 17:00:00+00:00,1767200400000,87656.99,87741.99,87489.59,87620.82,629.77671
2025-12-31 18:00:00+00:00,1767204000000,87620.82,87980.0,87574.12,87684.07,434.88825
2025-12-31 19:00:00+00:00,1767207600000,87684.08,87870.02,87516.7,87541.85,622.18859
2025-12-31 20:00:00+00:00,1767211200000,87541.85,87712.13,87250.0,87662.01,770.32743
2025-12-31 21:00:00+00:00,1767214800000,87662.01,87879.04,87662.01,87799.97,383.8555
2025-12-31 22:00:00+00:00,1767218400000,87799.97,87879.04,87656.19,87728.29,236.18697
2025-12-31 23:00:00+00:00,1767222000000,87728.3,87728.3,87619.67,87648.22,191.19123
2026-01-01 00:00:00+00:00,1767225600000,87648.21,87849.26,87632.74,87809.23,233.66036
2026-01-01 01:00:00+00:00,1767229200000,87809.24,88050.0,87809.23,87960.0,241.44162
2026-01-01 02:00:00+00:00,1767232800000,87960.01,88088.1,87895.37,87914.0,209.5586
2026-01-01 03:00:00+00:00,1767236400000,87914.0,88015.7,87832.09,87846.02,149.08354
2026-01-01 04:00:00+00:00,1767240000000,87846.01,87854.81,87550.43,87590.4,476.17901
2026-01-01 05:00:00+00:00,1767243600000,87590.41,87749.34,87590.4,87704.39,283.17436
2026-01-01 06:00:00+00:00,1767247200000,87704.39,87704.39,87636.29,87658.0,123.89656
2026-01-01 07:00:00+00:00,1767250800000,87658.01,87673.01,87596.0,87631.88,225.27492
2026-01-01 08:00:00+00:00,1767254400000,87631.88,87811.13,87631.87,87770.9,285.21745
2026-01-01 09:00:00+00:00,1767258000000,87770.89,87965.25,87751.82,87877.99,210.22963
2026-01-01 10:00:00+00:00,1767261600000,87877.99,87883.8,87799.17,87863.76,128.0738
2026-01-01 11:00:00+00:00,1767265200000,87863.75,88024.64,87859.36,88024.64,196.30405
2026-01-01 12:00:00+00:00,1767268800000,88024.64,88036.42,87925.28,87950.0,200.13556
2026-01-01 13:00:00+00:00,1767272400000,87950.0,88019.82,87860.66,87922.64,155.72883
2026-01-01 14:00:00+00:00,1767276000000,87922.63,87970.59,87810.66,87967.05,390.01531
2026-01-01 15:00:00+00:00,1767279600000,87967.05,88113.45,87916.39,88032.18,260.01234
2026-01-01 16:00:00+00:00,1767283200000,88032.17,88048.7,87879.03,87988.76,189.99476
2026-01-01 17:00:00+00:00,1767286800000,87988.77,88500.0,87976.0,88316.37,476.08554
2026-01-01 18:00:00+00:00,1767290400000,88316.38,88364.0,88105.08,88193.94,257.59166
2026-01-01 19:00:00+00:00,1767294000000,88193.94,88431.23,88062.32,88391.15,216.66303
2026-01-01 20:00:00+00:00,1767297600000,88391.16,88391.16,88240.0,88258.12,135.39527
2026-01-01 21:00:00+00:00,1767301200000,88258.12,88447.84,88254.08,88377.67,168.57205
2026-01-01 22:00:00+00:00,1767304800000,88377.67,88699.99,88377.67,88645.57,474.23054
2026-01-01 23:00:00+00:00,1767308400000,88645.57,88919.45,88474.63,88839.04,593.05254
2026-01-02 00:00:00+00:00,1767312000000,88839.05,88890.09,88594.39,88833.97,448.72758
2026-01-02 01:00:00+00:00,1767315600000,88833.96,88877.12,88525.73,88639.89,242.38673
2026-01-02 02:00:00+00:00,1767319200000,88639.89,88665.1,88379.88,88637.03,253.81052
2026-01-02 03:00:00+00:00,1767322800000,88637.02,89120.01,88573.64,88950.65,670.13653
2026-01-02 04:00:00+00:00,1767326400000,88950.64,88992.0,88629.0,88637.64,287.46487
2026-01-02 05:00:00+00:00,1767330000000,88637.64,88787.56,88576.56,88765.2,223.91609
2026-01-02 06:00:00+00:00,1767333600000,88765.21,89079.44,88715.44,88935.04,291.36506
2026-01-02 07:00:00+00:00,1767337200000,88935.05,89068.62,88794.01,88857.61,387.57118
2026-01-02 08:00:00+00:00,1767340800000,88857.6,89200.0,88758.94,89178.13,436.78167
2026-01-02 09:00:00+00:00,1767344400000,89178.13,89484.06,89106.34,89467.32,885.84196
2026-01-02 10:00:00+00:00,1767348000000,89467.32,89942.44,89451.34,89666.29,1401.67184
2026-01-02 11:00:00+00:00,1767351600000,89666.3,89682.04,89360.0,89502.95,610.27074
2026-01-02 12:00:00+00:00,1767355200000,89502.94,89593.17,89387.01,89400.0,388.55376
2026-01-02 13:00:00+00:00,1767358800000,89400.0,89688.6,89309.94,89348.68,481.02676
2026-01-02 14:00:00+00:00,1767362400000,89348.67,90135.0,88459.96,89580.0,2152.74387
2026-01-02 15:00:00+00:00,1767366000000,89580.01,89888.0,88800.0,89418.11,1551.51931
2026-01-02 16:00:00+00:00,1767369600000,89418.1,90800.0,89205.92,90376.05,2486.21857
2026-01-02 17:00:00+00:00,1767373200000,90376.05,90961.81,90185.43,90370.52,1336.49207
2026-01-02 18:00:00+00:00,1767376800000,90370.52,90555.99,89552.18,89773.1,847.22983
2026-01-02 19:00:00+00:00,1767380400000,89773.1,90157.03,89650.0,89897.23,485.53154
2026-01-02 20:00:00+00:00,1767384000000,89897.23,90075.0,89636.77,89740.0,538.07124
2026-01-02 21:00:00+00:00,1767387600000,89740.01,90175.01,89728.37,90065.8,330.88507
2026-01-02 22:00:00+00:00,1767391200000,90065.8,90400.0,90026.54,90195.37,409.68756
2026-01-02 23:00:00+00:00,1767394800000,90195.37,90201.67,89902.16,89995.13,249.06866
2026-01-03 00:00:00+00:00,1767398400000,89995.14,90195.77,89966.48,90156.19,298.52212
2026-01-03 01:00:00+00:00,1767402000000,90156.19,90292.87,90077.69,90282.69,236.37769
2026-01-03 02:00:00+00:00,1767405600000,90282.68,90418.32,90129.53,90340.0,305.59164
2026-01-03 03:00:00+00:00,1767409200000,90340.01,90376.49,90200.0,90321.22,185.70264
2026-01-03 04:00:00+00:00,1767412800000,90321.23,90480.62,90053.53,90170.0,411.08569
2026-01-03 05:00:00+00:00,1767416400000,90170.01,90198.0,89924.48,90031.1,222.72398
2026-01-03 06:00:00+00:00,1767420000000,90031.1,90134.6,89850.1,89871.05,273.68226
2026-01-03 07:00:00+00:00,1767423600000,89871.04,89950.88,89314.01,89577.13,869.92487
2026-01-03 08:00:00+00:00,1767427200000,89577.13,89831.9,89420.75,89670.51,458.1693
2026-01-03 09:00:00+00:00,1767430800000,89670.51,89982.11,89634.95,89791.99,409.91195
2026-01-03 10:00:00+00:00,1767434400000,89792.0,89881.1,89715.21,89754.47,270.67124
2026-01-03 11:00:00+00:00,1767438000000,89754.48,89782.81,89679.14,89752.74,162.35671
2026-01-03 12:00:00+00:00,1767441600000,89752.75,90046.0,89664.93,90039.13,374.21001
2026-01-03 13:00:00+00:00,1767445200000,90039.12,90065.74,89920.01,90004.96,287.30479
2026-01-03 14:00:00+00:00,1767448800000,90004.97,90249.99,89960.0,90126.02,298.26434
2026-01-03 15:00:00+00:00,1767452400000,90126.02,90126.02,89968.0,89969.31,155.37202
2026-01-03 16:00:00+00:00,1767456000000,89969.31,90219.67,89918.59,90105.24,200.27276
2026-01-03 17:00:00+00:00,1767459600000,90105.24,90123.77,90026.93,90093.99,83.86507
2026-01-03 18:00:00+00:00,1767463200000,90094.0,90197.88,90035.52,90138.87,141.85601
2026-01-03 19:00:00+00:00,1767466800000,90138.87,90156.19,90060.0,90123.77,90.08443
2026-01-03 20:00:00+00:00,1767470400000,90123.76,90372.4,90017.23,90372.39,179.02196
2026-01-03 21:00:00+00:00,1767474000000,90372.4,90741.16,90318.29,90564.31,398.89642
2026-01-03 22:00:00+00:00,1767477600000,90564.32,90738.99,90497.52,90590.04,433.4938
2026-01-03 23:00:00+00:00,1767481200000,90590.04,90700.0,90469.39,90628.01,310.10546
2026-01-04 00:00:00+00:00,1767484800000,90628.01,91610.17,90628.0,91341.47,1737.64298
2026-01-04 01:00:00+00:00,1767488400000,91341.48,91475.52,91005.37,91235.37,375.26249
2026-01-04 02:00:00+00:00,1767492000000,91235.37,91292.0,91080.06,91124.0,278.2894
2026-01-04 03:00:00+00:00,1767495600000,91124.0,91350.0,91080.06,91236.78,328.23931
2026-01-04 04:00:00+00:00,1767499200000,91236.78,91587.72,91183.15,91400.0,457.69348
2026-01-04 05:00:00+00:00,1767502800000,91400.01,91490.68,91348.31,91480.04,172.44443
2026-01-04 06:00:00+00:00,1767506400000,91480.04,91810.0,91237.54,91237.55,747.06543
2026-01-04 07:00:00+00:00,1767510000000,91237.54,91546.31,91211.25,91532.0,456.46078
2026-01-04 08:00:00+00:00,1767513600000,91532.0,91536.0,91174.46,91374.99,620.80815
2026-01-04 09:00:00+00:00,1767517200000,91374.99,91485.21,91244.29,91468.28,941.08164
2026-01-04 10:00:00+00:00,1767520800000,91468.28,91620.5,91422.67,91600.62,665.01473
2026-01-04 11:00:00+00:00,1767524400000,91600.62,91600.62,91236.19,91300.0,369.35457
2026-01-04 12:00:00+00:00,1767528000000,91300.01,91360.0,91084.0,91150.98,454.56858
2026-01-04 13:00:00+00:00,1767531600000,91150.99,91276.94,91014.1,91264.0,272.68922
2026-01-04 14:00:00+00:00,1767535200000,91264.0,91419.22,91146.86,91336.39,272.07953
2026-01-04 15:00:00+00:00,1767538800000,91336.39,91381.6,91096.27,91334.94,316.98098
2026-01-04 16:00:00+00:00,1767542400000,91334.94,91455.9,91244.6,91321.0,326.44422
2026-01-04 17:00:00+00:00,1767546000000,91321.0,91436.21,91306.77,91335.73,137.11227
2026-01-04 18:00:00+00:00,1767549600000,91335.72,91335.73,91000.0,91205.39,304.66859
2026-01-04 19:00:00+00:00,1767553200000,91205.38,91205.39,90863.47,91138.07,372.30446
2026-01-04 20:00:00+00:00,1767556800000,91138.06,91349.38,91132.0,91313.94,147.52188
2026-01-04 21:00:00+00:00,1767560400000,91313.93,91421.96,91182.71,91279.99,135.33795
2026-01-04 22:00:00+00:00,1767564000000,91279.99,91401.98,91150.47,91220.01,149.03275
2026-01-04 23:00:00+00:00,1767567600000,91220.0,91590.0,91220.0,91529.73,388.43188
2026-01-05 00:00:00+00:00,1767571200000,91529.74,92426.82,91514.81,92405.46,2061.87264
2026-01-05 01:00:00+00:00,1767574800000,92405.46,93388.0,92280.69,92967.28,1977.50385
2026-01-05 02:00:00+00:00,1767578400000,92967.29,93157.99,92724.98,93033.11,913.68581
2026-01-05 03:00:00+00:00,1767582000000,93033.11,93204.7,92871.26,92878.22,595.50021
2026-01-05 04:00:00+00:00,1767585600000,92878.22,92947.87,92330.46,92595.07,588.83873
2026-01-05 05:00:00+00:00,1767589200000,92595.07,92720.73,92340.39,92359.99,400.538
2026-01-05 06:00:00+00:00,1767592800000,92359.99,92500.0,92155.0,92491.81,320.70875
2026-01-05 07:00:00+00:00,1767596400000,92491.82,92644.31,92484.72,92520.63,528.78142
2026-01-05 08:00:00+00:00,1767600000000,92520.63,92774.28,92446.0,92467.53,603.26757
2026-01-05 09:00:00+00:00,1767603600000,92467.54,92845.53,92320.17,92688.6,645.33375
2026-01-05 10:00:00+00:00,1767607200000,92688.61,93151.0,92679.12,93080.0,681.83063
2026-01-05 11:00:00+00:00,1767610800000,93080.0,93151.0,92883.03,93134.26,567.75651
2026-01-05 12:00:00+00:00,1767614400000,93134.25,93206.2,92752.6,92874.28,453.5887
2026-01-05 13:00:00+00:00,1767618000000,92874.28,93020.0,92535.41,92742.74,486.24906
2026-01-05 14:00:00+00:00,1767621600000,92742.73,93666.0,92407.13,93428.0,1355.05943
2026-01-05 15:00:00+00:00,1767625200000,93428.0,94000.0,93170.95,93957.73,1929.19905
2026-01-05 16:00:00+00:00,1767628800000,93957.74,94076.35,93586.65,93701.31,1298.79178
2026-01-05 17:00:00+00:00,1767632400000,93701.3,94477.69,93250.0,94317.84,1154.3191
2026-01-05 18:00:00+00:00,1767636000000,94317.84,94500.0,93920.0,94449.62,974.95833
2026-01-05 19:00:00+00:00,1767639600000,94449.61,94500.0,94131.44,94303.4,762.3129
2026-01-05 20:00:00+00:00,1767643200000,94303.4,94789.08,94038.0,94177.99,1133.04005
2026-01-05 21:00:00+00:00,1767646800000,94178.0,94227.4,93800.0,94095.78,474.75745
2026-01-05 22:00:00+00:00,1767650400000,94095.78,94406.0,94012.3,94171.22,370.72137
2026-01-05 23:00:00+00:00,1767654000000,94171.21,94194.01,93859.7,93859.71,394.98075
2026-01-06 00:00:00+00:00,1767657600000,93859.71,93993.07,93555.93,93816.7,522.32093
2026-01-06 01:00:00+00:00,1767661200000,93816.7,94161.86,93739.37,93771.82,384.14412
2026-01-06 02:00:00+00:00,1767664800000,93771.82,93870.66,93529.18,93620.6,336.13865
2026-01-06 03:00:00+00:00,1767668400000,93620.6,93943.88,93601.96,93769.24,285.34343
2026-01-06 04:00:00+00:00,1767672000000,93769.25,94000.0,93734.25,93801.07,231.47521
2026-01-06 05:00:00+00:00,1767675600000,93801.07,93816.0,93572.11,93599.99,407.00036
2026-01-06 06:00:00+00:00,1767679200000,93599.99,93951.07,93538.83,93780.01,538.64562
2026-01-06 07:00:00+00:00,1767682800000,93780.01,93782.6,93137.98,93255.08,860.27324
2026-01-06 08:00:00+00:00,1767686400000,93255.08,93420.11,93167.29,93240.17,355.74138
2026-01-06 09:00:00+00:00,1767690000000,93240.18,93569.61,93229.37,93462.72,327.55172
2026-01-06 10:00:00+00:00,1767693600000,93462.72,93654.49,93413.2,93579.56,273.28705
2026-01-06 11:00:00+00:00,1767697200000,93579.56,93895.0,93571.43,93840.0,403.66589
2026-01-06 12:00:00+00:00,1767700800000,93839.99,93981.1,93784.3,93872.16,338.69848
2026-01-06 13:00:00+00:00,1767704400000,93872.17,93872.17,93636.75,93716.53,315.19532
2026-01-06 14:00:00+00:00,1767708000000,93716.53,94444.44,93531.28,93836.81,1676.33623
2026-01-06 15:00:00+00:00,1767711600000,93836.81,94311.22,93352.01,93648.99,1417.41756
2026-01-06 16:00:00+00:00,1767715200000,93649.0,93775.6,92336.0,92692.32,2208.46324
2026-01-06 17:00:00+00:00,1767718800000,92692.32,92773.05,91539.68,91589.24,1784.74974
2026-01-06 18:00:00+00:00,1767722400000,91589.23,92221.52,91262.94,92034.09,1427.50922
2026-01-06 19:00:00+00:00,1767726000000,92034.09,92361.82,91902.0,92104.5,733.78195
2026-01-06 20:00:00+00:00,1767729600000,92104.49,92698.04,92098.29,92505.32,775.34743
2026-01-06 21:00:00+00:00,1767733200000,92505.31,93845.03,92372.4,93258.05,1874.69965
2026-01-06 22:00:00+00:00,1767736800000,93258.04,93533.78,92966.75,93362.68,713.98511
2026-01-06 23:00:00+00:00,1767740400000,93362.67,93792.17,93333.32,93747.97,354.64676
2026-01-07 00:00:00+00:00,1767744000000,93747.97,93747.97,92626.31,92709.52,843.19542
2026-01-07 01:00:00+00:00,1767747600000,92709.36,92902.52,92330.33,92435.35,936.694
2026-01-07 02:00:00+00:00,1767751200000,92435.36,93060.0,92236.07,92949.77,598.87784
2026-01-07 03:00:00+00:00,1767754800000,92949.77,93108.69,92747.12,92815.83,294.44853
2026-01-07 04:00:00+00:00,1767758400000,92815.83,92930.35,92610.0,92670.29,319.36155
2026-01-07 05:00:00+00:00,1767762000000,92670.3,92847.16,92500.0,92529.54,227.33033
2026-01-07 06:00:00+00:00,1767765600000,92529.53,92899.57,92523.75,92614.84,240.63686
2026-01-07 07:00:00+00:00,1767769200000,92614.84,92895.56,92614.83,92879.13,256.24423
2026-01-07 08:00:00+00:00,1767772800000,92879.14,92961.53,92698.09,92718.9,263.5062
2026-01-07 09:00:00+00:00,1767776400000,92718.9,92718.91,91600.0,91716.14,1258.05952
2026-01-07 10:00:00+00:00,1767780000000,91716.14,92000.0,91600.0,91975.31,538.05487
2026-01-07 11:00:00+00:00,1767783600000,91975.31,92253.16,91928.21,92087.21,542.17686
2026-01-07 12:00:00+00:00,1767787200000,92087.21,92176.98,91977.73,91997.86,317.95554
2026-01-07 13:00:00+00:00,1767790800000,91997.85,92299.4,91864.52,92044.67,443.04448
2026-01-07 14:00:00+00:00,1767794400000,92044.67,92135.1,91353.39,91959.04,1427.59818
2026-01-07 15:00:00+00:00,1767798000000,91959.05,92000.0,91024.0,91349.96,1434.72957
2026-01-07 16:00:00+00:00,1767801600000,91349.95,91790.0,91150.0,91264.54,677.82559
2026-01-07 17:00:00+00:00,1767805200000,91264.55,91698.15,91026.01,91252.14,548.07377
2026-01-07 18:00:00+00:00,1767808800000,91252.13,91441.35,90733.14,90901.39,816.16719
2026-01-07 19:00:00+00:00,1767812400000,90901.38,91280.07,90675.52,91186.07,611.7426
2026-01-07 20:00:00+00:00,1767816000000,91186.07,91300.75,90778.32,91047.49,438.79062
2026-01-07 21:00:00+00:00,1767819600000,91047.49,91231.9,91035.77,91089.5,245.38775
2026-01-07 22:00:00+00:00,1767823200000,91089.5,91383.14,90873.08,91180.85,362.9278
2026-01-07 23:00:00+00:00,1767826800000,91180.85,91489.6,91004.1,91364.16,633.66095
2026-01-08 00:00:00+00:00,1767830400000,91364.16,91529.72,91072.16,91394.71,369.48198
2026-01-08 01:00:00+00:00,1767834000000,91394.7,91687.99,91300.0,91428.4,306.46699
2026-01-08 02:00:00+00:00,1767837600000,91428.39,91473.0,90764.0,90956.49,571.10105
2026-01-08 03:00:00+00:00,1767841200000,90956.5,91142.51,90616.36,90813.4,547.79189
2026-01-08 04:00:00+00:00,1767844800000,90813.4,91168.0,90700.0,91022.75,357.33917
2026-01-08 05:00:00+00:00,1767848400000,91022.74,91188.0,90786.14,90829.58,295.83835
2026-01-08 06:00:00+00:00,1767852000000,90829.58,90872.0,89897.01,89898.01,1360.25581
2026-01-08 07:00:00+00:00,1767855600000,89898.0,90588.0,89641.84,90548.02,1094.34311
2026-01-08 08:00:00+00:00,1767859200000,90548.02,90917.22,90155.05,90227.25,841.98085
2026-01-08 09:00:00+00:00,1767862800000,90227.25,90374.78,89956.0,90010.0,514.04982
2026-01-08 10:00:00+00:00,1767866400000,90009.99,90493.18,89777.25,90410.1,526.53398
2026-01-08 11:00:00+00:00,1767870000000,90409.61,90487.31,90022.26,90226.77,548.71612
2026-01-08 12:00:00+00:00,1767873600000,90226.77,90240.85,89781.96,89989.21,992.96975
2026-01-08 13:00:00+00:00,1767877200000,89989.2,90105.08,89861.59,89962.14,441.44929
2026-01-08 14:00:00+00:00,1767880800000,89962.14,90171.0,89311.0,90024.01,1521.76403
2026-01-08 15:00:00+00:00,1767884400000,90024.0,90847.52,89820.89,90781.57,1428.07575
2026-01-08 16:00:00+00:00,1767888000000,90781.57,90926.84,90312.89,90926.84,855.68064
2026-01-08 17:00:00+00:00,1767891600000,90926.84,91440.0,90842.0,91366.39,874.20589
2026-01-08 18:00:00+00:00,1767895200000,91366.39,91469.0,90952.0,91117.35,517.40477
2026-01-08 19:00:00+00:00,1767898800000,91117.35,91333.0,90812.98,90937.41,409.298
2026-01-08 20:00:00+00:00,1767902400000,90937.42,90996.02,90568.11,90927.62,476.53275
2026-01-08 21:00:00+00:00,1767906000000,90927.63,91336.63,90917.7,91272.96,629.96765
2026-01-08 22:00:00+00:00,1767909600000,91272.96,91493.0,91033.11,91231.9,417.67218
2026-01-08 23:00:00+00:00,1767913200000,91231.89,91336.63,91046.87,91099.99,233.87135
2026-01-09 00:00:00+00:00,1767916800000,91100.0,91307.72,91058.7,91290.33,179.40576
2026-01-09 01:00:00+00:00,1767920400000,91290.34,91632.1,90850.0,91056.19,545.56598
2026-01-09 02:00:00+00:00,1767924000000,91056.2,91481.19,91023.0,91038.38,431.1021
2026-01-09 03:00:00+00:00,1767927600000,91038.39,91271.73,90941.44,91220.23,417.7946
2026-01-09 04:00:00+00:00,1767931200000,91220.24,91236.72,90933.3,91012.8,322.36121
2026-01-09 05:00:00+00:00,1767934800000,91012.81,91119.81,90882.71,91091.82,292.21625
2026-01-09 06:00:00+00:00,1767938400000,91091.82,91146.47,90989.29,91137.58,209.50276
2026-01-09 07:00:00+00:00,1767942000000,91137.58,91137.58,90738.34,90741.84,669.4759
2026-01-09 08:00:00+00:00,1767945600000,90741.85,90843.77,89694.66,90033.52,1141.88324
2026-01-09 09:00:00+00:00,1767949200000,90033.52,90481.2,90014.6,90338.46,507.45187
2026-01-09 10:00:00+00:00,1767952800000,90338.47,90558.01,90283.47,90485.87,396.79277
2026-01-09 11:00:00+00:00,1767956400000,90485.87,90691.32,90404.21,90463.11,540.59585
2026-01-09 12:00:00+00:00,1767960000000,90463.12,90603.53,90235.13,90449.23,690.17113
2026-01-09 13:00:00+00:00,1767963600000,90449.22,90938.62,90405.15,90607.66,722.68305
2026-01-09 14:00:00+00:00,1767967200000,90607.66,90666.91,89940.0,90150.0,840.37741
2026-01-09 15:00:00+00:00,1767970800000,90150.01,92082.55,89850.0,91176.47,3441.12901
2026-01-09 16:00:00+00:00,1767974400000,91176.48,91783.32,91175.79,91623.89,1143.47636
2026-01-09 17:00:00+00:00,1767978000000,91623.89,91680.41,91012.0,91422.23,688.89123
2026-01-09 18:00:00+00:00,1767981600000,91422.23,91507.82,90340.0,90820.31,551.14415
2026-01-09 19:00:00+00:00,1767985200000,90820.3,90820.3,90190.0,90332.15,578.57871
2026-01-09 20:00:00+00:00,1767988800000,90332.14,90580.62,90235.0,90303.36,313.31668
2026-01-09 21:00:00+00:00,1767992400000,90303.37,90643.81,90113.87,90541.97,207.05117
2026-01-09 22:00:00+00:00,1767996000000,90541.98,90723.06,90353.91,90630.08,575.52178
2026-01-09 23:00:00+00:00,1767999600000,90630.08,90732.01,90604.58,90641.28,183.79042
2026-01-10 00:00:00+00:00,1768003200000,90641.27,90693.89,90527.99,90600.0,151.21516
2026-01-10 01:00:00+00:00,1768006800000,90600.0,90732.2,90587.0,90688.0,113.18366
2026-01-10 02:00:00+00:00,1768010400000,90688.0,90782.23,90607.02,90697.17,139.70054
2026-01-10 03:00:00+00:00,1768014000000,90697.17,90697.18,90554.26,90626.14,124.89032
2026-01-10 04:00:00+00:00,1768017600000,90626.15,90649.99,90408.23,90448.3,164.87324
2026-01-10 05:00:00+00:00,1768021200000,90448.3,90617.62,90431.45,90603.52,84.41081
2026-01-10 06:00:00+00:00,1768024800000,90603.52,90603.53,90474.35,90505.47,74.15884
2026-01-10 07:00:00+00:00,1768028400000,90505.48,90682.7,90505.47,90678.5,168.18359
2026-01-10 08:00:00+00:00,1768032000000,90678.5,90773.33,90618.28,90661.95,288.33994
2026-01-10 09:00:00+00:00,1768035600000,90661.94,90768.97,90630.09,90768.96,158.69299
2026-01-10 10:00:00+00:00,1768039200000,90768.97,90832.0,90728.45,90828.0,126.67512
2026-01-10 11:00:00+00:00,1768042800000,90828.0,90828.0,90708.25,90723.86,73.68827
2026-01-10 12:00:00+00:00,1768046400000,90723.87,90788.78,90665.75,90733.71,94.62022
2026-01-10 13:00:00+00:00,1768050000000,90733.71,90772.78,90633.86,90656.51,82.9916
2026-01-10 14:00:00+00:00,1768053600000,90656.52,90658.69,90538.46,90591.01,144.35468
2026-01-10 15:00:00+00:00,1768057200000,90591.01,90665.76,90584.17,90665.75,92.51513
2026-01-10 16:00:00+00:00,1768060800000,90665.76,90725.74,90609.56,90676.66,142.80125
2026-01-10 17:00:00+00:00,1768064400000,90676.66,90746.0,90544.96,90544.96,152.86625
2026-01-10 18:00:00+00:00,1768068000000,90544.96,90595.63,90504.55,90595.62,158.53961
2026-01-10 19:00:00+00:00,1768071600000,90595.62,90631.37,90580.61,90626.54,75.9405
2026-01-10 20:00:00+00:00,1768075200000,90626.54,90659.03,90571.0,90572.86,99.38243
2026-01-10 21:00:00+00:00,1768078800000,90572.86,90572.86,90500.38,90510.74,144.94285
2026-01-10 22:00:00+00:00,1768082400000,90510.75,90600.0,90404.0,90427.76,161.64189
2026-01-10 23:00:00+00:00,1768086000000,90427.76,90567.15,90427.75,90504.7,85.50833
2026-01-11 00:00:00+00:00,1768089600000,90504.7,90650.75,90451.1,90640.44,114.3636
2026-01-11 01:00:00+00:00,1768093200000,90640.44,90675.53,90558.95,90628.23,83.46973
2026-01-11 02:00:00+00:00,1768096800000,90628.24,90731.9,90615.34,90699.0,123.06702
2026-01-11 03:00:00+00:00,1768100400000,90699.0,90737.95,90631.64,90733.5,142.98004
2026-01-11 04:00:00+00:00,1768104000000,90733.49,90785.48,90661.53,90785.48,141.85581
2026-01-11 05:00:00+00:00,1768107600000,90785.48,90850.0,90740.0,90774.43,128.06651
2026-01-11 06:00:00+00:00,1768111200000,90774.42,90796.83,90585.34,90744.0,169.88277
2026-01-11 07:00:00+00:00,1768114800000,90744.0,90749.0,90675.52,90710.79,107.03833
2026-01-11 08:00:00+00:00,1768118400000,90710.8,90816.0,90610.27,90790.01,261.70108
2026-01-11 09:00:00+00:00,1768122000000,90790.01,90815.44,90675.6,90740.02,180.86038
2026-01-11 10:00:00+00:00,1768125600000,90740.01,90740.02,90692.79,90736.67,123.08314
2026-01-11 11:00:00+00:00,1768129200000,90736.66,90756.0,90695.05,90754.99,128.73157
2026-01-11 12:00:00+00:00,1768132800000,90754.99,91020.0,90720.21,90938.13,211.42505
2026-01-11 13:00:00+00:00,1768136400000,90938.12,90972.33,90821.47,90849.45,154.00693
2026-01-11 14:00:00+00:00,1768140000000,90849.45,91191.5,90849.45,91127.16,282.45011
2026-01-11 15:00:00+00:00,1768143600000,91127.17,91153.99,90708.25,90875.79,496.14604
2026-01-11 16:00:00+00:00,1768147200000,90875.79,91283.89,90875.79,91039.15,389.24788
2026-01-11 17:00:00+00:00,1768150800000,91039.14,91147.82,90904.07,90986.68,234.85682
2026-01-11 18:00:00+00:00,1768154400000,90986.68,90986.69,90793.43,90886.68,177.99755
2026-01-11 19:00:00+00:00,1768158000000,90886.68,90922.08,90673.3,90690.8,159.3051
2026-01-11 20:00:00+00:00,1768161600000,90690.81,90743.72,90370.85,90708.26,497.31755
2026-01-11 21:00:00+00:00,1768165200000,90708.25,90838.69,90590.61,90757.06,217.97309
2026-01-11 22:00:00+00:00,1768168800000,90757.07,90757.07,90453.36,90526.02,255.60666
2026-01-11 23:00:00+00:00,1768172400000,90526.01,91041.79,90236.0,91013.65,695.70318
2026-01-12 00:00:00+00:00,1768176000000,91013.66,91258.66,90700.29,91258.65,740.6183
2026-01-12 01:00:00+00:00,1768179600000,91258.66,91799.0,91086.0,91412.44,973.78286
2026-01-12 02:00:00+00:00,1768183200000,91412.44,92384.4,91374.0,92203.56,1103.07593
2026-01-12 03:00:00+00:00,1768186800000,92203.56,92519.95,91808.11,91808.12,968.99203
2026-01-12 04:00:00+00:00,1768190400000,91808.12,92290.81,91741.82,92175.78,651.2656
2026-01-12 05:00:00+00:00,1768194000000,92175.79,92267.66,92037.51,92111.86,274.66206
2026-01-12 06:00:00+00:00,1768197600000,92111.87,92207.01,91805.43,91836.34,279.64865
2026-01-12 07:00:00+00:00,1768201200000,91836.35,91970.0,91381.36,91408.09,500.6572
2026-01-12 08:00:00+00:00,1768204800000,91408.09,91630.13,90388.89,90752.27,1298.94335
2026-01-12 09:00:00+00:00,1768208400000,90752.28,90942.85,90648.15,90685.64,605.22242
2026-01-12 10:00:00+00:00,1768212000000,90685.65,90793.18,90370.0,90433.46,399.68146
2026-01-12 11:00:00+00:00,1768215600000,90433.45,90824.86,90425.36,90620.96,457.29481
2026-01-12 12:00:00+00:00,1768219200000,90620.95,90863.74,90615.66,90789.37,244.81991
2026-01-12 13:00:00+00:00,1768222800000,90789.37,90829.73,90538.0,90636.01,327.61952
2026-01-12 14:00:00+00:00,1768226400000,90636.0,91131.39,90128.44,90908.95,1300.15719
2026-01-12 15:00:00+00:00,1768230000000,90908.95,91665.0,90705.91,91665.0,1031.47333
2026-01-12 16:00:00+00:00,1768233600000,91664.99,92332.0,91567.81,92123.52,1578.09092
2026-01-12 17:00:00+00:00,1768237200000,92123.51,92306.62,91000.53,91522.83,1208.45838
2026-01-12 18:00:00+00:00,1768240800000,91522.83,91943.26,91411.79,91691.8,505.47425
2026-01-12 19:00:00+00:00,1768244400000,91691.8,91880.0,91434.8,91861.27,337.94969
2026-01-12 20:00:00+00:00,1768248000000,91861.27,92046.23,91417.99,91484.86,374.00813
2026-01-12 21:00:00+00:00,1768251600000,91484.87,91502.37,90938.2,91055.17,398.88227
2026-01-12 22:00:00+00:00,1768255200000,91055.17,91441.34,91052.21,91244.99,313.86446
2026-01-12 23:00:00+00:00,1768258800000,91244.99,91311.68,91059.88,91296.2,313.43996
2026-01-13 00:00:00+00:00,1768262400000,91296.2,91546.08,91249.0,91482.74,334.56358
2026-01-13 01:00:00+00:00,1768266000000,91482.74,91546.08,91042.66,91185.35,442.20574
2026-01-13 02:00:00+00:00,1768269600000,91185.34,91382.82,91097.8,91118.3,271.94314
2026-01-13 03:00:00+00:00,1768273200000,91118.3,91453.45,91118.29,91408.91,263.81213
2026-01-13 04:00:00+00:00,1768276800000,91408.9,91650.81,91350.71,91515.16,272.26771
2026-01-13 05:00:00+00:00,1768280400000,91515.17,92255.94,91472.36,91920.99,991.25943
2026-01-13 06:00:00+00:00,1768284000000,91921.0,92275.38,91806.19,92184.36,600.50125
2026-01-13 07:00:00+00:00,1768287600000,92184.37,92212.48,91905.33,91942.0,704.5617
2026-01-13 08:00:00+00:00,1768291200000,91941.99,92250.66,91924.27,92165.9,528.9889
2026-01-13 09:00:00+00:00,1768294800000,92165.89,92672.11,91950.0,92269.42,1215.58278
2026-01-13 10:00:00+00:00,1768298400000,92269.42,92350.03,92021.15,92128.62,394.76711
2026-01-13 11:00:00+00:00,1768302000000,92128.63,92261.04,91972.44,92000.74,405.87783
2026-01-13 12:00:00+00:00,1768305600000,92000.73,92153.84,91910.25,92109.35,280.96679
2026-01-13 13:00:00+00:00,1768309200000,92109.35,92606.42,91978.66,92076.12,1336.2017
2026-01-13 14:00:00+00:00,1768312800000,92076.11,92915.12,91787.61,92462.03,1289.79234
2026-01-13 15:00:00+00:00,1768316400000,92462.03,93450.0,92132.66,93449.99,1429.93474
2026-01-13 16:00:00+00:00,1768320000000,93449.99,93760.0,93078.31,93389.63,1920.2444
2026-01-13 17:00:00+00:00,1768323600000,93389.63,93498.72,93100.0,93241.99,796.01222
2026-01-13 18:00:00+00:00,1768327200000,93241.99,93871.29,93198.09,93633.71,950.82758
2026-01-13 19:00:00+00:00,1768330800000,93633.71,94231.82,93475.07,94226.84,1085.51387
2026-01-13 20:00:00+00:00,1768334400000,94226.85,94500.0,94113.13,94408.7,1604.35758
2026-01-13 21:00:00+00:00,1768338000000,94408.7,94507.99,94062.0,94087.23,1173.77039
2026-01-13 22:00:00+00:00,1768341600000,94087.23,96495.0,94087.23,95757.21,3452.31954
2026-01-13 23:00:00+00:00,1768345200000,95757.19,96107.97,95055.01,95414.0,1275.24237
2026-01-14 00:00:00+00:00,1768348800000,95413.99,95647.91,95154.04,95236.84,662.80362
2026-01-14 01:00:00+00:00,1768352400000,95236.84,95582.0,95116.03,95245.6,749.06956
2026-01-14 02:00:00+00:00,1768356000000,95245.61,95562.0,95190.06,95347.46,588.58584
2026-01-14 03:00:00+00:00,1768359600000,95347.47,95722.01,95285.5,95720.99,381.4409
2026-01-14 04:00:00+00:00,1768363200000,95720.99,95799.22,95224.44,95245.16,460.39311
2026-01-14 05:00:00+00:00,1768366800000,95245.17,95270.25,94972.0,95005.0,669.59606
2026-01-14 06:00:00+00:00,1768370400000,95005.01,95028.88,94559.28,95028.87,859.31999
2026-01-14 07:00:00+00:00,1768374000000,95028.88,95233.99,94850.0,95205.1,884.32504
2026-01-14 08:00:00+00:00,1768377600000,95205.11,95315.15,94900.0,94900.01,380.43239
2026-01-14 09:00:00+00:00,1768381200000,94900.01,95186.51,94870.01,95088.24,468.07232
2026-01-14 10:00:00+00:00,1768384800000,95088.24,95291.98,94888.0,95091.75,526.44388
2026-01-14 11:00:00+00:00,1768388400000,95091.49,95091.49,94737.95,94792.99,381.08629
2026-01-14 12:00:00+00:00,1768392000000,94793.0,95154.78,94680.67,95077.56,424.37035
2026-01-14 13:00:00+00:00,1768395600000,95077.56,95241.7,94890.68,94998.19,454.3002
2026-01-14 14:00:00+00:00,1768399200000,94998.2,96827.0,94982.56,96493.15,2348.26402
2026-01-14 15:00:00+00:00,1768402800000,96493.14,97084.68,96188.25,96764.57,2804.69067
2026-01-14 16:00:00+00:00,1768406400000,96764.57,97693.66,96730.77,97293.24,2448.97546
2026-01-14 17:00:00+00:00,1768410000000,97293.23,97777.0,96800.0,96956.07,2017.29615
2026-01-14 18:00:00+00:00,1768413600000,96956.07,97110.0,96246.56,96806.55,1150.91366
2026-01-14 19:00:00+00:00,1768417200000,96806.54,97640.68,96688.36,97267.42,1063.44638
2026-01-14 20:00:00+00:00,1768420800000,97267.42,97924.49,97209.25,97655.28,1157.33493
2026-01-14 21:00:00+00:00,1768424400000,97655.27,97717.72,97390.0,97564.0,494.72849
2026-01-14 22:00:00+00:00,1768428000000,97563.99,97587.34,96772.02,96878.34,1038.79474
2026-01-14 23:00:00+00:00,1768431600000,96878.34,97371.33,96865.34,96951.78,437.21023
2026-01-15 00:00:00+00:00,1768435200000,96951.78,97000.0,96500.0,96658.03,798.45682
2026-01-15 01:00:00+00:00,1768438800000,96658.03,96959.09,96297.32,96445.31,701.30226
2026-01-15 02:00:00+00:00,1768442400000,96445.32,96617.06,96095.8,96339.91,530.33501
2026-01-15 03:00:00+00:00,1768446000000,96339.92,96393.58,95777.0,95985.1,791.5879
2026-01-15 04:00:00+00:00,1768449600000,95985.11,96387.42,95952.89,96316.27,483.75975
2026-01-15 05:00:00+00:00,1768453200000,96316.27,96510.57,96247.64,96429.71,419.70339
2026-01-15 06:00:00+00:00,1768456800000,96429.71,96588.45,96172.41,96243.78,473.63021
2026-01-15 07:00:00+00:00,1768460400000,96243.79,96760.15,96191.79,96630.48,679.19921
2026-01-15 08:00:00+00:00,1768464000000,96630.47,96662.0,96289.98,96643.0,760.49437
2026-01-15 09:00:00+00:00,1768467600000,96643.01,97193.34,96559.19,97040.75,1029.77719
2026-01-15 10:00:00+00:00,1768471200000,97040.75,97070.39,96750.0,96818.68,414.89635
2026-01-15 11:00:00+00:00,1768474800000,96818.68,96935.39,96580.03,96581.08,588.17595
2026-01-15 12:00:00+00:00,1768478400000,96581.07,96994.65,96525.24,96981.65,332.6743
2026-01-15 13:00:00+00:00,1768482000000,96981.66,97032.99,96620.12,96846.75,496.85903
2026-01-15 14:00:00+00:00,1768485600000,96846.74,97165.03,95592.69,96063.43,1629.09421
2026-01-15 15:00:00+00:00,1768489200000,96063.43,96791.67,95435.91,96737.04,2359.5541
2026-01-15 16:00:00+00:00,1768492800000,96737.04,96969.99,96272.72,96738.51,1973.14331
2026-01-15 17:00:00+00:00,1768496400000,96738.5,97163.0,96426.18,96636.35,2398.07402
2026-01-15 18:00:00+00:00,1768500000000,96636.35,96650.51,95745.25,95835.0,2117.40598
2026-01-15 19:00:00+00:00,1768503600000,95835.01,95920.31,95183.13,95516.01,1380.26708
2026-01-15 20:00:00+00:00,1768507200000,95516.01,95660.0,95134.48,95260.67,524.36978
2026-01-15 21:00:00+00:00,1768510800000,95260.68,95631.08,95196.0,95584.35,297.62442
2026-01-15 22:00:00+00:00,1768514400000,95584.36,95871.0,95488.91,95583.87,269.05055
2026-01-15 23:00:00+00:00,1768518000000,95583.87,95718.31,95378.58,95604.8,276.3785
2026-01-16 00:00:00+00:00,1768521600000,95604.81,95828.01,95570.96,95633.5,207.12295
2026-01-16 01:00:00+00:00,1768525200000,95633.5,95855.12,95420.75,95664.18,401.56495
2026-01-16 02:00:00+00:00,1768528800000,95664.17,95687.47,95393.9,95504.4,384.29986
2026-01-16 03:00:00+00:00,1768532400000,95504.4,95586.6,95321.58,95354.69,214.15334
2026-01-16 04:00:00+00:00,1768536000000,95354.69,95582.41,95133.03,95261.29,700.90747
2026-01-16 05:00:00+00:00,1768539600000,95261.3,95676.73,95242.18,95660.37,746.7663
2026-01-16 06:00:00+00:00,1768543200000,95660.38,95816.83,95534.0,95741.21,443.54681
2026-01-16 07:00:00+00:00,1768546800000,95741.22,95788.34,95489.6,95653.16,403.70542
2026-01-16 08:00:00+00:00,1768550400000,95653.16,95871.47,95570.68,95676.0,594.74259
2026-01-16 09:00:00+00:00,1768554000000,95676.01,95788.17,95601.5,95613.53,177.27273
2026-01-16 10:00:00+00:00,1768557600000,95613.53,95637.0,95280.51,95307.35,538.64006
2026-01-16 11:00:00+00:00,1768561200000,95307.35,95470.0,95261.43,95429.09,303.73259
2026-01-16 12:00:00+00:00,1768564800000,95429.09,95569.0,95353.5,95458.55,289.70117
2026-01-16 13:00:00+00:00,1768568400000,95458.55,95579.0,95288.05,95448.87,277.92918
2026-01-16 14:00:00+00:00,1768572000000,95448.86,95809.08,95192.35,95192.36,624.83754
2026-01-16 15:00:00+00:00,1768575600000,95192.36,95663.15,94293.46,94585.98,1821.66491
2026-01-16 16:00:00+00:00,1768579200000,94585.99,94990.73,94508.0,94872.55,811.28371
2026-01-16 17:00:00+00:00,1768582800000,94872.55,95130.49,94555.88,95076.08,513.23212
2026-01-16 18:00:00+00:00,1768586400000,95076.09,95215.74,94960.04,95001.19,353.51337
2026-01-16 19:00:00+00:00,1768590000000,95001.19,95055.31,94841.31,95002.09,176.56522
2026-01-16 20:00:00+00:00,1768593600000,95002.09,95561.5,94682.0,95553.6,414.87593
2026-01-16 21:00:00+00:00,1768597200000,95553.61,95600.0,95359.69,95523.52,341.14068
2026-01-16 22:00:00+00:00,1768600800000,95523.52,95574.0,95260.64,95514.0,283.10566
2026-01-16 23:00:00+00:00,1768604400000,95513.99,95577.89,95433.83,95550.94,143.41004
2026-01-17 00:00:00+00:00,1768608000000,95550.94,95578.2,95433.94,95465.97,129.13356
2026-01-17 01:00:00+00:00,1768611600000,95465.97,95530.0,95384.86,95399.93,104.26658
2026-01-17 02:00:00+00:00,1768615200000,95399.94,95412.86,95200.0,95371.35,155.12882
2026-01-17 03:00:00+00:00,1768618800000,95371.36,95384.87,95270.79,95372.95,132.4524
2026-01-17 04:00:00+00:00,1768622400000,95372.94,95372.95,95260.64,95303.64,131.52683
2026-01-17 05:00:00+00:00,1768626000000,95303.63,95373.64,95275.05,95323.67,103.95781
2026-01-17 06:00:00+00:00,1768629600000,95323.68,95347.89,95186.29,95240.07,125.70578
2026-01-17 07:00:00+00:00,1768633200000,95240.08,95240.08,95041.7,95101.67,197.34545
2026-01-17 08:00:00+00:00,1768636800000,95101.67,95260.65,95021.67,95247.51,164.49559
2026-01-17 09:00:00+00:00,1768640400000,95247.51,95290.08,95176.9,95260.65,104.24877
2026-01-17 10:00:00+00:00,1768644000000,95260.65,95271.21,95116.47,95116.48,127.2407
2026-01-17 11:00:00+00:00,1768647600000,95116.48,95323.86,95073.57,95323.86,218.85009
2026-01-17 12:00:00+00:00,1768651200000,95323.85,95412.84,95243.63,95251.15,215.62364
2026-01-17 13:00:00+00:00,1768654800000,95251.15,95438.33,95198.81,95438.32,227.83624
2026-01-17 14:00:00+00:00,1768658400000,95438.32,95544.07,95357.02,95471.18,259.56584
2026-01-17 15:00:00+00:00,1768662000000,95471.17,95639.45,95433.81,95573.64,747.96943
2026-01-17 16:00:00+00:00,1768665600000,95573.65,95576.14,95212.25,95315.23,330.67135
2026-01-17 17:00:00+00:00,1768669200000,95315.23,95440.8,95295.17,95357.24,141.2049
2026-01-17 18:00:00+00:00,1768672800000,95357.23,95465.98,95346.0,95428.25,100.5073
2026-01-17 19:00:00+00:00,1768676400000,95428.25,95428.25,95290.7,95291.38,64.10708
2026-01-17 20:00:00+00:00,1768680000000,95291.37,95383.84,95291.36,95378.18,65.25873
2026-01-17 21:00:00+00:00,1768683600000,95378.19,95412.86,95283.99,95302.94,114.01955
2026-01-17 22:00:00+00:00,1768687200000,95302.94,95302.94,95050.0,95170.97,209.18455
2026-01-17 23:00:00+00:00,1768690800000,95170.98,95208.96,95123.79,95147.77,110.50038
2026-01-18 00:00:00+00:00,1768694400000,95147.77,95250.0,95067.83,95112.47,179.02691
2026-01-18 01:00:00+00:00,1768698000000,95112.48,95112.48,94876.33,94966.9,243.7208
2026-01-18 02:00:00+00:00,1768701600000,94966.89,95069.07,94880.53,95022.01,148.4607
2026-01-18 03:00:00+00:00,1768705200000,95022.01,95205.74,95022.01,95200.29,149.82604
2026-01-18 04:00:00+00:00,1768708800000,95200.29,95200.3,95075.3,95095.68,90.87843
2026-01-18 05:00:00+00:00,1768712400000,95095.68,95260.0,95059.27,95188.55,176.45319
2026-01-18 06:00:00+00:00,1768716000000,95188.54,95199.62,95144.3,95171.43,144.72253
2026-01-18 07:00:00+00:00,1768719600000,95171.44,95183.3,95028.27,95028.27,293.23856
2026-01-18 08:00:00+00:00,1768723200000,95028.27,95195.0,95021.44,95183.93,124.9626
2026-01-18 09:00:00+00:00,1768726800000,95183.93,95295.35,95149.18,95275.73,312.28376
2026-01-18 10:00:00+00:00,1768730400000,95275.73,95295.39,95088.0,95180.66,344.24187
2026-01-18 11:00:00+00:00,1768734000000,95180.67,95180.67,95061.65,95168.06,178.51779
2026-01-18 12:00:00+00:00,1768737600000,95168.06,95178.09,95081.32,95113.25,122.90856
2026-01-18 13:00:00+00:00,1768741200000,95113.24,95205.4,94910.0,95146.82,328.31194
2026-01-18 14:00:00+00:00,1768744800000,95146.82,95376.24,94928.51,94955.79,530.3533
2026-01-18 15:00:00+00:00,1768748400000,94955.78,95125.47,94915.21,95119.28,195.60522
2026-01-18 16:00:00+00:00,1768752000000,95119.27,95186.3,95073.02,95169.35,105.98121
2026-01-18 17:00:00+00:00,1768755600000,95169.35,95280.24,95140.61,95274.36,147.92595
2026-01-18 18:00:00+00:00,1768759200000,95274.35,95521.71,95180.9,95439.6,407.32335
2026-01-18 19:00:00+00:00,1768762800000,95439.6,95514.0,95333.99,95380.99,260.23192
2026-01-18 20:00:00+00:00,1768766400000,95380.99,95441.22,95285.2,95304.01,77.90234
2026-01-18 21:00:00+00:00,1768770000000,95304.01,95430.45,95284.23,95430.44,81.51777
2026-01-18 22:00:00+00:00,1768773600000,95430.45,95531.12,95412.86,95498.61,319.96465
2026-01-18 23:00:00+00:00,1768777200000,95498.6,95498.6,93615.4,93673.14,1930.8188
2026-01-19 00:00:00+00:00,1768780800000,93673.14,93673.14,91910.2,92711.02,4221.82713
2026-01-19 01:00:00+00:00,1768784400000,92711.02,92875.68,92247.97,92586.65,910.87085
2026-01-19 02:00:00+00:00,1768788000000,92586.65,92672.0,92383.94,92566.8,452.44264
2026-01-19 03:00:00+00:00,1768791600000,92566.8,92776.83,92500.0,92690.09,556.40187
2026-01-19 04:00:00+00:00,1768795200000,92690.08,92748.32,92502.58,92665.0,506.12587
2026-01-19 05:00:00+00:00,1768798800000,92665.0,92811.11,92504.24,92511.77,357.86057
2026-01-19 06:00:00+00:00,1768802400000,92511.77,92629.26,92385.07,92583.27,427.02868
2026-01-19 07:00:00+00:00,1768806000000,92583.27,92861.41,92562.0,92841.62,421.22196
2026-01-19 08:00:00+00:00,1768809600000,92841.62,93368.44,92702.56,93259.09,865.57873
2026-01-19 09:00:00+00:00,1768813200000,93259.09,93268.12,92950.0,93060.06,474.82948
2026-01-19 10:00:00+00:00,1768816800000,93060.06,93081.3,92900.0,93064.88,263.24721
2026-01-19 11:00:00+00:00,1768820400000,93064.88,93317.29,92969.94,93191.96,305.33086
2026-01-19 12:00:00+00:00,1768824000000,93191.96,93226.44,92979.48,93070.6,586.84126
2026-01-19 13:00:00+00:00,1768827600000,93070.6,93151.37,92807.34,93031.86,326.88604
2026-01-19 14:00:00+00:00,1768831200000,93031.85,93039.6,92700.0,92812.43,417.89495
2026-01-19 15:00:00+00:00,1768834800000,92812.43,93081.0,92812.43,93068.62,467.20202
2026-01-19 16:00:00+00:00,1768838400000,93068.62,93420.0,92994.0,93301.86,380.00206
2026-01-19 17:00:00+00:00,1768842000000,93301.85,93389.45,93150.0,93242.99,357.60248
2026-01-19 18:00:00+00:00,1768845600000,93242.99,93259.39,92930.0,93065.84,235.78814
2026-01-19 19:00:00+00:00,1768849200000,93065.83,93154.32,93000.0,93105.85,179.79114
2026-01-19 20:00:00+00:00,1768852800000,93105.85,93274.82,93084.15,93141.94,178.48795
2026-01-19 21:00:00+00:00,1768856400000,93141.95,93342.36,93000.03,93003.42,240.63302
2026-01-19 22:00:00+00:00,1768860000000,93003.41,93060.0,92565.78,92565.78,374.00927
2026-01-19 23:00:00+00:00,1768863600000,92565.78,92750.0,92158.48,92631.0,787.62329
2026-01-20 00:00:00+00:00,1768867200000,92630.99,92870.0,92370.25,92717.9,325.00059
2026-01-20 01:00:00+00:00,1768870800000,92717.9,92867.28,92525.8,92716.48,251.70499
2026-01-20 02:00:00+00:00,1768874400000,92716.47,92729.94,92370.68,92552.16,354.36518
2026-01-20 03:00:00+00:00,1768878000000,92552.15,92650.0,92264.7,92434.92,329.07012
2026-01-20 04:00:00+00:00,1768881600000,92434.93,92470.37,92000.01,92062.61,363.95619
2026-01-20 05:00:00+00:00,1768885200000,92062.62,92084.8,91294.11,91624.18,1546.22756
2026-01-20 06:00:00+00:00,1768888800000,91624.19,91625.31,90771.78,90929.98,1830.88581
2026-01-20 07:00:00+00:00,1768892400000,90929.98,91319.05,90862.83,91177.98,907.06352
2026-01-20 08:00:00+00:00,1768896000000,91177.99,91255.7,90693.0,91116.0,1083.7965
2026-01-20 09:00:00+00:00,1768899600000,91116.0,91116.0,90899.0,91036.25,381.95269
2026-01-20 10:00:00+00:00,1768903200000,91036.25,91294.11,90998.08,91269.58,415.15786
2026-01-20 11:00:00+00:00,1768906800000,91269.57,91442.88,91214.36,91218.99,373.22315
2026-01-20 12:00:00+00:00,1768910400000,91218.99,91318.94,91027.74,91280.31,528.8374
2026-01-20 13:00:00+00:00,1768914000000,91280.31,91289.64,90777.0,90958.88,722.76892
2026-01-20 14:00:00+00:00,1768917600000,90958.89,91371.11,90272.53,90531.15,1809.16854
2026-01-20 15:00:00+00:00,1768921200000,90531.15,90808.04,89859.06,90684.95,1977.53179
2026-01-20 16:00:00+00:00,1768924800000,90684.95,90974.49,90023.99,90165.51,895.41274
2026-01-20 17:00:00+00:00,1768928400000,90165.5,90505.68,89431.1,89775.46,1552.7044
2026-01-20 18:00:00+00:00,1768932000000,89775.47,89958.0,89395.07,89501.0,885.28879
2026-01-20 19:00:00+00:00,1768935600000,89501.0,89795.45,89292.48,89725.76,781.3523
2026-01-20 20:00:00+00:00,1768939200000,89725.77,89854.2,89400.0,89733.99,735.02193
2026-01-20 21:00:00+00:00,1768942800000,89734.0,89829.11,89428.0,89476.01,445.56945
2026-01-20 22:00:00+00:00,1768946400000,89476.01,89645.56,87900.0,88509.18,2094.09769
2026-01-20 23:00:00+00:00,1768950000000,88509.18,88534.21,87895.98,88427.66,1417.16799
2026-01-21 00:00:00+00:00,1768953600000,88427.66,88982.0,88250.0,88936.01,1052.93124
2026-01-21 01:00:00+00:00,1768957200000,88936.01,89165.2,88850.0,89020.91,502.12138
2026-01-21 02:00:00+00:00,1768960800000,89020.91,89381.86,89000.0,89048.57,884.94036
2026-01-21 03:00:00+00:00,1768964400000,89048.56,89598.8,89046.0,89432.33,540.55763
2026-01-21 04:00:00+00:00,1768968000000,89432.33,89630.0,89354.72,89448.89,300.28776
2026-01-21 05:00:00+00:00,1768971600000,89448.89,90120.44,89437.25,89950.04,554.5838
2026-01-21 06:00:00+00:00,1768975200000,89950.03,89950.04,89491.96,89649.62,369.00614
2026-01-21 07:00:00+00:00,1768978800000,89649.63,89767.29,89093.28,89213.95,825.75082
2026-01-21 08:00:00+00:00,1768982400000,89213.96,89385.4,89000.0,89197.35,723.12982
2026-01-21 09:00:00+00:00,1768986000000,89197.36,89493.46,89080.0,89112.3,307.89975
2026-01-21 10:00:00+00:00,1768989600000,89112.3,89395.08,89080.0,89248.99,328.36365
2026-01-21 11:00:00+00:00,1768993200000,89248.99,89382.0,88700.0,88789.99,651.53578
2026-01-21 12:00:00+00:00,1768996800000,88789.99,88849.39,88196.72,88736.31,1271.35096
2026-01-21 13:00:00+00:00,1769000400000,88736.31,89020.32,88558.67,88672.64,735.83253
2026-01-21 14:00:00+00:00,1769004000000,88672.64,89993.88,88611.15,89805.43,1602.75733
2026-01-21 15:00:00+00:00,1769007600000,89805.43,90574.0,89759.59,90288.04,1074.26054
2026-01-21 16:00:00+00:00,1769011200000,90288.04,90360.0,87590.0,87602.4,2075.92566
2026-01-21 17:00:00+00:00,1769014800000,87602.39,88156.47,87263.53,87932.38,1818.07575
2026-01-21 18:00:00+00:00,1769018400000,87932.37,88657.23,87585.05,88485.43,743.38561
2026-01-21 19:00:00+00:00,1769022000000,88485.43,90450.0,88280.55,90355.56,1787.81485
2026-01-21 20:00:00+00:00,1769025600000,90355.56,90377.0,89392.0,90214.01,1099.33527
2026-01-21 21:00:00+00:00,1769029200000,90214.02,90339.58,89950.36,90249.18,428.70398
2026-01-21 22:00:00+00:00,1769032800000,90249.18,90377.0,89752.38,89763.51,414.26891
2026-01-21 23:00:00+00:00,1769036400000,89763.51,90212.89,89344.98,89454.73,524.6842
2026-01-22 00:00:00+00:00,1769040000000,89454.73,90032.5,89454.72,89908.49,394.22125
2026-01-22 01:00:00+00:00,1769043600000,89908.5,90198.51,89826.38,90113.19,341.32729
2026-01-22 02:00:00+00:00,1769047200000,90113.2,90359.99,89851.03,89938.3,436.55946
2026-01-22 03:00:00+00:00,1769050800000,89938.3,90166.67,89702.84,89899.51,389.70123
2026-01-22 04:00:00+00:00,1769054400000,89899.51,90076.77,89826.67,89998.91,327.01022
2026-01-22 05:00:00+00:00,1769058000000,89998.91,90075.8,89928.09,90026.3,201.60447
2026-01-22 06:00:00+00:00,1769061600000,90026.3,90215.79,89900.0,90172.11,274.11012
2026-01-22 07:00:00+00:00,1769065200000,90172.12,90196.99,89802.0,89818.79,410.94787
2026-01-22 08:00:00+00:00,1769068800000,89818.79,89968.28,89760.0,89920.16,241.50947
2026-01-22 09:00:00+00:00,1769072400000,89920.16,90113.43,89883.8,90033.02,235.39671
2026-01-22 10:00:00+00:00,1769076000000,90033.02,90101.83,89960.0,90078.77,307.75831
2026-01-22 11:00:00+00:00,1769079600000,90078.76,90150.0,89897.87,89941.26,341.2419
2026-01-22 12:00:00+00:00,1769083200000,89941.26,90099.99,89873.09,90021.09,250.41912
2026-01-22 13:00:00+00:00,1769086800000,90021.09,90340.0,89478.92,89619.81,800.98427
2026-01-22 14:00:00+00:00,1769090400000,89619.81,89742.67,89039.78,89088.59,1132.03645
2026-01-22 15:00:00+00:00,1769094000000,89088.6,89445.24,88515.37,89000.01,1328.81681
2026-01-22 16:00:00+00:00,1769097600000,89000.0,89270.0,88676.95,89054.06,820.87315
2026-01-22 17:00:00+00:00,1769101200000,89054.07,89616.04,89024.55,89550.01,536.51415
2026-01-22 18:00:00+00:00,1769104800000,89550.0,89797.5,89301.9,89333.94,457.15553
2026-01-22 19:00:00+00:00,1769108400000,89333.93,89924.46,89114.48,89777.9,489.86443
2026-01-22 20:00:00+00:00,1769112000000,89777.89,89946.13,89398.87,89409.72,338.82702
2026-01-22 21:00:00+00:00,1769115600000,89409.73,89669.21,89238.32,89268.66,272.77807
2026-01-22 22:00:00+00:00,1769119200000,89268.66,89566.0,89140.13,89346.99,294.98276
2026-01-22 23:00:00+00:00,1769122800000,89346.99,89583.62,89170.74,89559.67,200.86486
2026-01-23 00:00:00+00:00,1769126400000,89559.68,89638.84,89450.48,89520.01,225.79843
2026-01-23 01:00:00+00:00,1769130000000,89520.01,89939.39,89520.01,89939.38,281.57226
2026-01-23 02:00:00+00:00,1769133600000,89939.39,89979.97,89655.41,89663.48,375.68609
2026-01-23 03:00:00+00:00,1769137200000,89663.47,89924.78,89646.18,89924.78,261.08428
2026-01-23 04:00:00+00:00,1769140800000,89924.78,90088.94,89871.73,89965.42,430.92263
2026-01-23 05:00:00+00:00,1769144400000,89965.43,89969.02,89473.99,89616.03,360.8873
2026-01-23 06:00:00+00:00,1769148000000,89616.04,89799.36,89400.0,89509.59,450.16637
2026-01-23 07:00:00+00:00,1769151600000,89509.59,89686.4,89447.52,89549.45,487.74127
2026-01-23 08:00:00+00:00,1769155200000,89549.45,89632.18,89133.35,89221.46,544.19233
2026-01-23 09:00:00+00:00,1769158800000,89221.46,89388.71,88897.81,88977.72,632.36708
2026-01-23 10:00:00+00:00,1769162400000,88977.72,89160.74,88860.44,89046.49,334.46792
2026-01-23 11:00:00+00:00,1769166000000,89046.49,89355.51,89000.0,89202.48,481.66038
2026-01-23 12:00:00+00:00,1769169600000,89202.47,89383.09,89099.2,89267.83,219.71914
2026-01-23 13:00:00+00:00,1769173200000,89267.83,89450.18,89237.65,89350.81,297.7631
2026-01-23 14:00:00+00:00,1769176800000,89350.8,89733.71,88663.65,89017.85,1240.76676
2026-01-23 15:00:00+00:00,1769180400000,89017.85,89865.53,88578.36,89761.61,1078.68425
2026-01-23 16:00:00+00:00,1769184000000,89761.61,90490.06,89489.0,90124.85,1266.72506
2026-01-23 17:00:00+00:00,1769187600000,90124.86,91224.99,89978.4,90600.0,1346.59832
2026-01-23 18:00:00+00:00,1769191200000,90600.0,91039.75,90449.42,90530.45,698.45416
2026-01-23 19:00:00+00:00,1769194800000,90530.44,90534.59,89612.01,89982.79,1118.99851
2026-01-23 20:00:00+00:00,1769198400000,89982.79,90156.06,89200.68,89503.68,917.72716
2026-01-23 21:00:00+00:00,1769202000000,89503.67,89691.18,89317.0,89349.99,308.4371
2026-01-23 22:00:00+00:00,1769205600000,89349.99,89752.45,89335.35,89624.61,406.19522
2026-01-23 23:00:00+00:00,1769209200000,89624.6,89631.0,89472.13,89600.26,151.87407
2026-01-24 00:00:00+00:00,1769212800000,89600.26,89625.41,89424.39,89452.83,130.78736
2026-01-24 01:00:00+00:00,1769216400000,89452.83,89588.72,89450.58,89550.24,118.84415
2026-01-24 02:00:00+00:00,1769220000000,89550.24,89722.57,89550.24,89702.85,142.98732
2026-01-24 03:00:00+00:00,1769223600000,89702.85,89957.39,89670.88,89770.02,368.35777
2026-01-24 04:00:00+00:00,1769227200000,89770.03,89853.38,89709.08,89829.35,167.98668
2026-01-24 05:00:00+00:00,1769230800000,89829.36,89849.78,89751.21,89775.2,112.02746
2026-01-24 06:00:00+00:00,1769234400000,89775.2,89784.88,89602.22,89649.32,420.23986
2026-01-24 07:00:00+00:00,1769238000000,89649.33,89692.31,89572.81,89620.1,254.69309
2026-01-24 08:00:00+00:00,1769241600000,89620.11,89686.43,89583.02,89660.88,190.29089
2026-01-24 09:00:00+00:00,1769245200000,89660.88,89660.88,89600.0,89600.0,126.61337
2026-01-24 10:00:00+00:00,1769248800000,89600.01,89654.79,89577.97,89626.8,82.58886
2026-01-24 11:00:00+00:00,1769252400000,89626.79,89676.26,89595.4,89595.4,114.10267
2026-01-24 12:00:00+00:00,1769256000000,89595.41,89595.41,89486.87,89537.82,179.07545
2026-01-24 13:00:00+00:00,1769259600000,89537.82,89540.44,89368.21,89368.22,156.7089
2026-01-24 14:00:00+00:00,1769263200000,89368.22,89512.05,89171.75,89450.03,346.65964
2026-01-24 15:00:00+00:00,1769266800000,89450.03,89492.14,89263.64,89275.77,334.47117
2026-01-24 16:00:00+00:00,1769270400000,89275.77,89369.79,89162.08,89290.01,235.06029
2026-01-24 17:00:00+00:00,1769274000000,89290.01,89414.38,89252.93,89406.5,135.14408
2026-01-24 18:00:00+00:00,1769277600000,89406.5,89461.4,89382.05,89395.23,84.40453
2026-01-24 19:00:00+00:00,1769281200000,89395.22,89395.23,89276.58,89331.36,105.47816
2026-01-24 20:00:00+00:00,1769284800000,89331.36,89399.99,89331.35,89380.01,46.43346
2026-01-24 21:00:00+00:00,1769288400000,89380.0,89386.61,89270.0,89386.61,99.49846
2026-01-24 22:00:00+00:00,1769292000000,89386.61,89489.84,89304.85,89430.0,137.03504
2026-01-24 23:00:00+00:00,1769295600000,89429.99,89474.65,89215.59,89225.34,137.07871
2026-01-25 00:00:00+00:00,1769299200000,89225.34,89315.18,89183.49,89315.18,121.64277
2026-01-25 01:00:00+00:00,1769302800000,89315.18,89319.13,89102.58,89176.31,180.68432
2026-01-25 02:00:00+00:00,1769306400000,89176.31,89268.36,89129.62,89139.04,174.6544
2026-01-25 03:00:00+00:00,1769310000000,89139.04,89176.72,88838.72,88960.35,472.84604
2026-01-25 04:00:00+00:00,1769313600000,88960.36,89090.13,88941.03,89006.96,349.85772
2026-01-25 05:00:00+00:00,1769317200000,89006.97,89045.44,88870.45,88990.9,204.95163
2026-01-25 06:00:00+00:00,1769320800000,88990.89,88990.9,88649.98,88831.36,567.42395
2026-01-25 07:00:00+00:00,1769324400000,88831.36,88831.36,88635.84,88659.99,242.80483
2026-01-25 08:00:00+00:00,1769328000000,88659.99,88760.0,88136.0,88300.01,461.92857
2026-01-25 09:00:00+00:00,1769331600000,88300.0,88488.0,88238.5,88398.38,288.59867
2026-01-25 10:00:00+00:00,1769335200000,88398.38,88671.27,88398.37,88659.51,354.58647
2026-01-25 11:00:00+00:00,1769338800000,88659.52,88710.0,88536.11,88570.17,171.64836
2026-01-25 12:00:00+00:00,1769342400000,88570.17,88800.0,88450.0,88791.99,329.09813
2026-01-25 13:00:00+00:00,1769346000000,88791.98,88971.89,88650.98,88921.0,278.06
2026-01-25 14:00:00+00:00,1769349600000,88920.99,88938.94,88624.55,88710.1,293.57615
2026-01-25 15:00:00+00:00,1769353200000,88710.1,88760.35,88340.75,88446.5,370.5229
2026-01-25 16:00:00+00:00,1769356800000,88446.51,88448.85,87560.0,88077.26,1878.84709
2026-01-25 17:00:00+00:00,1769360400000,88077.25,88108.24,87767.18,87892.17,467.38462
2026-01-25 18:00:00+00:00,1769364000000,87892.16,87983.29,86827.1,87420.01,1893.52035
2026-01-25 19:00:00+00:00,1769367600000,87420.01,87508.15,86194.85,86495.16,1925.07483
2026-01-25 20:00:00+00:00,1769371200000,86495.17,86718.75,86222.02,86654.61,753.5591
2026-01-25 21:00:00+00:00,1769374800000,86654.6,87013.79,86400.0,86568.5,666.32154
2026-01-25 22:00:00+00:00,1769378400000,86568.51,86694.78,86217.32,86521.39,849.36578
2026-01-25 23:00:00+00:00,1769382000000,86521.39,86791.91,86074.72,86670.36,1129.26197
2026-01-26 00:00:00+00:00,1769385600000,86670.36,87167.84,86509.63,86854.86,788.16762
2026-01-26 01:00:00+00:00,1769389200000,86854.86,87809.99,86815.37,87698.73,1118.1087
2026-01-26 02:00:00+00:00,1769392800000,87698.74,87973.11,87435.18,87563.38,1015.63506
2026-01-26 03:00:00+00:00,1769396400000,87563.39,87691.41,87062.76,87282.05,1083.65608
2026-01-26 04:00:00+00:00,1769400000000,87282.04,87953.0,87244.27,87737.06,1109.49828
2026-01-26 05:00:00+00:00,1769403600000,87737.06,87956.27,87673.12,87826.01,765.12364
2026-01-26 06:00:00+00:00,1769407200000,87826.01,88031.73,87764.0,87937.44,915.62979
2026-01-26 07:00:00+00:00,1769410800000,87937.45,88074.48,87701.72,88000.64,768.40988
2026-01-26 08:00:00+00:00,1769414400000,88000.64,88424.45,87846.89,87975.39,790.54723
2026-01-26 09:00:00+00:00,1769418000000,87975.39,88000.0,87600.69,87663.12,543.28474
2026-01-26 10:00:00+00:00,1769421600000,87663.12,87950.0,87660.0,87897.55,242.4813
2026-01-26 11:00:00+00:00,1769425200000,87897.55,87980.0,87765.99,87855.0,244.05793
2026-01-26 12:00:00+00:00,1769428800000,87855.01,87971.99,87735.38,87799.45,288.85651
2026-01-26 13:00:00+00:00,1769432400000,87799.44,88048.0,87681.4,87960.01,556.52991
2026-01-26 14:00:00+00:00,1769436000000,87960.01,88508.41,87450.08,88178.1,1822.59356
2026-01-26 15:00:00+00:00,1769439600000,88178.09,88860.0,87325.03,87641.41,1769.32177
2026-01-26 16:00:00+00:00,1769443200000,87641.41,87964.6,87206.0,87606.99,686.77865
2026-01-26 17:00:00+00:00,1769446800000,87607.0,87789.47,87035.51,87700.62,580.63374
2026-01-26 18:00:00+00:00,1769450400000,87700.61,88403.73,87639.26,88403.72,550.84106
2026-01-26 19:00:00+00:00,1769454000000,88403.73,88537.95,87950.0,88013.19,515.97407
2026-01-26 20:00:00+00:00,1769457600000,88013.19,88118.0,87542.05,87629.22,428.9526
2026-01-26 21:00:00+00:00,1769461200000,87629.23,88238.29,87573.35,88064.69,392.85938
2026-01-26 22:00:00+00:00,1769464800000,88064.69,88270.29,88001.75,88140.01,324.81747
2026-01-26 23:00:00+00:00,1769468400000,88140.01,88659.09,88021.86,88347.08,463.75556
2026-01-27 00:00:00+00:00,1769472000000,88347.08,88457.3,88200.0,88353.97,302.20293
2026-01-27 01:00:00+00:00,1769475600000,88353.97,88700.0,88194.82,88550.61,340.87375
2026-01-27 02:00:00+00:00,1769479200000,88550.61,88858.96,88550.61,88831.6,479.8981
2026-01-27 03:00:00+00:00,1769482800000,88831.59,88898.0,88582.57,88788.0,526.26275
2026-01-27 04:00:00+00:00,1769486400000,88787.99,89010.0,88511.88,88579.58,508.81601
2026-01-27 05:00:00+00:00,1769490000000,88579.58,88586.26,88399.99,88456.3,306.33125
2026-01-27 06:00:00+00:00,1769493600000,88456.31,88522.86,88278.03,88332.67,277.06987
2026-01-27 07:00:00+00:00,1769497200000,88332.68,88555.14,88312.6,88320.41,356.10224
2026-01-27 08:00:00+00:00,1769500800000,88320.41,88397.85,88120.04,88170.82,305.95946
2026-01-27 09:00:00+00:00,1769504400000,88170.83,88170.83,87868.0,87886.82,501.6008
2026-01-27 10:00:00+00:00,1769508000000,87886.82,88055.75,87743.84,87786.53,315.39119
2026-01-27 11:00:00+00:00,1769511600000,87786.53,88093.19,87743.52,87992.74,339.68763
2026-01-27 12:00:00+00:00,1769515200000,87992.74,88165.24,87955.98,87986.96,497.99816
2026-01-27 13:00:00+00:00,1769518800000,87986.96,88076.82,87799.2,87982.15,400.06912
2026-01-27 14:00:00+00:00,1769522400000,87982.15,88474.23,87659.23,87745.02,762.91064
2026-01-27 15:00:00+00:00,1769526000000,87745.02,88189.44,87578.67,88047.46,838.96558
2026-01-27 16:00:00+00:00,1769529600000,88047.46,88819.89,88002.57,88641.44,1128.77578
2026-01-27 17:00:00+00:00,1769533200000,88641.43,88699.45,87304.33,87546.58,1183.80567
2026-01-27 18:00:00+00:00,1769536800000,87546.58,88510.15,87450.0,88285.05,865.62099
2026-01-27 19:00:00+00:00,1769540400000,88285.05,88549.32,88049.89,88408.77,469.70931
2026-01-27 20:00:00+00:00,1769544000000,88408.78,89497.19,88373.49,89396.16,1024.56489
2026-01-27 21:00:00+00:00,1769547600000,89396.03,89523.16,89008.75,89081.46,689.88066
2026-01-27 22:00:00+00:00,1769551200000,89081.47,89421.91,89021.61,89243.63,281.54432
2026-01-27 23:00:00+00:00,1769554800000,89243.63,89515.78,89143.92,89250.0,421.36315
2026-01-28 00:00:00+00:00,1769558400000,89249.99,89468.01,89154.8,89467.72,258.84583
2026-01-28 01:00:00+00:00,1769562000000,89467.73,89497.96,89196.87,89404.57,267.52883
2026-01-28 02:00:00+00:00,1769565600000,89404.57,89453.89,89100.01,89285.77,214.15071
2026-01-28 03:00:00+00:00,1769569200000,89285.78,89311.87,88985.0,89126.67,353.861
2026-01-28 04:00:00+00:00,1769572800000,89126.68,89160.0,88840.0,88975.04,312.10964
2026-01-28 05:00:00+00:00,1769576400000,88975.03,89105.56,88849.0,89084.1,326.80822
2026-01-28 06:00:00+00:00,1769580000000,89084.1,89400.0,89084.1,89317.47,340.81001
2026-01-28 07:00:00+00:00,1769583600000,89317.47,89358.51,89099.81,89134.35,370.1952
2026-01-28 08:00:00+00:00,1769587200000,89134.35,89258.02,88833.65,88925.47,515.45435
2026-01-28 09:00:00+00:00,1769590800000,88925.47,89567.26,88849.99,89567.25,490.95043
2026-01-28 10:00:00+00:00,1769594400000,89567.25,89703.87,89330.22,89403.77,688.45427
2026-01-28 11:00:00+00:00,1769598000000,89403.76,90156.72,89313.13,90080.0,1092.21486
2026-01-28 12:00:00+00:00,1769601600000,90079.99,90176.88,89790.0,89998.69,946.78783
2026-01-28 13:00:00+00:00,1769605200000,89998.69,90488.0,89969.42,90257.91,1485.47795
2026-01-28 14:00:00+00:00,1769608800000,90257.91,90276.78,89460.01,89617.27,997.73721
2026-01-28 15:00:00+00:00,1769612400000,89617.27,89849.75,88904.61,89479.66,998.88376
2026-01-28 16:00:00+00:00,1769616000000,89479.66,89830.0,89248.61,89629.66,744.86311
2026-01-28 17:00:00+00:00,1769619600000,89629.66,90600.0,89277.21,90169.88,923.32635
2026-01-28 18:00:00+00:00,1769623200000,90169.89,90178.91,89312.88,89546.24,748.51147
2026-01-28 19:00:00+00:00,1769626800000,89544.0,89719.58,89006.36,89402.58,893.3832
2026-01-28 20:00:00+00:00,1769630400000,89402.57,89896.0,89010.0,89130.63,590.94624
2026-01-28 21:00:00+00:00,1769634000000,89130.63,89490.24,88878.01,89412.17,381.49994
2026-01-28 22:00:00+00:00,1769637600000,89412.18,89479.04,89138.0,89396.15,156.23518
2026-01-28 23:00:00+00:00,1769641200000,89396.15,89471.41,89209.48,89299.99,233.14943
2026-01-29 00:00:00+00:00,1769644800000,89300.0,89348.0,88900.0,89143.91,431.21285
2026-01-29 01:00:00+00:00,1769648400000,89143.92,89159.99,88548.87,88603.56,624.81108
2026-01-29 02:00:00+00:00,1769652000000,88603.56,88754.64,87704.0,87907.06,1097.35161
2026-01-29 03:00:00+00:00,1769655600000,87907.05,88265.39,87771.3,88053.71,769.73434
2026-01-29 04:00:00+00:00,1769659200000,88053.71,88345.66,87901.23,88315.2,311.3438
2026-01-29 05:00:00+00:00,1769662800000,88315.2,88408.08,88142.66,88186.54,354.31355
2026-01-29 06:00:00+00:00,1769666400000,88186.53,88338.67,88168.9,88319.35,284.51762
2026-01-29 07:00:00+00:00,1769670000000,88319.35,88430.05,88250.0,88352.97,526.73614
2026-01-29 08:00:00+00:00,1769673600000,88352.96,88500.0,87907.8,88064.16,823.67262
2026-01-29 09:00:00+00:00,1769677200000,88064.16,88160.0,87892.0,87892.01,372.84765
2026-01-29 10:00:00+00:00,1769680800000,87892.0,88046.59,87832.18,87946.46,575.41561
2026-01-29 11:00:00+00:00,1769684400000,87946.47,88066.94,87750.01,87846.5,527.10516
2026-01-29 12:00:00+00:00,1769688000000,87846.5,88121.29,87817.97,88121.21,516.69113
2026-01-29 13:00:00+00:00,1769691600000,88121.21,88182.29,87951.67,88052.88,283.13252
2026-01-29 14:00:00+00:00,1769695200000,88052.87,88075.23,87008.0,87014.4,1065.77381
2026-01-29 15:00:00+00:00,1769698800000,87014.4,87039.51,84366.56,84934.02,8241.9564
2026-01-29 16:00:00+00:00,1769702400000,84934.02,85392.2,84268.17,85270.0,4076.75879
2026-01-29 17:00:00+00:00,1769706000000,85270.01,85638.3,84012.78,84261.66,2652.67947
2026-01-29 18:00:00+00:00,1769709600000,84261.66,84630.55,83415.0,83477.02,2305.76692
2026-01-29 19:00:00+00:00,1769713200000,83477.02,84334.97,83383.33,84012.11,1752.68525
2026-01-29 20:00:00+00:00,1769716800000,84012.11,84398.36,83824.9,84216.91,1089.07114
2026-01-29 21:00:00+00:00,1769720400000,84216.91,84706.32,84200.0,84526.57,780.67473
2026-01-29 22:00:00+00:00,1769724000000,84526.57,84615.74,84306.24,84570.05,335.13893
2026-01-29 23:00:00+00:00,1769727600000,84570.04,84737.69,84445.7,84650.16,631.99089
2026-01-30 00:00:00+00:00,1769731200000,84650.16,84735.75,84100.0,84192.0,730.18491
2026-01-30 01:00:00+00:00,1769734800000,84192.0,84192.01,81118.0,82468.02,6080.28823
2026-01-30 02:00:00+00:00,1769738400000,82468.01,82535.89,81154.0,82164.88,3963.98084
2026-01-30 03:00:00+00:00,1769742000000,82164.88,82738.89,82036.35,82676.43,1470.66915
2026-01-30 04:00:00+00:00,1769745600000,82676.42,83332.2,82676.42,82938.92,1147.37787
2026-01-30 05:00:00+00:00,1769749200000,82938.92,83329.36,82903.23,82914.19,818.20759
2026-01-30 06:00:00+00:00,1769752800000,82914.2,82919.21,82056.08,82602.81,1199.37024
2026-01-30 07:00:00+00:00,1769756400000,82602.81,83100.0,82483.27,82816.98,1624.46252
2026-01-30 08:00:00+00:00,1769760000000,82816.98,82995.41,82438.8,82671.7,959.74241
2026-01-30 09:00:00+00:00,1769763600000,82671.7,82834.19,82160.0,82363.72,1026.26025
2026-01-30 10:00:00+00:00,1769767200000,82363.71,82897.41,82172.02,82833.92,661.3904
2026-01-30 11:00:00+00:00,1769770800000,82833.92,83314.85,82682.15,83151.36,607.68303
2026-01-30 12:00:00+00:00,1769774400000,83151.36,83329.35,82650.0,82800.5,693.0162
2026-01-30 13:00:00+00:00,1769778000000,82800.49,83087.34,82421.64,82740.92,760.57185
2026-01-30 14:00:00+00:00,1769781600000,82740.93,83797.99,82738.68,83098.0,1785.40114
2026-01-30 15:00:00+00:00,1769785200000,83098.0,83616.46,82382.01,82883.94,1512.89136
2026-01-30 16:00:00+00:00,1769788800000,82882.84,83493.6,82549.35,83149.0,956.54558
2026-01-30 17:00:00+00:00,1769792400000,83149.0,83475.8,82641.6,82943.23,1094.09504
2026-01-30 18:00:00+00:00,1769796000000,82943.23,84160.0,81871.37,83931.13,2213.77003
2026-01-30 19:00:00+00:00,1769799600000,83931.13,84621.16,83917.36,84242.99,1851.84536
2026-01-30 20:00:00+00:00,1769803200000,84243.0,84299.99,83539.2,83906.34,2390.62988
2026-01-30 21:00:00+00:00,1769806800000,83906.34,84523.11,83790.44,84273.7,835.94444
2026-01-30 22:00:00+00:00,1769810400000,84273.71,84327.06,83918.42,84219.99,454.50219
2026-01-30 23:00:00+00:00,1769814000000,84220.0,84298.96,83933.82,84260.49,357.01742
2026-01-31 00:00:00+00:00,1769817600000,84260.5,84270.02,84014.01,84067.83,380.99765
2026-01-31 01:00:00+00:00,1769821200000,84067.83,84266.22,83908.0,83999.99,474.79523
2026-01-31 02:00:00+00:00,1769824800000,84000.0,84183.42,83815.02,84130.01,514.80351
2026-01-31 03:00:00+00:00,1769828400000,84130.01,84232.0,84022.69,84022.69,356.74317
2026-01-31 04:00:00+00:00,1769832000000,84022.7,84146.22,83941.43,83992.45,214.26773
2026-01-31 05:00:00+00:00,1769835600000,83992.44,84097.37,83903.7,84000.01,249.62585
2026-01-31 06:00:00+00:00,1769839200000,84000.01,84050.51,83638.4,83786.09,407.33324
2026-01-31 07:00:00+00:00,1769842800000,83786.09,83805.02,83404.67,83546.81,478.7189
2026-01-31 08:00:00+00:00,1769846400000,83546.82,83629.08,82560.75,83074.07,1142.87539
2026-01-31 09:00:00+00:00,1769850000000,83074.08,83300.0,82894.0,83109.1,471.08907
2026-01-31 10:00:00+00:00,1769853600000,83109.1,83203.26,82917.32,83160.0,515.13254
2026-01-31 11:00:00+00:00,1769857200000,83160.0,83160.0,82851.97,83020.0,279.69189
2026-01-31 12:00:00+00:00,1769860800000,83020.0,83140.0,82720.0,82762.0,537.57574
2026-01-31 13:00:00+00:00,1769864400000,82761.99,82919.29,82478.59,82767.99,539.85854
2026-01-31 14:00:00+00:00,1769868000000,82768.0,82928.2,80825.76,81479.99,4166.24097
2026-01-31 15:00:00+00:00,1769871600000,81480.0,81789.68,81088.0,81302.15,1568.15407
2026-01-31 16:00:00+00:00,1769875200000,81302.16,82200.0,80098.01,80365.04,5113.56418
2026-01-31 17:00:00+00:00,1769878800000,80365.05,80550.74,78159.9,78893.92,6669.26832
2026-01-31 18:00:00+00:00,1769882400000,78893.92,79143.64,75719.9,78038.38,7783.32311
2026-01-31 19:00:00+00:00,1769886000000,78038.39,78576.3,77194.0,77750.01,2463.45994
2026-01-31 20:00:00+00:00,1769889600000,77750.01,78141.95,77092.34,77999.03,1378.50317
2026-01-31 21:00:00+00:00,1769893200000,77999.02,78365.02,77372.69,78292.0,1330.5666
2026-01-31 22:00:00+00:00,1769896800000,78292.0,78499.94,78000.0,78155.17,902.43744
2026-01-31 23:00:00+00:00,1769900400000,78155.16,79240.0,78078.67,78741.09,1552.86508
2026-02-01 00:00:00+00:00,1769904000000,78741.1,79424.0,78644.09,78902.31,1738.02598
2026-02-01 01:00:00+00:00,1769907600000,78902.31,78943.62,78284.0,78532.17,1163.10084
2026-02-01 02:00:00+00:00,1769911200000,78532.32,79060.44,78378.0,78900.01,762.94469
2026-02-01 03:00:00+00:00,1769914800000,78900.01,79008.36,78666.73,78868.28,594.31033
2026-02-01 04:00:00+00:00,1769918400000,78868.29,79119.3,78720.97,78971.75,441.04188
2026-02-01 05:00:00+00:00,1769922000000,78973.22,79006.0,78527.13,78620.91,744.7428
2026-02-01 06:00:00+00:00,1769925600000,78620.9,78824.1,78266.63,78300.0,568.62406
2026-02-01 07:00:00+00:00,1769929200000,78300.01,78724.01,77967.69,78343.0,808.74546
2026-02-01 08:00:00+00:00,1769932800000,78343.0,78863.0,78252.64,78604.02,567.72389
2026-02-01 09:00:00+00:00,1769936400000,78604.02,79136.1,78551.15,79034.45,479.76229
2026-02-01 10:00:00+00:00,1769940000000,79034.45,79220.72,78148.1,78279.73,863.43565
2026-02-01 11:00:00+00:00,1769943600000,78279.73,78877.89,78279.72,78743.56,539.38656
2026-02-01 12:00:00+00:00,1769947200000,78743.57,78760.0,78244.0,78459.67,620.90729
2026-02-01 13:00:00+00:00,1769950800000,78459.68,78768.68,78203.21,78317.51,482.47432
2026-02-01 14:00:00+00:00,1769954400000,78317.51,78520.0,77236.68,78211.12,1658.37078
2026-02-01 15:00:00+00:00,1769958000000,78211.12,78254.2,76761.98,77593.4,2045.87767
2026-02-01 16:00:00+00:00,1769961600000,77593.4,77838.48,77087.76,77494.77,1084.57336
2026-02-01 17:00:00+00:00,1769965200000,77494.77,77748.0,77300.0,77745.32,549.82327
2026-02-01 18:00:00+00:00,1769968800000,77745.33,78443.1,77727.27,78029.28,791.63632
2026-02-01 19:00:00+00:00,1769972400000,78029.29,78106.1,77000.01,77174.78,457.49789
2026-02-01 20:00:00+00:00,1769976000000,77174.77,77740.91,76606.0,77103.04,1125.71882
2026-02-01 21:00:00+00:00,1769979600000,77103.04,77161.26,76359.87,76526.03,1221.6059
2026-02-01 22:00:00+00:00,1769983200000,76526.03,77779.63,76456.78,77249.31,1235.13318
2026-02-01 23:00:00+00:00,1769986800000,77249.31,77610.72,75700.0,76968.21,4850.01845
2026-02-02 00:00:00+00:00,1769990400000,76968.22,78231.26,76606.39,77672.61,1960.16053
2026-02-02 01:00:00+00:00,1769994000000,77672.61,77942.28,76619.69,77518.87,1238.02224
2026-02-02 02:00:00+00:00,1769997600000,77518.87,77555.62,76449.84,76491.17,1406.18164
2026-02-02 03:00:00+00:00,1770001200000,76491.18,76575.93,74604.0,76292.98,6845.40126
2026-02-02 04:00:00+00:00,1770004800000,76292.98,76621.28,75335.9,75894.15,2387.03559
2026-02-02 05:00:00+00:00,1770008400000,75894.15,75999.99,74911.14,75502.1,2327.56014
2026-02-02 06:00:00+00:00,1770012000000,75502.1,76834.71,74957.51,76549.32,3207.27225
2026-02-02 07:00:00+00:00,1770015600000,76549.32,76958.0,76327.9,76660.79,1646.53051
2026-02-02 08:00:00+00:00,1770019200000,76660.78,77191.15,76628.28,76881.28,1422.14452
2026-02-02 09:00:00+00:00,1770022800000,76881.28,77815.0,76652.0,77725.33,2196.40917
2026-02-02 10:00:00+00:00,1770026400000,77725.33,77876.69,77474.85,77504.54,1049.86427
2026-02-02 11:00:00+00:00,1770030000000,77504.54,77970.62,77451.11,77759.99,983.08962
2026-02-02 12:00:00+00:00,1770033600000,77760.0,78434.0,77706.0,77988.51,1103.97039
2026-02-02 13:00:00+00:00,1770037200000,77988.5,78458.0,77800.0,78224.79,960.76337
2026-02-02 14:00:00+00:00,1770040800000,78224.8,78885.0,77626.44,77844.79,2220.07608
2026-02-02 15:00:00+00:00,1770044400000,77844.78,79360.0,77564.62,78850.06,3238.00821
2026-02-02 16:00:00+00:00,1770048000000,78850.06,79288.28,78584.0,78634.76,1987.74899
2026-02-02 17:00:00+00:00,1770051600000,78634.75,79213.99,78603.93,78988.64,1407.01094
2026-02-02 18:00:00+00:00,1770055200000,78988.65,78988.65,78369.13,78569.84,992.65857
2026-02-02 19:00:00+00:00,1770058800000,78569.83,78697.99,78283.27,78341.5,1074.65868
2026-02-02 20:00:00+00:00,1770062400000,78341.5,78667.38,77888.0,78008.59,902.54602
2026-02-02 21:00:00+00:00,1770066000000,78008.59,78552.76,77922.0,78532.06,507.24426
2026-02-02 22:00:00+00:00,1770069600000,78532.07,78853.35,78528.21,78795.2,488.24484
2026-02-02 23:00:00+00:00,1770073200000,78795.2,78962.78,78560.0,78738.61,720.98807
2026-02-03 00:00:00+00:00,1770076800000,78738.6,79099.99,78408.05,79065.24,994.28607
2026-02-03 01:00:00+00:00,1770080400000,79065.24,79186.81,78716.79,79017.63,990.1874
2026-02-03 02:00:00+00:00,1770084000000,79017.64,79017.64,77800.0,77808.01,959.76758
2026-02-03 03:00:00+00:00,1770087600000,77808.02,78907.18,77644.09,78753.32,1068.28743
2026-02-03 04:00:00+00:00,1770091200000,78753.32,78999.99,78488.0,78798.39,719.00577
2026-02-03 05:00:00+00:00,1770094800000,78798.38,78809.78,78218.98,78240.45,581.74505
2026-02-03 06:00:00+00:00,1770098400000,78240.45,78665.91,77950.0,78594.17,881.03721
2026-02-03 07:00:00+00:00,1770102000000,78594.01,78923.93,78488.01,78794.67,705.05984
2026-02-03 08:00:00+00:00,1770105600000,78794.67,79084.29,78464.6,78747.96,840.3253
2026-02-03 09:00:00+00:00,1770109200000,78747.96,78841.35,77950.0,78400.01,972.9435
2026-02-03 10:00:00+00:00,1770112800000,78400.01,78560.0,78070.0,78120.36,505.87116
2026-02-03 11:00:00+00:00,1770116400000,78120.36,78349.24,78004.08,78079.5,475.83471
2026-02-03 12:00:00+00:00,1770120000000,78079.5,78416.9,78000.0,78330.26,933.6271
2026-02-03 13:00:00+00:00,1770123600000,78330.26,78458.89,78187.91,78307.65,529.49211
2026-02-03 14:00:00+00:00,1770127200000,78307.65,78434.61,77156.24,77201.22,2011.4149
2026-02-03 15:00:00+00:00,1770130800000,77201.21,78196.83,77055.54,78132.33,2069.08407
2026-02-03 16:00:00+00:00,1770134400000,78132.34,78134.53,76400.0,76488.08,3199.23624
2026-02-03 17:00:00+00:00,1770138000000,76488.08,76525.44,74882.28,74915.79,3210.53566
2026-02-03 18:00:00+00:00,1770141600000,74915.79,75302.76,73137.66,73139.13,8932.04301
2026-02-03 19:00:00+00:00,1770145200000,73139.12,75291.1,72945.5,74935.0,3497.82279
2026-02-03 20:00:00+00:00,1770148800000,74935.0,76721.25,74586.54,76475.52,2122.86901
2026-02-03 21:00:00+00:00,1770152400000,76475.53,76960.0,76124.05,76239.43,1110.97152
2026-02-03 22:00:00+00:00,1770156000000,76239.43,76299.19,75406.79,75708.83,1013.97922
2026-02-03 23:00:00+00:00,1770159600000,75708.82,76000.0,75428.16,75770.21,794.68224
2026-02-04 00:00:00+00:00,1770163200000,75770.21,76264.0,75467.22,75910.88,730.62893
2026-02-04 01:00:00+00:00,1770166800000,75910.88,76798.12,75910.88,76423.73,952.72942
2026-02-04 02:00:00+00:00,1770170400000,76423.73,76610.04,75707.41,75963.35,853.38888
2026-02-04 03:00:00+00:00,1770174000000,75963.35,76971.52,75906.05,76698.17,1036.93598
2026-02-04 04:00:00+00:00,1770177600000,76698.17,76830.69,76413.64,76479.75,577.39018
2026-02-04 05:00:00+00:00,1770181200000,76479.75,76526.8,76105.3,76279.99,1056.73491
2026-02-04 06:00:00+00:00,1770184800000,76280.0,76780.0,76259.9,76652.68,609.34015
2026-02-04 07:00:00+00:00,1770188400000,76652.68,76657.31,76335.46,76514.3,593.58526
2026-02-04 08:00:00+00:00,1770192000000,76514.3,76600.0,76068.69,76587.26,736.19473
2026-02-04 09:00:00+00:00,1770195600000,76587.26,76607.69,75967.1,76119.0,632.82215
2026-02-04 10:00:00+00:00,1770199200000,76119.0,76338.65,76069.0,76302.1,440.91077
2026-02-04 11:00:00+00:00,1770202800000,76302.1,76302.1,75666.0,76017.25,1102.73317
2026-02-04 12:00:00+00:00,1770206400000,76017.25,76260.85,76000.0,76180.85,942.91713
2026-02-04 13:00:00+00:00,1770210000000,76180.84,76186.98,74867.0,74867.0,1563.62436
2026-02-04 14:00:00+00:00,1770213600000,74867.0,75769.23,74256.0,74359.53,2801.90282
2026-02-04 15:00:00+00:00,1770217200000,74359.53,75328.28,73794.11,74136.36,3644.50098
2026-02-04 16:00:00+00:00,1770220800000,74136.48,74249.83,73076.92,73636.01,3089.62892
2026-02-04 17:00:00+00:00,1770224400000,73635.63,73863.92,72169.0,72576.08,5764.80542
2026-02-04 18:00:00+00:00,1770228000000,72576.08,74140.0,72273.68,73425.96,3480.01439
2026-02-04 19:00:00+00:00,1770231600000,73425.97,74007.28,73041.41,73923.29,1609.77508
2026-02-04 20:00:00+00:00,1770235200000,73923.3,74144.0,73425.56,73516.3,1052.61663
2026-02-04 21:00:00+00:00,1770238800000,73516.3,73654.0,72210.0,72799.99,1379.23839
2026-02-04 22:00:00+00:00,1770242400000,72800.0,73680.0,71888.0,72543.38,2426.62344
2026-02-04 23:00:00+00:00,1770246000000,72543.38,73520.59,72468.12,73165.83,1296.31791
2026-02-05 00:00:00+00:00,1770249600000,73165.84,73325.6,72754.21,72868.02,1031.56586
2026-02-05 01:00:00+00:00,1770253200000,72868.02,73341.18,71995.09,72421.26,1796.49365
2026-02-05 02:00:00+00:00,1770256800000,72421.26,72854.39,71305.55,71454.44,2979.51665
2026-02-05 03:00:00+00:00,1770260400000,71454.44,71884.47,71152.78,71223.25,2548.86017
2026-02-05 04:00:00+00:00,1770264000000,71223.25,71437.68,70701.0,70888.08,4293.99043
2026-02-05 05:00:00+00:00,1770267600000,70888.09,71150.16,70140.0,70732.72,4302.51294
2026-02-05 06:00:00+00:00,1770271200000,70732.73,70984.62,70434.05,70951.51,2020.09726
2026-02-05 07:00:00+00:00,1770274800000,70951.51,71622.82,70644.73,70756.85,2612.40429
2026-02-05 08:00:00+00:00,1770278400000,70756.86,71550.0,70683.58,71054.99,1815.06036
2026-02-05 09:00:00+00:00,1770282000000,71054.99,71978.58,71049.35,71550.0,1842.40706
2026-02-05 10:00:00+00:00,1770285600000,71549.99,71726.79,70656.59,70858.13,1618.18196
2026-02-05 11:00:00+00:00,1770289200000,70858.13,71063.94,69922.0,70318.35,4107.09256
2026-02-05 12:00:00+00:00,1770292800000,70318.35,70603.49,69163.0,69563.57,5331.37678
2026-02-05 13:00:00+00:00,1770296400000,69563.56,69831.85,69261.11,69688.94,2587.65964
2026-02-05 14:00:00+00:00,1770300000000,69688.94,70872.04,69285.71,69404.76,3459.24538
2026-02-05 15:00:00+00:00,1770303600000,69404.75,69616.29,66720.15,67489.07,13836.57347
2026-02-05 16:00:00+00:00,1770307200000,67489.08,68681.81,66955.34,68295.15,5860.78146
2026-02-05 17:00:00+00:00,1770310800000,68295.15,68374.79,66152.0,66181.69,6127.2285
2026-02-05 18:00:00+00:00,1770314400000,66181.68,66542.87,65385.0,66347.0,5703.68497
2026-02-05 19:00:00+00:00,1770318000000,66347.01,66637.46,65200.0,65265.65,3605.53717
2026-02-05 20:00:00+00:00,1770321600000,65265.66,65700.0,62345.0,63775.67,13269.97533
2026-02-05 21:00:00+00:00,1770325200000,63775.66,64775.0,62888.34,63213.34,6727.66673
2026-02-05 22:00:00+00:00,1770328800000,63213.34,64615.88,62690.9,63907.86,4776.16051
2026-02-05 23:00:00+00:00,1770332400000,63907.86,64908.0,62717.48,62909.86,4044.75586
2026-02-06 00:00:00+00:00,1770336000000,62909.87,63861.87,60000.0,63509.39,15965.67588
2026-02-06 01:00:00+00:00,1770339600000,63509.4,65760.0,63509.39,65714.96,6085.05108
2026-02-06 02:00:00+00:00,1770343200000,65714.96,66010.0,64201.28,64990.1,4172.0595
2026-02-06 03:00:00+00:00,1770346800000,64990.11,65172.13,63770.17,64168.33,2757.61679
2026-02-06 04:00:00+00:00,1770350400000,64168.33,65000.0,63914.62,64905.84,2678.77331
2026-02-06 05:00:00+00:00,1770354000000,64905.54,66826.5,64800.01,66408.11,3077.34633
2026-02-06 06:00:00+00:00,1770357600000,66408.11,66800.0,64856.88,64988.26,3562.00258
2026-02-06 07:00:00+00:00,1770361200000,64988.26,65543.79,64654.11,64856.0,3886.24107
2026-02-06 08:00:00+00:00,1770364800000,64856.0,65206.11,64500.0,64895.05,2403.94942
2026-02-06 09:00:00+00:00,1770368400000,64895.04,66163.0,64764.7,65799.55,2736.04998
2026-02-06 10:00:00+00:00,1770372000000,65799.55,66220.0,65550.0,65967.51,2067.37547
2026-02-06 11:00:00+00:00,1770375600000,65967.51,66755.13,65772.17,66631.32,2445.47098
2026-02-06 12:00:00+00:00,1770379200000,66631.32,66631.32,66114.49,66557.93,1895.66919
2026-02-06 13:00:00+00:00,1770382800000,66557.93,67690.7,66480.82,67316.82,4063.76595
2026-02-06 14:00:00+00:00,1770386400000,67316.82,68647.45,66629.36,68194.89,5594.57909
2026-02-06 15:00:00+00:00,1770390000000,68194.9,69192.0,67772.0,68626.0,6052.81042
2026-02-06 16:00:00+00:00,1770393600000,68625.99,70224.62,68428.19,69954.01,6892.60997
2026-02-06 17:00:00+00:00,1770397200000,69954.01,71500.0,69593.43,70753.53,5224.54006
2026-02-06 18:00:00+00:00,1770400800000,70753.53,70816.0,69340.91,69776.68,3217.47319
2026-02-06 19:00:00+00:00,1770404400000,69776.68,70952.0,69662.22,70731.46,1949.07605
2026-02-06 20:00:00+00:00,1770408000000,70731.45,70996.77,70000.12,70000.13,1842.94729
2026-02-06 21:00:00+00:00,1770411600000,70000.14,70508.75,69837.35,70358.43,1079.99332
2026-02-06 22:00:00+00:00,1770415200000,70358.44,71577.09,70279.09,71354.46,1439.41821
2026-02-06 23:00:00+00:00,1770418800000,71354.46,71751.33,70505.0,70580.26,1448.72018
2026-02-07 00:00:00+00:00,1770422400000,70580.26,70600.0,69718.0,69958.0,1684.48527
2026-02-07 01:00:00+00:00,1770426000000,69958.0,70680.54,69741.87,70471.49,1257.48702
2026-02-07 02:00:00+00:00,1770429600000,70471.48,70624.49,70151.51,70361.37,828.17189
2026-02-07 03:00:00+00:00,1770433200000,70361.36,70928.75,70270.0,70918.99,917.62946
2026-02-07 04:00:00+00:00,1770436800000,70918.99,71690.07,70604.55,70768.13,1760.77139
2026-02-07 05:00:00+00:00,1770440400000,70768.0,71191.88,69800.0,70161.5,1954.17044
2026-02-07 06:00:00+00:00,1770444000000,70161.51,70310.0,68757.68,68769.65,3067.81307
2026-02-07 07:00:00+00:00,1770447600000,68769.66,69084.55,67300.0,68087.14,6488.56676
2026-02-07 08:00:00+00:00,1770451200000,68087.13,68790.0,67747.65,68495.01,2785.44241
2026-02-07 09:00:00+00:00,1770454800000,68495.01,68763.28,67885.86,68138.2,2704.83478
2026-02-07 10:00:00+00:00,1770458400000,68138.19,68299.3,67582.48,67987.0,2026.15669
2026-02-07 11:00:00+00:00,1770462000000,67986.99,68157.21,67700.0,67972.65,1172.5817
2026-02-07 12:00:00+00:00,1770465600000,67972.65,69999.99,67901.89,69024.98,3372.78032
2026-02-07 13:00:00+00:00,1770469200000,69024.98,69364.5,68821.64,69093.98,1462.50623
2026-02-07 14:00:00+00:00,1770472800000,69093.98,69187.27,68358.75,68645.99,1780.47515
2026-02-07 15:00:00+00:00,1770476400000,68646.0,69762.46,68556.0,69151.5,2675.07885
2026-02-07 16:00:00+00:00,1770480000000,69151.5,69898.0,68822.51,68957.16,3767.46183
2026-02-07 17:00:00+00:00,1770483600000,68957.16,69408.0,68531.5,69188.81,1260.95907
2026-02-07 18:00:00+00:00,1770487200000,69188.81,69690.89,69009.09,69514.11,815.22684
2026-02-07 19:00:00+00:00,1770490800000,69514.11,69577.43,69266.66,69373.61,549.67003
2026-02-07 20:00:00+00:00,1770494400000,69373.61,69728.83,69252.72,69631.18,431.2072
2026-02-07 21:00:00+00:00,1770498000000,69631.18,69699.16,69356.16,69497.99,322.93251
2026-02-07 22:00:00+00:00,1770501600000,69497.99,69727.86,69325.67,69399.34,469.65551
2026-02-07 23:00:00+00:00,1770505200000,69399.34,69462.42,68787.34,69289.38,699.41594
2026-02-08 00:00:00+00:00,1770508800000,69289.37,69432.0,68888.0,69133.79,682.62238
2026-02-08 01:00:00+00:00,1770512400000,69133.8,69500.0,69095.17,69379.57,433.38727
2026-02-08 02:00:00+00:00,1770516000000,69379.57,69696.57,69167.42,69370.7,452.71707
2026-02-08 03:00:00+00:00,1770519600000,69370.69,69443.9,69069.65,69099.99,457.68257
2026-02-08 04:00:00+00:00,1770523200000,69100.0,69372.06,68952.01,69340.16,390.41434
2026-02-08 05:00:00+00:00,1770526800000,69340.15,69422.43,69146.47,69220.52,386.01063
2026-02-08 06:00:00+00:00,1770530400000,69220.53,69518.56,69090.0,69361.18,1121.01748
2026-02-08 07:00:00+00:00,1770534000000,69361.18,69719.07,69215.69,69710.69,980.72904
2026-02-08 08:00:00+00:00,1770537600000,69710.69,70796.99,69514.15,70665.59,1875.5789
2026-02-08 09:00:00+00:00,1770541200000,70665.59,70712.71,70094.71,70107.19,1028.89501
2026-02-08 10:00:00+00:00,1770544800000,70107.2,70449.99,69890.52,70266.41,1062.517
2026-02-08 11:00:00+00:00,1770548400000,70266.41,71220.0,70210.26,70999.98,1342.32428
2026-02-08 12:00:00+00:00,1770552000000,70999.99,71281.74,70707.39,71249.95,791.13826
2026-02-08 13:00:00+00:00,1770555600000,71249.65,71517.27,70956.0,71514.77,1080.90623
2026-02-08 14:00:00+00:00,1770559200000,71514.77,71554.95,71105.0,71262.19,872.42876
2026-02-08 15:00:00+00:00,1770562800000,71262.18,71465.93,70786.18,71188.99,914.74435
2026-02-08 16:00:00+00:00,1770566400000,71188.99,71256.97,70251.33,70416.0,1094.49116
2026-02-08 17:00:00+00:00,1770570000000,70415.99,70871.66,70407.42,70785.99,515.39696
2026-02-08 18:00:00+00:00,1770573600000,70786.0,71418.0,70750.0,71147.25,643.64182
2026-02-08 19:00:00+00:00,1770577200000,71147.24,71538.05,71142.77,71422.97,466.64362
2026-02-08 20:00:00+00:00,1770580800000,71422.96,71427.73,70700.03,70835.17,803.14197
2026-02-08 21:00:00+00:00,1770584400000,70835.17,71136.03,70524.14,70700.0,621.70092
2026-02-08 22:00:00+00:00,1770588000000,70700.01,71100.04,70652.11,71066.09,568.07657
2026-02-08 23:00:00+00:00,1770591600000,71066.09,72271.41,70000.0,70330.38,2834.32509
2026-02-09 00:00:00+00:00,1770595200000,70330.38,70774.4,70123.02,70502.38,961.77536
2026-02-09 01:00:00+00:00,1770598800000,70502.37,70926.4,70068.18,70369.53,1060.82602
2026-02-09 02:00:00+00:00,1770602400000,70369.53,71000.0,70220.12,70629.99,832.82995
2026-02-09 03:00:00+00:00,1770606000000,70629.99,71453.53,70614.07,71307.56,1165.88308
2026-02-09 04:00:00+00:00,1770609600000,71307.56,71359.37,70924.13,71005.01,663.12266
2026-02-09 05:00:00+00:00,1770613200000,71005.01,71112.0,70805.0,71044.51,554.37782
2026-02-09 06:00:00+00:00,1770616800000,71044.51,71044.52,70311.7,70667.95,697.3032
2026-02-09 07:00:00+00:00,1770620400000,70667.96,70902.51,70331.57,70422.59,1015.80172
2026-02-09 08:00:00+00:00,1770624000000,70422.59,70608.83,69393.97,69873.99,1595.15551
2026-02-09 09:00:00+00:00,1770627600000,69873.45,70116.0,69478.63,69630.35,1112.26419
2026-02-09 10:00:00+00:00,1770631200000,69630.35,69730.38,68420.58,68727.88,2052.69575
2026-02-09 11:00:00+00:00,1770634800000,68727.88,69022.89,68573.31,68928.72,1348.78221
2026-02-09 12:00:00+00:00,1770638400000,68928.71,69262.91,68857.97,69147.01,1009.44887
2026-02-09 13:00:00+00:00,1770642000000,69147.02,69299.99,68586.48,68594.57,1029.85836
2026-02-09 14:00:00+00:00,1770645600000,68594.56,69755.59,68308.0,69272.0,2516.24849
2026-02-09 15:00:00+00:00,1770649200000,69271.99,69884.82,68780.0,69563.37,2308.23216
2026-02-09 16:00:00+00:00,1770652800000,69563.37,70428.48,69100.0,70093.01,1734.77412
2026-02-09 17:00:00+00:00,1770656400000,70093.0,71000.0,69870.65,70612.29,2206.43168
2026-02-09 18:00:00+00:00,1770660000000,70612.29,71012.0,70088.88,70418.68,1419.6332
2026-02-09 19:00:00+00:00,1770663600000,70418.67,71075.31,70260.0,70957.01,878.36448
2026-02-09 20:00:00+00:00,1770667200000,70957.01,71126.0,70500.0,70738.71,948.93614
2026-02-09 21:00:00+00:00,1770670800000,70738.71,70807.75,69823.52,70400.0,1102.83201
2026-02-09 22:00:00+00:00,1770674400000,70400.01,70719.7,70271.13,70372.96,530.94981
2026-02-09 23:00:00+00:00,1770678000000,70372.96,70572.84,70083.45,70138.0,406.20163
2026-02-10 00:00:00+00:00,1770681600000,70138.0,70255.36,69743.8,69827.33,569.13678
2026-02-10 01:00:00+00:00,1770685200000,69827.34,70527.59,69827.34,70486.82,544.68673
2026-02-10 02:00:00+00:00,1770688800000,70486.82,70486.82,69982.27,70102.89,444.00707
2026-02-10 03:00:00+00:00,1770692400000,70102.9,70166.22,69208.61,69511.83,911.79715
2026-02-10 04:00:00+00:00,1770696000000,69511.83,69906.5,69469.58,69831.62,489.42781
2026-02-10 05:00:00+00:00,1770699600000,69831.62,69864.0,69210.76,69447.64,565.92441
2026-02-10 06:00:00+00:00,1770703200000,69447.63,69499.9,68682.0,68921.35,1241.02042
2026-02-10 07:00:00+00:00,1770706800000,68921.36,69218.64,68852.43,68919.66,837.11514
2026-02-10 08:00:00+00:00,1770710400000,68919.66,69226.16,68725.81,69142.0,730.03493
2026-02-10 09:00:00+00:00,1770714000000,69141.99,69417.7,68950.0,69151.5,1044.9818
2026-02-10 10:00:00+00:00,1770717600000,69151.5,69258.52,68921.64,68921.68,686.30742
2026-02-10 11:00:00+00:00,1770721200000,68921.68,69085.79,68459.89,68535.01,1128.13956
2026-02-10 12:00:00+00:00,1770724800000,68535.02,68855.35,68434.0,68610.12,821.53118
2026-02-10 13:00:00+00:00,1770728400000,68610.11,69143.6,68370.23,69027.95,992.44284
2026-02-10 14:00:00+00:00,1770732000000,69027.94,69591.2,67800.0,68460.4,2352.751
2026-02-10 15:00:00+00:00,1770735600000,68460.4,69519.72,68300.9,69293.37,1676.38862
2026-02-10 16:00:00+00:00,1770739200000,69293.37,69810.35,68945.23,69517.71,1394.08093
2026-02-10 17:00:00+00:00,1770742800000,69517.71,69993.65,69309.35,69925.31,899.7843
2026-02-10 18:00:00+00:00,1770746400000,69925.31,69943.44,68604.63,68894.36,897.73226
2026-02-10 19:00:00+00:00,1770750000000,68894.36,69303.99,68690.32,69062.01,805.90106
2026-02-10 20:00:00+00:00,1770753600000,69062.0,69136.91,68629.47,68753.7,425.90627
2026-02-10 21:00:00+00:00,1770757200000,68753.69,69005.45,68362.0,68656.21,402.88764
2026-02-10 22:00:00+00:00,1770760800000,68656.22,68860.4,68566.8,68707.18,289.48213
2026-02-10 23:00:00+00:00,1770764400000,68707.18,68860.09,68506.2,68841.29,222.30327
2026-02-11 00:00:00+00:00,1770768000000,68841.28,69244.45,68784.47,69201.14,437.64105
2026-02-11 01:00:00+00:00,1770771600000,69201.14,69292.88,68914.73,68982.0,303.52695
2026-02-11 02:00:00+00:00,1770775200000,68982.0,69168.52,68603.4,68677.33,398.35346
2026-02-11 03:00:00+00:00,1770778800000,68677.34,68751.91,68011.11,68187.99,778.71298
2026-02-11 04:00:00+00:00,1770782400000,68188.0,68325.0,67368.0,67584.46,1295.18481
2026-02-11 05:00:00+00:00,1770786000000,67584.47,67810.0,67397.86,67404.28,744.08532
2026-02-11 06:00:00+00:00,1770789600000,67404.28,67491.84,66557.99,66820.32,1841.79675
2026-02-11 07:00:00+00:00,1770793200000,66819.84,67254.6,66652.27,67032.72,1293.95919
2026-02-11 08:00:00+00:00,1770796800000,67032.71,67134.42,66793.93,66981.07,871.78483
2026-02-11 09:00:00+00:00,1770800400000,66981.08,67110.04,66716.02,66872.03,712.9704
2026-02-11 10:00:00+00:00,1770804000000,66872.03,66891.64,66369.49,66531.99,1318.02907
2026-02-11 11:00:00+00:00,1770807600000,66531.99,67110.77,66500.84,67053.03,1011.30301
2026-02-11 12:00:00+00:00,1770811200000,67053.03,67424.24,66959.67,67133.5,1251.20611
2026-02-11 13:00:00+00:00,1770814800000,67133.51,67674.3,66799.58,67454.49,1973.91228
2026-02-11 14:00:00+00:00,1770818400000,67454.49,68834.34,66435.62,66584.6,3127.14059
2026-02-11 15:00:00+00:00,1770822000000,66584.61,66818.18,65756.0,66519.73,2796.32516
2026-02-11 16:00:00+00:00,1770825600000,66519.72,67250.0,65952.0,66039.09,1746.45856
2026-02-11 17:00:00+00:00,1770829200000,66039.08,66921.12,65876.0,66518.26,1110.21085
2026-02-11 18:00:00+00:00,1770832800000,66518.26,67305.28,66150.66,67275.34,935.25515
2026-02-11 19:00:00+00:00,1770836400000,67275.34,67860.44,67105.79,67586.67,1212.94694
2026-02-11 20:00:00+00:00,1770840000000,67586.66,67757.7,67190.0,67555.98,514.2706
2026-02-11 21:00:00+00:00,1770843600000,67555.98,68369.77,67417.04,67811.17,1823.53852
2026-02-11 22:00:00+00:00,1770847200000,67810.2,67872.68,67387.24,67433.14,541.63723
2026-02-11 23:00:00+00:00,1770850800000,67433.54,67563.77,66787.7,67082.52,677.99621
2026-02-12 00:00:00+00:00,1770854400000,67082.52,67700.0,67055.53,67460.75,581.7604
2026-02-12 01:00:00+00:00,1770858000000,67460.75,68047.48,67460.75,67699.01,549.26066
2026-02-12 02:00:00+00:00,1770861600000,67699.01,67800.0,67418.0,67439.14,554.16819
2026-02-12 03:00:00+00:00,1770865200000,67439.14,67596.0,67306.61,67580.99,415.78114
2026-02-12 04:00:00+00:00,1770868800000,67581.0,67682.69,67000.0,67018.4,588.3789
2026-02-12 05:00:00+00:00,1770872400000,67018.4,67209.99,66670.45,67141.93,683.92376
2026-02-12 06:00:00+00:00,1770876000000,67141.92,67355.93,67014.0,67125.57,830.7495
2026-02-12 07:00:00+00:00,1770879600000,67125.57,67330.0,66935.64,67217.72,607.54971
2026-02-12 08:00:00+00:00,1770883200000,67217.71,67344.0,66891.6,67141.15,783.02638
2026-02-12 09:00:00+00:00,1770886800000,67141.15,67699.1,67050.0,67550.47,644.02356
2026-02-12 10:00:00+00:00,1770890400000,67550.46,68026.6,67404.02,68014.01,843.40689
2026-02-12 11:00:00+00:00,1770894000000,68014.0,68299.0,67740.0,68076.01,1397.59947
2026-02-12 12:00:00+00:00,1770897600000,68076.01,68162.02,67720.0,67865.31,829.25823
2026-02-12 13:00:00+00:00,1770901200000,67865.32,68397.5,67680.82,68376.58,960.32991
2026-02-12 14:00:00+00:00,1770904800000,68376.58,68410.52,67493.78,67577.02,1431.75163
2026-02-12 15:00:00+00:00,1770908400000,67577.02,68000.0,67014.98,67134.74,1602.90239
2026-02-12 16:00:00+00:00,1770912000000,67134.74,67232.04,65556.0,65863.37,3193.11571
2026-02-12 17:00:00+00:00,1770915600000,65863.38,66265.06,65374.56,65413.99,2100.56023
2026-02-12 18:00:00+00:00,1770919200000,65414.0,65800.0,65118.0,65590.95,1612.17039
2026-02-12 19:00:00+00:00,1770922800000,65590.95,66117.51,65274.4,65788.36,1027.63649
2026-02-12 20:00:00+00:00,1770926400000,65788.36,66042.24,65215.06,65428.56,894.16583
2026-02-12 21:00:00+00:00,1770930000000,65428.24,65900.0,65428.24,65849.87,590.26423
2026-02-12 22:00:00+00:00,1770933600000,65849.86,66399.94,65643.34,66288.0,642.82133
2026-02-12 23:00:00+00:00,1770937200000,66288.01,66488.9,66156.47,66272.17,907.1379
2026-02-13 00:00:00+00:00,1770940800000,66272.17,66527.09,65872.46,65918.6,765.38996
2026-02-13 01:00:00+00:00,1770944400000,65918.61,66619.9,65918.61,66454.95,771.58544
2026-02-13 02:00:00+00:00,1770948000000,66454.95,66759.61,66384.0,66663.08,476.45341
2026-02-13 03:00:00+00:00,1770951600000,66663.08,66814.0,66462.4,66553.08,569.96335
2026-02-13 04:00:00+00:00,1770955200000,66553.09,66671.62,66308.48,66329.22,462.15015
2026-02-13 05:00:00+00:00,1770958800000,66329.22,66502.27,66175.79,66175.79,484.2505
2026-02-13 06:00:00+00:00,1770962400000,66175.79,66397.86,66002.98,66359.28,613.96613
2026-02-13 07:00:00+00:00,1770966000000,66359.28,66568.47,66050.21,66208.96,868.05316
2026-02-13 08:00:00+00:00,1770969600000,66208.96,66747.38,66191.52,66699.96,603.02656
2026-02-13 09:00:00+00:00,1770973200000,66699.96,67062.93,66612.86,66959.71,592.93469
2026-02-13 10:00:00+00:00,1770976800000,66959.72,67116.0,66800.0,66977.66,516.91289
2026-02-13 11:00:00+00:00,1770980400000,66977.66,67226.66,66783.38,67171.42,488.71065
2026-02-13 12:00:00+00:00,1770984000000,67171.41,67212.28,66918.38,67084.0,405.35988
2026-02-13 13:00:00+00:00,1770987600000,67084.01,67615.34,66938.0,67274.15,1624.06539
2026-02-13 14:00:00+00:00,1770991200000,67274.14,68028.45,66867.47,67733.51,1724.03844
2026-02-13 15:00:00+00:00,1770994800000,67733.51,69309.8,67692.0,68692.12,3133.0872
2026-02-13 16:00:00+00:00,1770998400000,68692.12,69482.97,68540.83,68954.69,1775.68698
2026-02-13 17:00:00+00:00,1771002000000,68954.69,69250.25,68636.36,69047.99,921.29676
2026-02-13 18:00:00+00:00,1771005600000,69048.0,69411.44,68903.27,69129.99,1063.59333
2026-02-13 19:00:00+00:00,1771009200000,69129.99,69236.33,68918.79,68938.91,560.0454
2026-02-13 20:00:00+00:00,1771012800000,68938.91,68973.35,68683.32,68777.12,555.3285
2026-02-13 21:00:00+00:00,1771016400000,68777.13,69079.4,68731.75,68902.48,463.4195
2026-02-13 22:00:00+00:00,1771020000000,68902.48,69000.0,68726.4,68995.28,544.04056
2026-02-13 23:00:00+00:00,1771023600000,68995.29,69000.0,68829.2,68853.96,261.19072
2026-02-14 00:00:00+00:00,1771027200000,68853.97,69137.5,68768.56,69090.24,447.10398
2026-02-14 01:00:00+00:00,1771030800000,69090.25,69108.8,68921.54,68964.51,344.69001
2026-02-14 02:00:00+00:00,1771034400000,68964.51,69006.34,68845.6,68884.21,261.74234
2026-02-14 03:00:00+00:00,1771038000000,68884.21,69027.14,68852.0,68981.99,238.3937
2026-02-14 04:00:00+00:00,1771041600000,68982.0,68995.11,68789.59,68790.0,489.78591
2026-02-14 05:00:00+00:00,1771045200000,68790.01,68910.0,68760.0,68773.42,308.2603
2026-02-14 06:00:00+00:00,1771048800000,68773.41,68936.98,68730.13,68936.98,470.43757
2026-02-14 07:00:00+00:00,1771052400000,68936.98,69343.0,68884.56,69219.26,919.89001
2026-02-14 08:00:00+00:00,1771056000000,69219.27,69870.99,69218.71,69746.2,1347.80343
2026-02-14 09:00:00+00:00,1771059600000,69746.2,69900.0,69566.78,69714.93,555.36385
2026-02-14 10:00:00+00:00,1771063200000,69714.94,69714.94,69585.15,69671.86,257.25533
2026-02-14 11:00:00+00:00,1771066800000,69671.86,70560.01,69671.86,70505.74,1370.55448
2026-02-14 12:00:00+00:00,1771070400000,70505.74,70533.67,69600.0,69640.2,1278.19574
2026-02-14 13:00:00+00:00,1771074000000,69640.2,69771.91,69064.6,69460.0,3393.7597
2026-02-14 14:00:00+00:00,1771077600000,69460.0,69856.7,69208.09,69701.66,1680.0126
2026-02-14 15:00:00+00:00,1771081200000,69701.66,70048.39,69560.0,69778.28,751.6532
2026-02-14 16:00:00+00:00,1771084800000,69778.28,69815.0,69283.02,69755.1,1006.67903
2026-02-14 17:00:00+00:00,1771088400000,69755.1,69930.9,69609.0,69739.38,685.87401
2026-02-14 18:00:00+00:00,1771092000000,69739.38,69856.7,69672.55,69772.31,270.42048
2026-02-14 19:00:00+00:00,1771095600000,69772.3,69920.6,69619.52,69873.99,332.30706
2026-02-14 20:00:00+00:00,1771099200000,69873.99,70028.59,69732.75,70023.09,434.13483
2026-02-14 21:00:00+00:00,1771102800000,70023.1,70250.46,69668.05,69935.86,640.89584
2026-02-14 22:00:00+00:00,1771106400000,69935.86,70100.0,69781.0,69959.75,292.90739
2026-02-14 23:00:00+00:00,1771110000000,69959.74,70020.0,69723.18,69822.95,336.66314
2026-02-15 00:00:00+00:00,1771113600000,69822.94,69864.74,69600.0,69777.07,292.27775
2026-02-15 01:00:00+00:00,1771117200000,69777.06,69902.7,69350.0,69717.65,400.20039
2026-02-15 02:00:00+00:00,1771120800000,69717.65,69753.9,69341.27,69480.01,375.21945
2026-02-15 03:00:00+00:00,1771124400000,69480.0,69990.02,69251.5,69954.5,697.2437
2026-02-15 04:00:00+00:00,1771128000000,69954.5,70518.57,69459.35,70183.99,2275.16813
2026-02-15 05:00:00+00:00,1771131600000,70184.0,70472.43,70132.54,70267.61,540.45783
2026-02-15 06:00:00+00:00,1771135200000,70267.6,70540.99,70184.09,70405.12,505.71551
2026-02-15 07:00:00+00:00,1771138800000,70405.12,70926.42,70307.11,70828.42,1425.80275
2026-02-15 08:00:00+00:00,1771142400000,70828.43,70983.0,70182.31,70446.52,898.37828
2026-02-15 09:00:00+00:00,1771146000000,70446.52,70668.0,70370.3,70419.11,334.99126
2026-02-15 10:00:00+00:00,1771149600000,70419.12,70523.94,70208.16,70427.02,382.24903
2026-02-15 11:00:00+00:00,1771153200000,70427.02,70543.14,70267.6,70295.22,457.63561
2026-02-15 12:00:00+00:00,1771156800000,70295.22,70418.48,69309.87,69314.21,1027.34588
2026-02-15 13:00:00+00:00,1771160400000,69314.22,69620.06,68772.2,68930.0,1749.29694
2026-02-15 14:00:00+00:00,1771164000000,68930.0,69219.71,68845.72,69170.51,629.32577
2026-02-15 15:00:00+00:00,1771167600000,69170.51,69255.6,68888.0,69099.99,446.59665
2026-02-15 16:00:00+00:00,1771171200000,69100.0,69100.0,68658.0,69017.75,1442.09011
2026-02-15 17:00:00+00:00,1771174800000,69017.76,69085.22,68203.6,68641.21,1194.71218
2026-02-15 18:00:00+00:00,1771178400000,68641.21,68800.0,68274.31,68451.44,2695.36643
2026-02-15 19:00:00+00:00,1771182000000,68451.45,68560.84,68000.0,68286.63,2807.35363
2026-02-15 20:00:00+00:00,1771185600000,68286.64,68560.22,68120.0,68450.0,399.94279
2026-02-15 21:00:00+00:00,1771189200000,68450.0,68950.16,68450.0,68852.01,407.5596
2026-02-15 22:00:00+00:00,1771192800000,68852.01,69078.49,68801.06,68999.96,384.07496
2026-02-15 23:00:00+00:00,1771196400000,68999.96,68999.96,68319.64,68832.58,521.04745
2026-02-16 00:00:00+00:00,1771200000000,68832.59,69065.5,68700.0,68845.81,349.86984
2026-02-16 01:00:00+00:00,1771203600000,68845.81,69041.97,68454.54,68630.81,270.08273
2026-02-16 02:00:00+00:00,1771207200000,68630.81,68734.0,68243.68,68320.48,683.734
2026-02-16 03:00:00+00:00,1771210800000,68320.49,68463.96,68143.22,68424.82,453.41167
2026-02-16 04:00:00+00:00,1771214400000,68424.82,68894.52,68417.17,68870.07,465.20741
2026-02-16 05:00:00+00:00,1771218000000,68870.07,68900.0,68293.28,68385.29,353.88428
2026-02-16 06:00:00+00:00,1771221600000,68385.29,68527.8,68228.76,68450.8,240.56615
2026-02-16 07:00:00+00:00,1771225200000,68450.8,68672.59,68380.0,68587.9,362.20306
2026-02-16 08:00:00+00:00,1771228800000,68587.89,68798.7,68542.63,68762.85,301.81895
2026-02-16 09:00:00+00:00,1771232400000,68762.86,69060.77,68748.02,68992.71,453.08481
2026-02-16 10:00:00+00:00,1771236000000,68992.7,68992.71,68690.85,68798.22,358.68374
2026-02-16 11:00:00+00:00,1771239600000,68798.21,68918.22,68338.9,68812.83,495.50759
2026-02-16 12:00:00+00:00,1771243200000,68812.84,69848.48,68807.54,69763.24,1602.28029
2026-02-16 13:00:00+00:00,1771246800000,69763.24,70126.67,68225.0,68395.1,1720.62066
2026-02-16 14:00:00+00:00,1771250400000,68395.11,68718.3,68260.39,68427.64,1092.6004
2026-02-16 15:00:00+00:00,1771254000000,68427.64,68607.22,67294.11,67539.52,2148.07022
2026-02-16 16:00:00+00:00,1771257600000,67539.53,67974.86,67513.94,67888.7,895.58119
2026-02-16 17:00:00+00:00,1771261200000,67888.7,68074.12,67600.93,67951.86,501.76328
2026-02-16 18:00:00+00:00,1771264800000,67951.85,68245.34,67830.82,67860.13,606.24788
2026-02-16 19:00:00+00:00,1771268400000,67860.13,68130.0,67824.91,67913.43,262.97624
2026-02-16 20:00:00+00:00,1771272000000,67913.44,68549.14,67827.11,68530.0,457.58536
2026-02-16 21:00:00+00:00,1771275600000,68530.0,68933.85,68427.18,68862.88,534.27425
2026-02-16 22:00:00+00:00,1771279200000,68862.89,68890.0,68509.07,68591.02,556.75779
2026-02-16 23:00:00+00:00,1771282800000,68591.01,68978.88,68538.57,68892.43,348.95355
2026-02-17 00:00:00+00:00,1771286400000,68892.43,69042.74,68704.36,68878.27,476.69143
2026-02-17 01:00:00+00:00,1771290000000,68878.27,68996.67,68563.16,68618.11,499.89142
2026-02-17 02:00:00+00:00,1771293600000,68618.12,69241.5,68387.2,68838.48,625.65656
2026-02-17 03:00:00+00:00,1771297200000,68838.48,68860.68,68470.0,68474.9,367.85689
2026-02-17 04:00:00+00:00,1771300800000,68474.9,68707.49,68288.0,68481.67,329.69022
2026-02-17 05:00:00+00:00,1771304400000,68481.68,68510.76,67892.0,68245.71,633.07748
2026-02-17 06:00:00+00:00,1771308000000,68245.71,68519.99,68242.49,68400.0,230.38739
2026-02-17 07:00:00+00:00,1771311600000,68400.01,68480.0,68165.02,68388.12,314.74756
2026-02-17 08:00:00+00:00,1771315200000,68388.12,68479.17,68130.78,68177.53,285.96667
2026-02-17 09:00:00+00:00,1771318800000,68177.53,68308.37,67992.03,68126.28,404.18575
2026-02-17 10:00:00+00:00,1771322400000,68126.29,68194.46,67704.96,67845.3,504.39951
2026-02-17 11:00:00+00:00,1771326000000,67845.3,67935.73,67690.0,67854.6,507.67784
2026-02-17 12:00:00+00:00,1771329600000,67854.6,68299.4,67827.52,67919.49,607.94036
2026-02-17 13:00:00+00:00,1771333200000,67919.49,68360.5,67734.36,68136.34,716.87733
2026-02-17 14:00:00+00:00,1771336800000,68136.35,68337.6,66734.3,66875.06,2328.63639
2026-02-17 15:00:00+00:00,1771340400000,66875.06,67409.99,66621.06,67392.05,2309.0413
2026-02-17 16:00:00+00:00,1771344000000,67392.06,68158.1,67317.6,67517.36,1448.76651
2026-02-17 17:00:00+00:00,1771347600000,67517.36,67714.28,66881.08,67244.22,1144.38591
2026-02-17 18:00:00+00:00,1771351200000,67244.22,68227.41,67127.86,68098.62,824.93415
2026-02-17 19:00:00+00:00,1771354800000,68098.63,68235.39,67695.45,67793.32,785.88027
2026-02-17 20:00:00+00:00,1771358400000,67793.32,67928.08,67484.16,67753.3,471.88623
2026-02-17 21:00:00+00:00,1771362000000,67753.3,67926.29,67538.0,67680.54,253.25027
2026-02-17 22:00:00+00:00,1771365600000,67680.55,67788.42,67513.42,67527.72,176.97341
2026-02-17 23:00:00+00:00,1771369200000,67527.72,67617.46,67394.0,67503.52,240.26836
2026-02-18 00:00:00+00:00,1771372800000,67503.52,67627.97,67290.3,67302.65,186.99827
2026-02-18 01:00:00+00:00,1771376400000,67302.65,67378.26,66892.03,67165.2,545.6883
2026-02-18 02:00:00+00:00,1771380000000,67165.21,67421.99,67153.36,67335.04,250.64041
2026-02-18 03:00:00+00:00,1771383600000,67335.04,67705.65,67326.98,67629.11,243.56061
2026-02-18 04:00:00+00:00,1771387200000,67629.1,67900.0,67500.1,67823.54,328.68469
2026-02-18 05:00:00+00:00,1771390800000,67823.55,67938.0,67606.45,67654.8,311.88419
2026-02-18 06:00:00+00:00,1771394400000,67654.81,67976.51,67614.91,67850.52,264.75627
2026-02-18 07:00:00+00:00,1771398000000,67850.53,68219.81,67702.7,68106.44,528.49446
2026-02-18 08:00:00+00:00,1771401600000,68106.44,68476.22,68071.58,68132.82,532.69792
2026-02-18 09:00:00+00:00,1771405200000,68132.83,68276.0,68010.11,68157.79,339.37122
2026-02-18 10:00:00+00:00,1771408800000,68157.8,68184.41,67731.95,67801.26,395.11187
2026-02-18 11:00:00+00:00,1771412400000,67801.26,67805.08,67076.9,67369.75,654.97357
2026-02-18 12:00:00+00:00,1771416000000,67369.75,67689.76,67345.0,67458.06,459.50762
2026-02-18 13:00:00+00:00,1771419600000,67458.06,67599.7,67051.81,67236.88,549.44565
2026-02-18 14:00:00+00:00,1771423200000,67236.89,67362.26,66717.3,67223.76,1553.71672
2026-02-18 15:00:00+00:00,1771426800000,67223.77,68347.72,67192.25,67694.01,1767.46696
2026-02-18 16:00:00+00:00,1771430400000,67694.01,67706.94,66994.23,67145.34,1029.31402
2026-02-18 17:00:00+00:00,1771434000000,67145.35,67486.97,67057.13,67187.39,676.97648
2026-02-18 18:00:00+00:00,1771437600000,67187.4,67229.76,66200.0,66359.99,1304.49131
2026-02-18 19:00:00+00:00,1771441200000,66360.0,66619.0,65870.0,66177.14,1301.14212
2026-02-18 20:00:00+00:00,1771444800000,66177.15,66550.0,66141.9,66268.39,682.91387
2026-02-18 21:00:00+00:00,1771448400000,66268.4,66504.2,66053.6,66342.76,909.37392
2026-02-18 22:00:00+00:00,1771452000000,66342.76,66477.7,66232.02,66408.82,352.09134
2026-02-18 23:00:00+00:00,1771455600000,66408.83,66502.49,66275.71,66461.0,323.1366
2026-02-19 00:00:00+00:00,1771459200000,66461.0,66597.03,66345.0,66446.49,297.42224
2026-02-19 01:00:00+00:00,1771462800000,66446.49,66884.16,66446.48,66866.62,415.14671
2026-02-19 02:00:00+00:00,1771466400000,66866.63,66958.9,66639.99,66835.2,362.58869
2026-02-19 03:00:00+00:00,1771470000000,66835.2,66997.07,66727.27,66980.91,262.07528
2026-02-19 04:00:00+00:00,1771473600000,66980.91,67070.56,66759.0,66802.75,389.01702
2026-02-19 05:00:00+00:00,1771477200000,66802.74,66893.06,66679.76,66871.35,253.79395
2026-02-19 06:00:00+00:00,1771480800000,66871.34,67290.4,66865.43,67150.12,468.59633
2026-02-19 07:00:00+00:00,1771484400000,67150.12,67320.0,67028.7,67206.45,481.75258
2026-02-19 08:00:00+00:00,1771488000000,67206.45,67206.45,66785.56,66966.12,559.76369
2026-02-19 09:00:00+00:00,1771491600000,66966.12,67191.83,66754.23,66836.0,463.29328
2026-02-19 10:00:00+00:00,1771495200000,66836.01,66958.4,66741.77,66843.08,368.25421
2026-02-19 11:00:00+00:00,1771498800000,66843.08,66936.42,66478.02,66496.02,488.02461
2026-02-19 12:00:00+00:00,1771502400000,66496.03,66680.7,66325.34,66516.67,484.41025
2026-02-19 13:00:00+00:00,1771506000000,66516.67,66556.59,65763.0,65913.37,1377.50527
2026-02-19 14:00:00+00:00,1771509600000,65913.38,66662.3,65631.83,66421.2,1506.37269
2026-02-19 15:00:00+00:00,1771513200000,66421.2,66755.39,65966.0,66398.0,1083.30553
2026-02-19 16:00:00+00:00,1771516800000,66398.01,66514.95,65899.25,66293.53,940.96239
2026-02-19 17:00:00+00:00,1771520400000,66293.53,67049.99,66173.15,66369.42,899.04062
2026-02-19 18:00:00+00:00,1771524000000,66369.42,67073.13,66228.49,67030.49,865.51701
2026-02-19 19:00:00+00:00,1771527600000,67030.5,67198.1,66700.0,67050.0,706.47789
2026-02-19 20:00:00+00:00,1771531200000,67050.0,67166.98,66823.03,67149.11,444.88336
2026-02-19 21:00:00+00:00,1771534800000,67149.11,67168.86,66900.92,66916.51,265.40447
2026-02-19 22:00:00+00:00,1771538400000,66916.51,67000.0,66652.34,66915.14,854.02212
2026-02-19 23:00:00+00:00,1771542000000,66915.15,67023.61,66814.76,67003.73,304.63969
2026-02-20 00:00:00+00:00,1771545600000,67003.73,67486.62,66949.41,67228.91,595.00262
2026-02-20 01:00:00+00:00,1771549200000,67228.91,67355.79,67150.0,67279.9,313.31598
2026-02-20 02:00:00+00:00,1771552800000,67279.91,67347.76,67181.28,67242.03,232.09759
2026-02-20 03:00:00+00:00,1771556400000,67242.03,67488.67,67241.24,67366.25,332.50492
2026-02-20 04:00:00+00:00,1771560000000,67366.25,67402.23,67115.38,67264.83,362.39174
2026-02-20 05:00:00+00:00,1771563600000,67264.83,68006.0,67203.19,67790.1,1107.38598
2026-02-20 06:00:00+00:00,1771567200000,67790.11,67894.2,67660.12,67847.47,482.66553
2026-02-20 07:00:00+00:00,1771570800000,67847.47,67990.0,67767.4,67825.91,459.03505
2026-02-20 08:00:00+00:00,1771574400000,67825.91,67950.85,67747.33,67879.99,290.00035
2026-02-20 09:00:00+00:00,1771578000000,67879.99,68230.01,67879.99,68218.85,996.7879
2026-02-20 10:00:00+00:00,1771581600000,68218.85,68318.39,67843.42,67948.99,638.74258
2026-02-20 11:00:00+00:00,1771585200000,67948.99,67983.91,67280.6,67318.41,1489.10389
2026-02-20 12:00:00+00:00,1771588800000,67318.41,67594.0,67276.41,67541.77,603.15784
2026-02-20 13:00:00+00:00,1771592400000,67541.78,67541.78,66280.2,66801.62,7078.59491
2026-02-20 14:00:00+00:00,1771596000000,66801.62,67317.5,66532.87,67069.65,5263.48808
2026-02-20 15:00:00+00:00,1771599600000,67069.65,68083.98,66536.64,67582.95,3143.21056
2026-02-20 16:00:00+00:00,1771603200000,67582.95,67921.7,67283.24,67795.47,1312.90303
2026-02-20 17:00:00+00:00,1771606800000,67795.48,67795.48,66952.11,67613.37,6085.1555
2026-02-20 18:00:00+00:00,1771610400000,67613.38,68000.0,67466.11,67924.21,1321.6326
2026-02-20 19:00:00+00:00,1771614000000,67924.22,68000.0,67548.85,67646.03,854.45567
2026-02-20 20:00:00+00:00,1771617600000,67646.03,67885.55,67520.3,67750.4,685.93834
2026-02-20 21:00:00+00:00,1771621200000,67750.4,67840.0,67639.29,67825.87,451.92527
2026-02-20 22:00:00+00:00,1771624800000,67825.87,68116.6,67639.31,68078.13,669.63597
2026-02-20 23:00:00+00:00,1771628400000,68078.13,68233.99,67914.0,68020.01,582.73901
2026-02-21 00:00:00+00:00,1771632000000,68020.0,68051.16,67787.19,67841.0,537.54494
2026-02-21 01:00:00+00:00,1771635600000,67841.0,68005.99,67841.0,67951.24,250.62697
2026-02-21 02:00:00+00:00,1771639200000,67951.25,68099.54,67913.3,68001.05,224.56497
2026-02-21 03:00:00+00:00,1771642800000,68001.04,68001.04,67534.69,67667.77,569.35853
2026-02-21 04:00:00+00:00,1771646400000,67667.77,67846.88,67593.99,67816.97,228.62441
2026-02-21 05:00:00+00:00,1771650000000,67816.98,67888.4,67799.7,67851.93,141.24714
2026-02-21 06:00:00+00:00,1771653600000,67851.93,67924.39,67750.96,67793.38,228.15051
2026-02-21 07:00:00+00:00,1771657200000,67793.39,67884.74,67749.59,67856.01,118.21011
2026-02-21 08:00:00+00:00,1771660800000,67856.01,68079.41,67807.3,68055.03,293.16321
2026-02-21 09:00:00+00:00,1771664400000,68055.04,68314.54,67978.9,68147.53,599.79254
2026-02-21 10:00:00+00:00,1771668000000,68147.54,68250.0,68139.65,68215.54,212.21766
2026-02-21 11:00:00+00:00,1771671600000,68215.55,68283.34,68084.0,68092.45,279.32431
2026-02-21 12:00:00+00:00,1771675200000,68092.45,68218.2,67915.0,68203.42,307.88407
2026-02-21 13:00:00+00:00,1771678800000,68203.42,68260.0,68106.89,68259.99,202.25945
2026-02-21 14:00:00+00:00,1771682400000,68259.99,68644.0,68180.53,68450.01,880.51744
2026-02-21 15:00:00+00:00,1771686000000,68450.01,68698.7,68417.0,68615.0,427.6444
2026-02-21 16:00:00+00:00,1771689600000,68615.01,68630.76,68101.78,68322.6,658.4992
2026-02-21 17:00:00+00:00,1771693200000,68322.61,68474.01,68200.0,68437.45,212.23015
2026-02-21 18:00:00+00:00,1771696800000,68437.45,68644.0,68383.08,68574.0,320.28262
2026-02-21 19:00:00+00:00,1771700400000,68573.99,68658.5,68526.81,68543.51,219.15242
2026-02-21 20:00:00+00:00,1771704000000,68543.51,68605.63,68190.0,68211.19,369.37236
2026-02-21 21:00:00+00:00,1771707600000,68211.19,68390.93,68183.1,68379.95,170.62817
2026-02-21 22:00:00+00:00,1771711200000,68379.95,68437.56,67900.0,67972.0,378.72918
2026-02-21 23:00:00+00:00,1771714800000,67972.0,68124.54,67941.02,67975.93,202.81655
2026-02-22 00:00:00+00:00,1771718400000,67975.93,68060.4,67809.78,67946.0,294.60551
2026-02-22 01:00:00+00:00,1771722000000,67946.0,68171.46,67945.99,68159.31,265.09117
2026-02-22 02:00:00+00:00,1771725600000,68159.32,68222.16,67872.76,67909.68,289.41881
2026-02-22 03:00:00+00:00,1771729200000,67909.67,68062.03,67824.9,68041.43,265.36653
2026-02-22 04:00:00+00:00,1771732800000,68041.42,68086.0,67966.52,67983.5,199.56269
2026-02-22 05:00:00+00:00,1771736400000,67983.5,68011.75,67881.81,67977.52,154.76424
2026-02-22 06:00:00+00:00,1771740000000,67977.52,68178.79,67972.89,68038.13,303.09242
2026-02-22 07:00:00+00:00,1771743600000,68038.14,68095.57,67990.5,68005.3,266.37265
2026-02-22 08:00:00+00:00,1771747200000,68005.3,68019.46,67912.02,67950.1,183.6609
2026-02-22 09:00:00+00:00,1771750800000,67950.11,68101.46,67948.74,68053.32,173.06503
2026-02-22 10:00:00+00:00,1771754400000,68053.33,68153.2,68012.78,68129.56,204.92643
2026-02-22 11:00:00+00:00,1771758000000,68129.57,68245.0,68129.56,68219.97,171.48901
2026-02-22 12:00:00+00:00,1771761600000,68219.97,68232.4,67871.59,67928.22,372.42816
2026-02-22 13:00:00+00:00,1771765200000,67928.23,68040.8,67571.08,67652.38,679.59468
2026-02-22 14:00:00+00:00,1771768800000,67652.38,67682.47,67353.75,67443.89,825.57077
2026-02-22 15:00:00+00:00,1771772400000,67443.89,67813.2,67303.5,67684.14,653.6397
2026-02-22 16:00:00+00:00,1771776000000,67684.15,67718.13,67513.83,67632.76,299.2772
2026-02-22 17:00:00+00:00,1771779600000,67632.76,67635.22,67190.0,67384.49,691.10182
2026-02-22 18:00:00+00:00,1771783200000,67384.48,67461.41,67313.54,67422.62,362.52705
2026-02-22 19:00:00+00:00,1771786800000,67422.63,67488.7,67403.37,67428.32,222.75597
2026-02-22 20:00:00+00:00,1771790400000,67428.32,67491.96,67350.0,67401.74,272.50364
2026-02-22 21:00:00+00:00,1771794000000,67401.74,67643.94,67401.74,67612.66,235.86316
2026-02-22 22:00:00+00:00,1771797600000,67612.66,67751.44,67485.34,67666.16,369.66378
2026-02-22 23:00:00+00:00,1771801200000,67666.16,67730.98,67469.58,67643.4,418.79352
2026-02-23 00:00:00+00:00,1771804800000,67643.39,67684.86,66715.01,66740.47,765.22691
2026-02-23 01:00:00+00:00,1771808400000,66740.47,66740.47,64290.71,64427.65,7324.06208
2026-02-23 02:00:00+00:00,1771812000000,64427.64,64916.85,64325.98,64783.56,1843.2569
2026-02-23 03:00:00+00:00,1771815600000,64783.56,65079.79,64700.0,64934.17,1090.11911
2026-02-23 04:00:00+00:00,1771819200000,64934.18,65040.29,64685.64,64808.31,792.86138
2026-02-23 05:00:00+00:00,1771822800000,64808.31,65294.8,64796.85,65070.9,1215.1894
2026-02-23 06:00:00+00:00,1771826400000,65070.9,65802.09,65033.9,65757.32,1085.08146
2026-02-23 07:00:00+00:00,1771830000000,65757.33,66015.22,65641.55,65958.94,1026.69503
2026-02-23 08:00:00+00:00,1771833600000,65958.94,65958.94,65565.78,65676.44,895.54696
2026-02-23 09:00:00+00:00,1771837200000,65676.44,66456.5,65672.76,66404.91,974.96031
2026-02-23 10:00:00+00:00,1771840800000,66404.92,66600.0,66220.0,66319.69,789.042
2026-02-23 11:00:00+00:00,1771844400000,66319.69,66487.37,66114.22,66207.23,534.45165
2026-02-23 12:00:00+00:00,1771848000000,66207.23,66511.51,65886.51,66280.4,754.07687
2026-02-23 13:00:00+00:00,1771851600000,66280.4,66430.52,66103.35,66132.66,807.41354
2026-02-23 14:00:00+00:00,1771855200000,66132.65,66264.95,65529.73,65923.53,971.74614
2026-02-23 15:00:00+00:00,1771858800000,65923.52,66250.0,65579.53,65660.1,1263.10354
2026-02-23 16:00:00+00:00,1771862400000,65660.1,65724.28,65178.83,65364.65,1502.46383
2026-02-23 17:00:00+00:00,1771866000000,65364.66,65451.01,64152.04,64813.26,2524.7894
2026-02-23 18:00:00+00:00,1771869600000,64813.27,65194.51,64586.0,64635.49,994.68933
2026-02-23 19:00:00+00:00,1771873200000,64635.49,64855.18,64048.71,64295.1,2158.00321
2026-02-23 20:00:00+00:00,1771876800000,64295.11,64487.94,63888.79,64473.14,1313.21455
2026-02-23 21:00:00+00:00,1771880400000,64473.14,64783.54,64459.44,64580.66,593.24685
2026-02-23 22:00:00+00:00,1771884000000,64580.66,65035.98,64555.59,64725.56,1451.85665
2026-02-23 23:00:00+00:00,1771887600000,64725.56,64900.63,64538.9,64656.02,404.81213
2026-02-24 00:00:00+00:00,1771891200000,64656.01,65026.75,64656.01,64941.43,437.59997
2026-02-24 01:00:00+00:00,1771894800000,64941.42,64941.42,63433.84,64160.27,2402.75927
2026-02-24 02:00:00+00:00,1771898400000,64160.26,64500.0,64000.0,64109.81,599.63527
2026-02-24 03:00:00+00:00,1771902000000,64109.8,64109.8,63342.9,63595.51,1312.76931
2026-02-24 04:00:00+00:00,1771905600000,63595.51,63628.52,62868.69,63378.84,2096.9105
2026-02-24 05:00:00+00:00,1771909200000,63378.84,63551.58,62700.8,63104.79,1274.07037
2026-02-24 06:00:00+00:00,1771912800000,63104.79,63322.28,62900.0,63082.79,677.94768
2026-02-24 07:00:00+00:00,1771916400000,63082.79,63367.2,62866.42,63192.96,890.96125
2026-02-24 08:00:00+00:00,1771920000000,63192.79,63444.66,63009.92,63392.15,669.14656
2026-02-24 09:00:00+00:00,1771923600000,63392.15,63411.8,62908.92,63249.99,657.17066
2026-02-24 10:00:00+00:00,1771927200000,63250.0,63369.71,63112.7,63284.5,447.19211
2026-02-24 11:00:00+00:00,1771930800000,63284.51,63317.95,63063.63,63227.1,461.08382
2026-02-24 12:00:00+00:00,1771934400000,63227.11,63343.59,62965.21,62969.05,642.15852
2026-02-24 13:00:00+00:00,1771938000000,62969.04,63100.0,62510.28,62900.0,2362.19948
2026-02-24 14:00:00+00:00,1771941600000,62900.01,63834.21,62762.03,63453.99,1408.18955
2026-02-24 15:00:00+00:00,1771945200000,63454.0,64031.76,63300.0,63973.97,1127.10688
2026-02-24 16:00:00+00:00,1771948800000,63973.98,64428.9,63689.54,64265.52,1423.20973
2026-02-24 17:00:00+00:00,1771952400000,64265.53,64520.0,64042.8,64219.71,1017.32505
2026-02-24 18:00:00+00:00,1771956000000,64219.7,64500.0,63872.72,64435.06,809.89318
2026-02-24 19:00:00+00:00,1771959600000,64435.05,64743.11,64250.52,64435.03,722.29463
2026-02-24 20:00:00+00:00,1771963200000,64435.03,64591.99,64318.03,64472.9,409.22444
2026-02-24 21:00:00+00:00,1771966800000,64472.9,64472.9,63820.5,64042.66,576.40912
2026-02-24 22:00:00+00:00,1771970400000,64042.66,64227.81,63973.79,64120.95,288.16182
2026-02-24 23:00:00+00:00,1771974000000,64120.96,64248.65,63853.99,64058.15,389.41705
2026-02-25 00:00:00+00:00,1771977600000,64058.15,64319.29,63913.27,64224.3,292.38037
2026-02-25 01:00:00+00:00,1771981200000,64224.29,66300.0,64145.2,65896.75,2840.08056
2026-02-25 02:00:00+00:00,1771984800000,65896.74,66310.0,65866.66,65884.83,1252.91602
2026-02-25 03:00:00+00:00,1771988400000,65884.84,65955.87,65350.28,65391.73,801.79518
2026-02-25 04:00:00+00:00,1771992000000,65391.74,65650.0,65116.65,65457.99,723.49717
2026-02-25 05:00:00+00:00,1771995600000,65458.0,65511.21,64755.26,64882.76,831.61343
2026-02-25 06:00:00+00:00,1771999200000,64882.77,65124.04,64865.78,64898.22,394.76962
2026-02-25 07:00:00+00:00,1772002800000,64898.22,65193.25,64781.18,65028.3,682.59011
2026-02-25 08:00:00+00:00,1772006400000,65028.3,65586.87,64955.79,65530.49,694.36389
2026-02-25 09:00:00+00:00,1772010000000,65530.48,65692.62,65396.47,65558.71,545.80832
2026-02-25 10:00:00+00:00,1772013600000,65558.71,65648.74,65345.0,65400.87,315.12553
2026-02-25 11:00:00+00:00,1772017200000,65400.87,65485.91,65200.8,65430.04,442.6001
2026-02-25 12:00:00+00:00,1772020800000,65430.04,66240.0,65324.62,66068.94,1316.71816
2026-02-25 13:00:00+00:00,1772024400000,66068.94,66684.1,66025.39,66248.62,1860.04287
2026-02-25 14:00:00+00:00,1772028000000,66248.63,67009.78,66202.66,66973.2,2180.16784
2026-02-25 15:00:00+00:00,1772031600000,66973.19,67578.0,66715.13,67412.33,2522.90832
2026-02-25 16:00:00+00:00,1772035200000,67412.32,68332.0,67404.0,68297.35,2059.42933
2026-02-25 17:00:00+00:00,1772038800000,68297.35,68879.96,68016.53,68674.2,2463.18666
2026-02-25 18:00:00+00:00,1772042400000,68674.2,69550.0,68373.33,69328.07,2105.00773
2026-02-25 19:00:00+00:00,1772046000000,69328.06,69406.93,68764.94,69038.26,1672.83962
2026-02-25 20:00:00+00:00,1772049600000,69038.26,69374.95,68619.22,69148.69,1076.93003
2026-02-25 21:00:00+00:00,1772053200000,69148.69,69988.83,68773.83,68919.72,1562.1195
2026-02-25 22:00:00+00:00,1772056800000,68919.72,69176.0,68055.91,68432.13,1092.88431
2026-02-25 23:00:00+00:00,1772060400000,68432.13,68696.97,67600.0,67988.04,1020.21792
2026-02-26 00:00:00+00:00,1772064000000,67988.04,68539.17,67727.52,68335.99,1134.56842
2026-02-26 01:00:00+00:00,1772067600000,68335.99,68700.0,68210.35,68248.3,619.19035
2026-02-26 02:00:00+00:00,1772071200000,68248.3,68351.0,67779.93,68257.45,833.1941
2026-02-26 03:00:00+00:00,1772074800000,68257.46,68379.59,68044.18,68216.86,408.51743
2026-02-26 04:00:00+00:00,1772078400000,68216.87,68860.0,68179.62,68571.36,587.55874
2026-02-26 05:00:00+00:00,1772082000000,68571.36,68571.37,68127.58,68443.81,486.81983
2026-02-26 06:00:00+00:00,1772085600000,68443.82,68522.0,68042.9,68176.75,618.63359
2026-02-26 07:00:00+00:00,1772089200000,68176.75,68290.18,67817.87,67825.04,840.14406
2026-02-26 08:00:00+00:00,1772092800000,67825.05,68236.0,67792.0,67954.01,761.69108
2026-02-26 09:00:00+00:00,1772096400000,67954.0,68644.59,67933.25,68589.41,1095.31619
2026-02-26 10:00:00+00:00,1772100000000,68589.41,68722.64,68257.64,68301.62,688.66072
2026-02-26 11:00:00+00:00,1772103600000,68301.61,68404.25,67965.46,68051.31,722.94931
2026-02-26 12:00:00+00:00,1772107200000,68051.3,68303.83,68009.88,68171.56,642.07881
2026-02-26 13:00:00+00:00,1772110800000,68171.55,68213.98,67848.69,67905.35,698.96783
2026-02-26 14:00:00+00:00,1772114400000,67905.34,68272.21,67264.22,67697.74,1769.26733
2026-02-26 15:00:00+00:00,1772118000000,67696.89,67743.36,66761.16,67382.0,2095.8814
2026-02-26 16:00:00+00:00,1772121600000,67382.0,67566.85,66500.0,66643.55,2050.20093
2026-02-26 17:00:00+00:00,1772125200000,66643.56,67044.1,66600.46,66826.8,885.82755
2026-02-26 18:00:00+00:00,1772128800000,66826.8,67373.9,66575.73,67310.53,1058.47196
2026-02-26 19:00:00+00:00,1772132400000,67310.53,67903.12,67285.99,67589.22,1235.95013
2026-02-26 20:00:00+00:00,1772136000000,67589.21,67831.11,67269.42,67414.07,597.88987
2026-02-26 21:00:00+00:00,1772139600000,67414.07,67575.97,67150.14,67463.65,299.84732
2026-02-26 22:00:00+00:00,1772143200000,67463.65,67630.22,67301.75,67572.3,291.6336
2026-02-26 23:00:00+00:00,1772146800000,67572.3,67656.11,67390.65,67485.18,314.51737
2026-02-27 00:00:00+00:00,1772150400000,67485.19,67537.84,67000.0,67226.5,462.9103
2026-02-27 01:00:00+00:00,1772154000000,67226.5,67398.86,66885.0,67352.26,818.15438
2026-02-27 02:00:00+00:00,1772157600000,67352.26,67546.15,67263.56,67266.58,463.09611
2026-02-27 03:00:00+00:00,1772161200000,67266.58,67712.16,67099.71,67600.84,415.67371
2026-02-27 04:00:00+00:00,1772164800000,67600.84,68216.8,67578.67,67747.49,1318.53811
2026-02-27 05:00:00+00:00,1772168400000,67747.49,67924.0,67683.3,67724.99,411.56603
2026-02-27 06:00:00+00:00,1772172000000,67725.0,67823.9,67525.46,67658.14,398.60368
2026-02-27 07:00:00+00:00,1772175600000,67658.14,67774.48,67459.3,67690.6,896.56486
2026-02-27 08:00:00+00:00,1772179200000,67690.6,68079.83,67655.86,67926.24,712.98047
2026-02-27 09:00:00+00:00,1772182800000,67926.25,68149.93,67284.22,67355.73,1377.2902
2026-02-27 10:00:00+00:00,1772186400000,67355.72,67416.78,66574.0,66604.91,1414.83211
2026-02-27 11:00:00+00:00,1772190000000,66604.9,66778.68,65960.01,66126.99,1399.59256
2026-02-27 12:00:00+00:00,1772193600000,66126.99,66217.42,65734.71,65928.01,1855.03329
2026-02-27 13:00:00+00:00,1772197200000,65928.01,66344.9,65649.34,66270.55,1278.55317
2026-02-27 14:00:00+00:00,1772200800000,66270.55,66334.87,65686.64,65887.59,1404.23206
2026-02-27 15:00:00+00:00,1772204400000,65887.59,66311.11,65845.18,66095.4,957.11978
2026-02-27 16:00:00+00:00,1772208000000,66095.4,66121.03,65462.93,65475.21,1135.56487
2026-02-27 17:00:00+00:00,1772211600000,65475.21,65765.06,65113.72,65703.19,1265.39709
2026-02-27 18:00:00+00:00,1772215200000,65703.18,65788.07,65228.33,65314.76,623.00837
2026-02-27 19:00:00+00:00,1772218800000,65314.76,65457.35,65172.6,65392.18,851.95591
2026-02-27 20:00:00+00:00,1772222400000,65392.18,65666.66,65392.18,65594.67,444.86468
2026-02-27 21:00:00+00:00,1772226000000,65594.67,65749.94,65400.0,65527.59,282.6564
2026-02-27 22:00:00+00:00,1772229600000,65527.59,65673.33,64914.46,65637.99,713.5349
2026-02-27 23:00:00+00:00,1772233200000,65638.0,65953.2,65551.67,65872.1,326.8612
2026-02-28 00:00:00+00:00,1772236800000,65872.09,66025.52,65721.13,65942.0,334.42449
2026-02-28 01:00:00+00:00,1772240400000,65942.01,65971.93,65743.71,65770.36,267.81274
2026-02-28 02:00:00+00:00,1772244000000,65770.36,66018.85,65761.94,65961.13,204.09288
2026-02-28 03:00:00+00:00,1772247600000,65961.13,65982.34,65745.39,65797.42,239.41397
2026-02-28 04:00:00+00:00,1772251200000,65797.42,65818.44,65488.0,65663.2,311.53682
2026-02-28 05:00:00+00:00,1772254800000,65663.21,65729.65,65500.0,65591.03,300.20395
2026-02-28 06:00:00+00:00,1772258400000,65591.03,65591.04,63030.0,63216.01,3175.19445
2026-02-28 07:00:00+00:00,1772262000000,63216.01,64327.22,63038.0,63826.0,2127.97927
2026-02-28 08:00:00+00:00,1772265600000,63825.99,63877.09,63411.39,63473.28,1118.13838
2026-02-28 09:00:00+00:00,1772269200000,63473.27,64005.35,63372.1,63658.54,737.11739
2026-02-28 10:00:00+00:00,1772272800000,63658.55,64053.93,63452.64,64010.39,1633.42712
2026-02-28 11:00:00+00:00,1772276400000,64010.38,64307.44,63791.25,63844.2,1245.63976
2026-02-28 12:00:00+00:00,1772280000000,63844.2,64082.66,63827.2,64017.19,474.84169
2026-02-28 13:00:00+00:00,1772283600000,64017.18,65216.97,63888.89,65106.44,1748.13055
2026-02-28 14:00:00+00:00,1772287200000,65106.45,65360.51,64278.5,64435.61,1331.97244
2026-02-28 15:00:00+00:00,1772290800000,64435.62,65020.75,64200.0,64841.18,731.53889
2026-02-28 16:00:00+00:00,1772294400000,64841.17,65206.25,64681.81,65094.3,500.23365
2026-02-28 17:00:00+00:00,1772298000000,65094.29,65555.0,64828.03,65442.62,595.58409
2026-02-28 18:00:00+00:00,1772301600000,65442.61,66157.61,65185.7,65911.84,830.58148
2026-02-28 19:00:00+00:00,1772305200000,65911.83,66666.65,65602.65,66362.01,1072.73124
2026-02-28 20:00:00+00:00,1772308800000,66362.01,67151.68,66190.61,66959.62,840.13263
2026-02-28 21:00:00+00:00,1772312400000,66959.63,67055.56,66368.42,66723.22,934.75984
2026-02-28 22:00:00+00:00,1772316000000,66723.23,67760.0,66608.82,67103.64,1310.09118
2026-02-28 23:00:00+00:00,1772319600000,67103.63,67210.0,66733.73,66973.26,483.13759
2026-03-01 00:00:00+00:00,1772323200000,66973.26,67121.8,66620.5,66791.29,560.35194
2026-03-01 01:00:00+00:00,1772326800000,66791.29,67703.32,66042.72,67339.36,1630.19028
2026-03-01 02:00:00+00:00,1772330400000,67339.36,68199.99,67339.36,67620.65,1861.8227
2026-03-01 03:00:00+00:00,1772334000000,67620.65,67813.33,67400.0,67502.16,637.99716
2026-03-01 04:00:00+00:00,1772337600000,67502.16,67612.14,67079.36,67346.5,631.60541
2026-03-01 05:00:00+00:00,1772341200000,67346.5,67574.65,67200.0,67292.09,437.89406
2026-03-01 06:00:00+00:00,1772344800000,67292.08,67345.8,66749.35,66926.68,1159.96329
2026-03-01 07:00:00+00:00,1772348400000,66926.69,67235.72,66784.58,67141.39,937.93278
2026-03-01 08:00:00+00:00,1772352000000,67141.4,67292.3,66389.33,66560.14,1475.81311
2026-03-01 09:00:00+00:00,1772355600000,66560.14,66771.1,66246.95,66410.08,815.73368
2026-03-01 10:00:00+00:00,1772359200000,66410.09,66731.47,66215.71,66467.06,621.17753
2026-03-01 11:00:00+00:00,1772362800000,66467.07,66661.61,66372.27,66468.03,338.19615
2026-03-01 12:00:00+00:00,1772366400000,66468.04,66550.0,66241.97,66296.48,388.82935
2026-03-01 13:00:00+00:00,1772370000000,66296.48,67360.57,66132.27,66934.79,1311.02111
2026-03-01 14:00:00+00:00,1772373600000,66934.8,67320.19,66752.58,66847.8,911.62631
2026-03-01 15:00:00+00:00,1772377200000,66847.8,67243.69,66828.6,66842.42,1028.55576
2026-03-01 16:00:00+00:00,1772380800000,66842.42,67112.37,65730.28,66135.45,1500.74296
2026-03-01 17:00:00+00:00,1772384400000,66135.45,66219.77,65699.98,65979.61,952.1973
2026-03-01 18:00:00+00:00,1772388000000,65979.61,66657.44,65979.61,66316.83,906.08265
2026-03-01 19:00:00+00:00,1772391600000,66316.84,66345.95,65772.29,65962.17,541.15631
2026-03-01 20:00:00+00:00,1772395200000,65962.16,65962.16,65084.02,65300.0,961.21349
2026-03-01 21:00:00+00:00,1772398800000,65300.01,65756.5,65281.83,65666.2,996.50526
2026-03-01 22:00:00+00:00,1772402400000,65666.19,66491.43,65056.0,65268.71,1763.29476
2026-03-01 23:00:00+00:00,1772406000000,65268.71,66080.0,65125.67,65776.47,831.95524
2026-03-02 00:00:00+00:00,1772409600000,65776.48,66796.44,65761.04,66501.52,990.0826
2026-03-02 01:00:00+00:00,1772413200000,66501.52,67079.0,66358.45,66532.02,886.93071
2026-03-02 02:00:00+00:00,1772416800000,66532.02,66609.94,65890.5,66276.77,554.16265
2026-03-02 03:00:00+00:00,1772420400000,66276.77,67037.22,66101.07,66820.03,509.4124
2026-03-02 04:00:00+00:00,1772424000000,66820.03,66975.74,66633.13,66862.12,750.65203
2026-03-02 05:00:00+00:00,1772427600000,66862.11,66995.64,66547.81,66730.78,887.19458
2026-03-02 06:00:00+00:00,1772431200000,66730.78,66739.45,66062.83,66204.9,677.75967
2026-03-02 07:00:00+00:00,1772434800000,66204.9,66209.46,65542.6,66007.52,1294.85905
2026-03-02 08:00:00+00:00,1772438400000,66007.8,66306.0,65654.54,66282.0,1104.41132
2026-03-02 09:00:00+00:00,1772442000000,66281.99,66720.84,66164.96,66168.62,1786.28426
2026-03-02 10:00:00+00:00,1772445600000,66168.61,66381.74,66079.24,66316.4,436.29038
2026-03-02 11:00:00+00:00,1772449200000,66316.39,66462.4,66003.59,66359.68,1034.77975
2026-03-02 12:00:00+00:00,1772452800000,66359.67,66391.38,65874.92,65963.43,763.09374
2026-03-02 13:00:00+00:00,1772456400000,65963.43,66157.28,65350.0,65440.01,1576.81345
2026-03-02 14:00:00+00:00,1772460000000,65440.01,67220.81,65259.21,67177.06,3015.13713
2026-03-02 15:00:00+00:00,1772463600000,67177.05,69617.74,66975.29,69130.2,5476.56874
2026-03-02 16:00:00+00:00,1772467200000,69130.2,70096.0,68933.69,69428.62,3440.03188
2026-03-02 17:00:00+00:00,1772470800000,69428.62,69578.0,68793.88,69198.0,1445.4415
2026-03-02 18:00:00+00:00,1772474400000,69198.0,69268.15,68727.83,68877.67,1055.7431
2026-03-02 19:00:00+00:00,1772478000000,68877.67,69049.32,68576.18,68966.53,886.89114
2026-03-02 20:00:00+00:00,1772481600000,68966.52,69505.0,68584.9,69106.58,1028.13825
2026-03-02 21:00:00+00:00,1772485200000,69106.58,69539.77,69000.71,69413.82,441.38382
2026-03-02 22:00:00+00:00,1772488800000,69413.82,69501.62,69136.36,69440.49,1330.59238
2026-03-02 23:00:00+00:00,1772492400000,69440.48,69479.58,68740.0,68830.06,637.72978
2026-03-03 00:00:00+00:00,1772496000000,68830.06,69166.61,68644.38,69092.88,602.91075
2026-03-03 01:00:00+00:00,1772499600000,69092.89,69258.08,68755.0,68760.01,452.46998
2026-03-03 02:00:00+00:00,1772503200000,68760.01,68774.13,68210.71,68512.17,848.26905
2026-03-03 03:00:00+00:00,1772506800000,68512.17,68550.0,68231.47,68377.94,458.44735
2026-03-03 04:00:00+00:00,1772510400000,68377.94,68454.63,68050.11,68123.2,436.46143
2026-03-03 05:00:00+00:00,1772514000000,68123.19,68617.42,67845.84,67947.75,913.85345
2026-03-03 06:00:00+00:00,1772517600000,67947.75,68250.24,67800.0,68106.73,821.19287
2026-03-03 07:00:00+00:00,1772521200000,68106.73,68275.2,67951.24,68172.8,1165.60519
2026-03-03 08:00:00+00:00,1772524800000,68172.79,68311.83,66905.0,67003.3,1883.4522
2026-03-03 09:00:00+00:00,1772528400000,67003.3,67184.71,66340.14,66647.98,1767.88336
2026-03-03 10:00:00+00:00,1772532000000,66647.98,67030.75,66440.46,66860.3,1159.50732
2026-03-03 11:00:00+00:00,1772535600000,66860.3,67166.5,66779.37,67026.61,1271.91624
2026-03-03 12:00:00+00:00,1772539200000,67026.6,67973.2,67025.93,67399.85,1323.51079
2026-03-03 13:00:00+00:00,1772542800000,67399.85,67435.0,66635.3,66931.31,709.75818
2026-03-03 14:00:00+00:00,1772546400000,66931.32,67603.94,66158.0,66568.95,1714.82463
2026-03-03 15:00:00+00:00,1772550000000,66568.95,67834.93,66471.79,67725.81,1695.1952
2026-03-03 16:00:00+00:00,1772553600000,67725.82,68999.0,67473.09,68175.9,2581.91143
2026-03-03 17:00:00+00:00,1772557200000,68175.89,68400.0,67626.53,68318.66,982.14848
2026-03-03 18:00:00+00:00,1772560800000,68318.66,68914.01,67976.47,68628.49,974.13002
2026-03-03 19:00:00+00:00,1772564400000,68628.5,68888.88,68312.83,68435.0,946.51026
2026-03-03 20:00:00+00:00,1772568000000,68435.0,68591.24,68092.1,68266.0,592.99873
2026-03-03 21:00:00+00:00,1772571600000,68265.99,68265.99,67832.3,68024.62,519.92364
2026-03-03 22:00:00+00:00,1772575200000,68024.63,68524.54,68024.62,68327.2,573.87256
2026-03-03 23:00:00+00:00,1772578800000,68327.2,68860.0,68245.64,68338.0,575.48869
2026-03-04 00:00:00+00:00,1772582400000,68338.01,68413.9,67857.61,68093.19,767.61923
2026-03-04 01:00:00+00:00,1772586000000,68093.2,68909.34,67963.28,68405.0,1294.62328
2026-03-04 02:00:00+00:00,1772589600000,68405.0,68447.72,67984.56,68323.33,798.11328
2026-03-04 03:00:00+00:00,1772593200000,68323.33,68383.63,67400.0,67732.2,954.50771
2026-03-04 04:00:00+00:00,1772596800000,67732.19,67954.89,67467.6,67786.0,1066.3898
2026-03-04 05:00:00+00:00,1772600400000,67786.0,68397.84,67682.64,68206.59,666.28769
2026-03-04 06:00:00+00:00,1772604000000,68206.58,68678.76,68048.63,68508.02,1288.48108
2026-03-04 07:00:00+00:00,1772607600000,68508.02,69668.0,68349.49,69493.13,2067.68212
2026-03-04 08:00:00+00:00,1772611200000,69493.14,71163.0,69098.91,71011.4,4675.3565
2026-03-04 09:00:00+00:00,1772614800000,71011.4,71893.0,70724.26,71520.76,4196.19004
2026-03-04 10:00:00+00:00,1772618400000,71520.76,71878.17,71200.0,71348.92,2079.39146
2026-03-04 11:00:00+00:00,1772622000000,71348.92,71499.75,70928.25,71111.4,1195.15977
2026-03-04 12:00:00+00:00,1772625600000,71111.4,71364.14,70588.0,71339.71,1486.53558
2026-03-04 13:00:00+00:00,1772629200000,71339.72,71624.99,71214.4,71477.17,1568.2684
2026-03-04 14:00:00+00:00,1772632800000,71477.17,72633.0,71300.1,71621.04,4139.0795
2026-03-04 15:00:00+00:00,1772636400000,71621.03,73479.75,71580.62,73396.88,4184.35996
2026-03-04 16:00:00+00:00,1772640000000,73396.87,73500.0,72541.69,73294.84,2627.55973
2026-03-04 17:00:00+00:00,1772643600000,73294.84,73759.99,72932.8,73218.92,2258.8783
2026-03-04 18:00:00+00:00,1772647200000,73218.93,73700.0,72912.11,73693.5,1121.5369
2026-03-04 19:00:00+00:00,1772650800000,73693.5,74050.0,73516.0,73611.1,2657.03129
2026-03-04 20:00:00+00:00,1772654400000,73611.67,73716.0,73001.05,73019.68,904.52712
2026-03-04 21:00:00+00:00,1772658000000,73019.69,73322.93,72878.0,73309.72,836.52696
2026-03-04 22:00:00+00:00,1772661600000,73309.73,73523.31,72638.29,72705.86,894.79856
2026-03-04 23:00:00+00:00,1772665200000,72705.86,72880.88,72313.04,72666.77,1190.17184
2026-03-05 00:00:00+00:00,1772668800000,72666.77,73000.0,72553.65,72760.0,1004.77646
2026-03-05 01:00:00+00:00,1772672400000,72759.99,73306.82,72409.1,72538.72,821.18852
2026-03-05 02:00:00+00:00,1772676000000,72538.72,72916.5,72336.76,72506.19,628.62779
2026-03-05 03:00:00+00:00,1772679600000,72506.18,72750.0,72344.51,72497.89,668.37206
2026-03-05 04:00:00+00:00,1772683200000,72497.89,73081.08,72447.96,72815.7,750.0071
2026-03-05 05:00:00+00:00,1772686800000,72815.7,72912.82,72260.74,72412.15,1085.89796
2026-03-05 06:00:00+00:00,1772690400000,72412.15,72655.23,72037.56,72553.62,1063.1049
2026-03-05 07:00:00+00:00,1772694000000,72553.63,72675.07,71759.95,72055.5,1447.01462
2026-03-05 08:00:00+00:00,1772697600000,72055.5,72370.21,71757.17,72333.7,1421.17898
2026-03-05 09:00:00+00:00,1772701200000,72333.7,72875.85,72298.83,72591.59,1160.78148
2026-03-05 10:00:00+00:00,1772704800000,72591.59,73558.15,72517.06,73388.92,1589.2678
2026-03-05 11:00:00+00:00,1772708400000,73388.91,73449.96,72766.75,72915.79,2091.15218
2026-03-05 12:00:00+00:00,1772712000000,72915.8,73063.38,72666.93,72890.73,729.99152
2026-03-05 13:00:00+00:00,1772715600000,72890.73,72935.3,72189.7,72467.79,1108.98859
2026-03-05 14:00:00+00:00,1772719200000,72467.79,72835.73,71944.18,72609.29,1446.63499
2026-03-05 15:00:00+00:00,1772722800000,72609.3,72770.0,71168.65,71652.77,2321.94313
2026-03-05 16:00:00+00:00,1772726400000,71652.77,71654.65,70786.06,71305.92,1736.25108
2026-03-05 17:00:00+00:00,1772730000000,71305.92,71572.0,70645.47,70704.41,1223.37093
2026-03-05 18:00:00+00:00,1772733600000,70703.37,71090.32,70656.63,70990.65,720.55573
2026-03-05 19:00:00+00:00,1772737200000,70990.66,71430.78,70870.0,70918.07,626.47744
2026-03-05 20:00:00+00:00,1772740800000,70918.08,71394.45,70840.0,71236.51,496.74041
2026-03-05 21:00:00+00:00,1772744400000,71236.51,71572.3,71023.52,71141.93,546.48691
2026-03-05 22:00:00+00:00,1772748000000,71141.93,71364.45,71074.45,71208.54,834.62565
2026-03-05 23:00:00+00:00,1772751600000,71208.54,71292.44,70777.0,70890.72,1067.0763
2026-03-06 00:00:00+00:00,1772755200000,70891.02,71047.95,70784.0,70988.19,673.4608
2026-03-06 01:00:00+00:00,1772758800000,70988.19,71301.74,70344.03,71257.2,1057.89391
2026-03-06 02:00:00+00:00,1772762400000,71257.2,71419.98,71036.0,71252.43,752.48392
2026-03-06 03:00:00+00:00,1772766000000,71252.43,71305.42,71000.0,71080.38,548.09403
2026-03-06 04:00:00+00:00,1772769600000,71080.37,71120.17,70270.21,70613.61,667.82412
2026-03-06 05:00:00+00:00,1772773200000,70613.61,70658.01,70143.19,70436.19,966.11543
2026-03-06 06:00:00+00:00,1772776800000,70436.18,70853.37,70261.23,70597.23,672.31367
2026-03-06 07:00:00+00:00,1772780400000,70597.23,71192.76,70468.97,71056.44,782.05786
2026-03-06 08:00:00+00:00,1772784000000,71056.44,71067.58,70735.85,70789.49,569.42569
2026-03-06 09:00:00+00:00,1772787600000,70789.49,70808.65,70300.0,70565.56,637.9756
2026-03-06 10:00:00+00:00,1772791200000,70565.56,70800.0,70467.88,70527.93,469.81877
2026-03-06 11:00:00+00:00,1772794800000,70527.93,70643.27,70184.01,70212.95,763.93539
2026-03-06 12:00:00+00:00,1772798400000,70212.94,70224.84,69660.0,69907.0,1907.43626
2026-03-06 13:00:00+00:00,1772802000000,69907.0,70341.76,69208.0,69208.0,2069.72961
2026-03-06 14:00:00+00:00,1772805600000,69213.18,69273.87,68176.47,68409.89,3148.50679
2026-03-06 15:00:00+00:00,1772809200000,68409.89,69100.0,68306.0,68504.71,1428.68549
2026-03-06 16:00:00+00:00,1772812800000,68504.71,68795.44,68222.0,68446.52,955.00949
2026-03-06 17:00:00+00:00,1772816400000,68446.52,68642.69,67744.78,67955.1,1236.78923
2026-03-06 18:00:00+00:00,1772820000000,67955.1,68476.47,67955.1,68181.2,514.98068
2026-03-06 19:00:00+00:00,1772823600000,68181.2,68485.01,68004.15,68131.79,617.63492
2026-03-06 20:00:00+00:00,1772827200000,68131.79,68285.71,67777.0,68111.03,668.6183
2026-03-06 21:00:00+00:00,1772830800000,68111.03,68333.33,67919.72,68289.1,604.80896
2026-03-06 22:00:00+00:00,1772834400000,68289.11,68440.92,68221.38,68319.89,304.91261
2026-03-06 23:00:00+00:00,1772838000000,68319.9,68371.24,68105.71,68114.02,611.37569
2026-03-07 00:00:00+00:00,1772841600000,68114.02,68394.09,68105.73,68290.45,653.38105
2026-03-07 01:00:00+00:00,1772845200000,68290.46,68369.11,68180.95,68262.01,316.06145
2026-03-07 02:00:00+00:00,1772848800000,68262.01,68367.73,68060.6,68350.04,316.96409
2026-03-07 03:00:00+00:00,1772852400000,68350.05,68551.04,68095.5,68095.5,450.32011
2026-03-07 04:00:00+00:00,1772856000000,68095.5,68147.73,67817.0,68063.43,621.66509
2026-03-07 05:00:00+00:00,1772859600000,68063.42,68140.49,67908.0,68018.26,493.88772
2026-03-07 06:00:00+00:00,1772863200000,68018.27,68021.14,67612.21,67690.86,489.36583
2026-03-07 07:00:00+00:00,1772866800000,67690.86,67865.23,67446.41,67842.67,768.74899
2026-03-07 08:00:00+00:00,1772870400000,67842.67,68045.07,67720.98,67795.4,465.95331
2026-03-07 09:00:00+00:00,1772874000000,67795.4,68074.97,67738.31,68000.0,332.46219
2026-03-07 10:00:00+00:00,1772877600000,68000.0,68102.73,67870.43,67880.31,319.42039
2026-03-07 11:00:00+00:00,1772881200000,67880.31,68232.27,67841.67,68010.01,372.24149
2026-03-07 12:00:00+00:00,1772884800000,68010.0,68085.41,67900.01,67992.54,359.03867
2026-03-07 13:00:00+00:00,1772888400000,67992.54,68081.16,67855.82,67931.06,318.23636
2026-03-07 14:00:00+00:00,1772892000000,67931.06,68083.79,67609.44,68016.7,473.27443
2026-03-07 15:00:00+00:00,1772895600000,68016.7,68034.67,67769.89,67877.45,577.84468
2026-03-07 16:00:00+00:00,1772899200000,67877.45,67889.68,67702.2,67783.63,349.2691
2026-03-07 17:00:00+00:00,1772902800000,67783.63,67935.01,67768.97,67788.41,217.68104
2026-03-07 18:00:00+00:00,1772906400000,67788.4,67788.41,67480.0,67568.13,1180.24782
2026-03-07 19:00:00+00:00,1772910000000,67568.13,67572.35,66915.26,67080.34,1312.2302
2026-03-07 20:00:00+00:00,1772913600000,67080.33,67437.5,67068.01,67402.98,590.47118
2026-03-07 21:00:00+00:00,1772917200000,67402.98,67483.05,67281.34,67452.98,638.99995
2026-03-07 22:00:00+00:00,1772920800000,67452.97,67469.87,67101.31,67258.65,706.81324
2026-03-07 23:00:00+00:00,1772924400000,67258.65,67403.85,67183.39,67262.91,394.96477
2026-03-08 00:00:00+00:00,1772928000000,67262.91,67481.96,67181.04,67194.77,552.27054
2026-03-08 01:00:00+00:00,1772931600000,67194.77,67353.57,67090.0,67297.27,565.85563
2026-03-08 02:00:00+00:00,1772935200000,67297.27,67426.52,66833.58,66925.44,765.90711
2026-03-08 03:00:00+00:00,1772938800000,66925.45,67083.1,66850.0,67000.26,999.40624
2026-03-08 04:00:00+00:00,1772942400000,67000.26,67100.01,66547.15,66637.36,1206.88314
2026-03-08 05:00:00+00:00,1772946000000,66637.35,67250.24,66617.76,67149.93,402.00353
2026-03-08 06:00:00+00:00,1772949600000,67149.93,67231.86,67035.18,67161.52,246.63235
2026-03-08 07:00:00+00:00,1772953200000,67161.52,67465.11,67154.91,67319.91,1010.57902
2026-03-08 08:00:00+00:00,1772956800000,67319.9,67577.36,67156.93,67539.33,1008.6246
2026-03-08 09:00:00+00:00,1772960400000,67539.34,67905.03,67474.0,67681.0,1111.87857
2026-03-08 10:00:00+00:00,1772964000000,67681.0,68200.0,67680.99,67904.14,646.22527
2026-03-08 11:00:00+00:00,1772967600000,67904.15,67904.15,67411.76,67515.0,536.67584
2026-03-08 12:00:00+00:00,1772971200000,67515.0,67650.94,66888.0,67324.72,902.41572
2026-03-08 13:00:00+00:00,1772974800000,67324.71,67431.81,66761.68,67234.86,1987.5897
2026-03-08 14:00:00+00:00,1772978400000,67234.86,67426.69,67055.73,67339.76,695.31699
2026-03-08 15:00:00+00:00,1772982000000,67339.75,67369.36,67080.0,67218.23,879.16155
2026-03-08 16:00:00+00:00,1772985600000,67218.23,67268.44,66802.47,66872.15,538.7559
2026-03-08 17:00:00+00:00,1772989200000,66872.15,67179.98,66800.01,67065.0,812.42846
2026-03-08 18:00:00+00:00,1772992800000,67065.0,67076.0,66745.54,66804.0,487.97779
2026-03-08 19:00:00+00:00,1772996400000,66803.99,67485.24,66779.82,67337.42,711.10669
2026-03-08 20:00:00+00:00,1773000000000,67337.41,67609.08,67028.45,67238.8,1144.93227
2026-03-08 21:00:00+00:00,1773003600000,67238.79,67266.0,66712.69,67020.01,959.03531
2026-03-08 22:00:00+00:00,1773007200000,67020.01,67020.01,65618.49,66236.8,2742.02435
2026-03-08 23:00:00+00:00,1773010800000,66236.8,66569.24,65930.3,65971.2,679.95244
2026-03-09 00:00:00+00:00,1773014400000,65971.2,66773.0,65821.97,66370.01,951.35538
2026-03-09 01:00:00+00:00,1773018000000,66370.01,66698.05,66131.25,66196.01,2263.78882
2026-03-09 02:00:00+00:00,1773021600000,66196.01,66707.58,65959.0,66537.32,752.57114
2026-03-09 03:00:00+00:00,1773025200000,66537.32,67668.64,66512.88,67205.05,1256.29482
2026-03-09 04:00:00+00:00,1773028800000,67205.06,67610.0,67093.09,67130.14,848.47762
2026-03-09 05:00:00+00:00,1773032400000,67131.1,68069.29,67113.02,67911.16,1145.71148
2026-03-09 06:00:00+00:00,1773036000000,67911.15,67939.55,67236.78,67267.18,578.70307
2026-03-09 07:00:00+00:00,1773039600000,67267.18,67575.81,66853.48,67555.13,1253.45589
2026-03-09 08:00:00+00:00,1773043200000,67555.13,67929.19,67391.89,67814.69,1615.43129
2026-03-09 09:00:00+00:00,1773046800000,67814.69,68460.09,67566.65,67981.02,1225.43841
2026-03-09 10:00:00+00:00,1773050400000,67981.03,68088.92,67556.72,67608.13,687.12244
2026-03-09 11:00:00+00:00,1773054000000,67608.13,67855.82,67344.45,67764.98,577.58612
2026-03-09 12:00:00+00:00,1773057600000,67764.99,68348.26,67759.57,68151.93,970.32854
2026-03-09 13:00:00+00:00,1773061200000,68151.93,69300.0,68133.93,68976.0,2460.13662
2026-03-09 14:00:00+00:00,1773064800000,68975.8,69480.0,68696.28,69151.5,2377.05802
2026-03-09 15:00:00+00:00,1773068400000,69151.5,69254.87,68717.86,68863.66,1995.45638
2026-03-09 16:00:00+00:00,1773072000000,68863.67,69225.0,68614.47,68960.12,1086.01117
2026-03-09 17:00:00+00:00,1773075600000,68960.12,69088.49,68270.34,68600.71,889.54053
2026-03-09 18:00:00+00:00,1773079200000,68600.71,68705.76,68179.12,68356.37,1350.25926
2026-03-09 19:00:00+00:00,1773082800000,68356.37,69516.65,68356.37,68991.93,1713.56623
2026-03-09 20:00:00+00:00,1773086400000,68991.93,69145.28,68762.2,68961.71,507.40424
2026-03-09 21:00:00+00:00,1773090000000,68961.15,69102.53,68660.94,68919.72,782.51759
2026-03-09 22:00:00+00:00,1773093600000,68919.71,69030.56,68597.0,68635.88,943.05059
2026-03-09 23:00:00+00:00,1773097200000,68635.88,68694.73,68384.69,68432.16,665.45565
2026-03-10 00:00:00+00:00,1773100800000,68432.16,69290.42,68391.41,69157.37,1134.03591
2026-03-10 01:00:00+00:00,1773104400000,69157.36,69389.06,68786.04,69260.01,1073.3002
2026-03-10 02:00:00+00:00,1773108000000,69260.0,70578.29,69103.12,70272.01,2010.9648
2026-03-10 03:00:00+00:00,1773111600000,70272.0,70370.86,69390.0,69429.85,1096.27179
2026-03-10 04:00:00+00:00,1773115200000,69429.85,70132.27,69429.85,70072.94,1112.05227
2026-03-10 05:00:00+00:00,1773118800000,70072.95,70355.06,69885.71,69971.34,874.03346
2026-03-10 06:00:00+00:00,1773122400000,69971.34,70185.24,69750.62,69910.91,1140.99151
2026-03-10 07:00:00+00:00,1773126000000,69910.91,70546.74,69805.7,70406.01,1780.20471
2026-03-10 08:00:00+00:00,1773129600000,70406.01,71097.64,70369.0,70709.37,1852.19984
2026-03-10 09:00:00+00:00,1773133200000,70709.37,71300.0,70653.24,71078.92,1664.83143
2026-03-10 10:00:00+00:00,1773136800000,71078.92,71086.86,70660.89,70774.04,1808.06147
2026-03-10 11:00:00+00:00,1773140400000,70774.04,70865.73,70540.4,70580.94,945.42456
2026-03-10 12:00:00+00:00,1773144000000,70580.95,70628.19,70290.88,70519.86,702.95479
2026-03-10 13:00:00+00:00,1773147600000,70519.86,70926.46,69723.25,69921.12,1644.54716
2026-03-10 14:00:00+00:00,1773151200000,69921.12,71527.54,69266.06,71467.81,2553.72955
2026-03-10 15:00:00+00:00,1773154800000,71467.81,71777.0,70900.05,71346.16,2098.87598
2026-03-10 16:00:00+00:00,1773158400000,71346.17,71700.0,70943.31,71268.59,1291.34054
2026-03-10 17:00:00+00:00,1773162000000,71268.58,71452.0,70512.64,70868.61,1383.6295
2026-03-10 18:00:00+00:00,1773165600000,70868.62,70914.9,69901.0,70013.87,1837.40169
2026-03-10 19:00:00+00:00,1773169200000,70013.87,70290.0,69739.0,70043.63,992.60769
2026-03-10 20:00:00+00:00,1773172800000,70043.63,70350.0,70007.52,70235.6,671.88971
2026-03-10 21:00:00+00:00,1773176400000,70236.34,70417.3,69541.91,69763.01,830.8687
2026-03-10 22:00:00+00:00,1773180000000,69763.02,69869.9,69452.42,69721.58,937.20086
2026-03-10 23:00:00+00:00,1773183600000,69721.58,69981.8,69698.46,69948.63,1165.15914
2026-03-11 00:00:00+00:00,1773187200000,69948.64,70173.25,69759.63,70044.87,728.92961
2026-03-11 01:00:00+00:00,1773190800000,70044.87,70144.0,69880.0,70071.26,947.24879
2026-03-11 02:00:00+00:00,1773194400000,70071.26,70119.59,69614.0,69810.72,1612.87548
2026-03-11 03:00:00+00:00,1773198000000,69810.73,69887.11,69488.7,69551.91,1113.41409
2026-03-11 04:00:00+00:00,1773201600000,69551.91,70281.87,69501.55,70130.99,759.416
2026-03-11 05:00:00+00:00,1773205200000,70130.99,70200.96,69420.0,69510.36,757.81378
2026-03-11 06:00:00+00:00,1773208800000,69510.37,69996.0,69500.01,69950.01,391.73761
2026-03-11 07:00:00+00:00,1773212400000,69950.01,70018.49,69500.67,69648.29,1171.57725
2026-03-11 08:00:00+00:00,1773216000000,69648.28,69786.32,69500.0,69662.24,672.55865
2026-03-11 09:00:00+00:00,1773219600000,69662.24,69752.06,69384.5,69466.75,939.05652
2026-03-11 10:00:00+00:00,1773223200000,69466.75,69726.45,69390.91,69604.9,1028.34397
2026-03-11 11:00:00+00:00,1773226800000,69604.9,69755.1,69150.28,69173.0,898.77254
2026-03-11 12:00:00+00:00,1773230400000,69172.99,69777.66,68977.91,69361.13,1045.64069
2026-03-11 13:00:00+00:00,1773234000000,69361.13,71091.18,69331.04,70186.09,2647.32148
2026-03-11 14:00:00+00:00,1773237600000,70186.08,70987.0,69906.77,70578.7,2251.77658
2026-03-11 15:00:00+00:00,1773241200000,70578.7,70654.43,69702.25,70227.91,1844.6963
2026-03-11 16:00:00+00:00,1773244800000,70227.92,70826.39,70161.78,70570.71,1837.92404
2026-03-11 17:00:00+00:00,1773248400000,70570.71,71321.0,70512.01,70785.99,2122.20651
2026-03-11 18:00:00+00:00,1773252000000,70785.99,70895.31,70415.27,70617.64,1134.13411
2026-03-11 19:00:00+00:00,1773255600000,70617.63,70742.38,70375.68,70641.82,644.23151
2026-03-11 20:00:00+00:00,1773259200000,70641.81,70700.0,70394.23,70634.96,383.34496
2026-03-11 21:00:00+00:00,1773262800000,70634.96,70777.17,70499.94,70741.26,576.42683
2026-03-11 22:00:00+00:00,1773266400000,70741.27,70950.0,70241.53,70373.01,1098.26512
2026-03-11 23:00:00+00:00,1773270000000,70373.01,70505.0,70125.83,70191.86,641.563
2026-03-12 00:00:00+00:00,1773273600000,70191.86,70353.87,70130.23,70225.34,658.09363
2026-03-12 01:00:00+00:00,1773277200000,70225.34,70226.94,69754.94,69841.31,760.55263
2026-03-12 02:00:00+00:00,1773280800000,69841.3,69887.93,69226.52,69286.56,742.38929
2026-03-12 03:00:00+00:00,1773284400000,69286.55,69628.25,69246.23,69446.61,415.13842
2026-03-12 04:00:00+00:00,1773288000000,69446.61,69676.88,69296.43,69372.0,436.68208
2026-03-12 05:00:00+00:00,1773291600000,69372.0,69539.61,69205.91,69480.54,734.74043
2026-03-12 06:00:00+00:00,1773295200000,69480.54,69561.84,69315.63,69501.44,719.76894
2026-03-12 07:00:00+00:00,1773298800000,69501.45,69865.98,69408.88,69826.19,830.78197
2026-03-12 08:00:00+00:00,1773302400000,69826.19,70116.37,69698.33,69917.37,1246.32882
2026-03-12 09:00:00+00:00,1773306000000,69917.36,70400.0,69580.0,69952.51,1284.31562
2026-03-12 10:00:00+00:00,1773309600000,69952.51,70511.0,69856.0,70412.11,911.03902
2026-03-12 11:00:00+00:00,1773313200000,70412.1,70800.0,70367.97,70427.91,1207.70061
2026-03-12 12:00:00+00:00,1773316800000,70427.9,70617.66,70277.38,70381.8,847.51801
2026-03-12 13:00:00+00:00,1773320400000,70381.8,70534.65,69645.0,69972.15,1340.7754
2026-03-12 14:00:00+00:00,1773324000000,69972.2,70660.69,69355.34,69590.09,2130.67842
2026-03-12 15:00:00+00:00,1773327600000,69590.09,70565.43,69476.14,70334.88,1778.50463
2026-03-12 16:00:00+00:00,1773331200000,70334.89,70569.15,69905.71,70381.16,1271.41787
2026-03-12 17:00:00+00:00,1773334800000,70381.15,70547.19,70076.16,70212.06,843.93551
2026-03-12 18:00:00+00:00,1773338400000,70212.05,70303.51,69800.0,69819.64,742.85798
2026-03-12 19:00:00+00:00,1773342000000,69819.64,70548.81,69770.85,70432.32,757.84664
2026-03-12 20:00:00+00:00,1773345600000,70432.33,70555.2,70111.28,70164.49,618.18553
2026-03-12 21:00:00+00:00,1773349200000,70164.5,70470.0,70164.5,70268.55,355.90233
2026-03-12 22:00:00+00:00,1773352800000,70268.54,70305.26,70013.17,70175.64,467.42484
2026-03-12 23:00:00+00:00,1773356400000,70175.64,70734.25,70159.35,70541.34,894.58188
2026-03-13 00:00:00+00:00,1773360000000,70541.34,72000.0,70386.01,71475.61,2857.31114
2026-03-13 01:00:00+00:00,1773363600000,71475.6,71759.95,71283.99,71672.39,975.74666
2026-03-13 02:00:00+00:00,1773367200000,71672.38,71696.68,71045.52,71143.8,994.81538
2026-03-13 03:00:00+00:00,1773370800000,71143.8,71508.87,70964.43,71405.75,927.82134
2026-03-13 04:00:00+00:00,1773374400000,71405.76,71493.77,71214.01,71393.94,780.92498
2026-03-13 05:00:00+00:00,1773378000000,71393.93,71637.54,71242.02,71546.29,1178.90406
2026-03-13 06:00:00+00:00,1773381600000,71546.28,71593.22,71180.19,71342.0,1081.97604
2026-03-13 07:00:00+00:00,1773385200000,71342.0,71672.76,71236.08,71612.22,1139.8319
2026-03-13 08:00:00+00:00,1773388800000,71612.23,72142.85,71385.28,71821.02,1820.16796
2026-03-13 09:00:00+00:00,1773392400000,71821.01,72100.37,71589.81,72006.57,925.21442
2026-03-13 10:00:00+00:00,1773396000000,72006.56,72575.98,71995.53,72458.12,1635.35127
2026-03-13 11:00:00+00:00,1773399600000,72458.11,72526.12,72207.41,72228.82,724.41705
2026-03-13 12:00:00+00:00,1773403200000,72228.81,72884.68,72210.0,72784.73,1142.93241
2026-03-13 13:00:00+00:00,1773406800000,72784.73,73585.27,72684.88,73379.18,3297.40201
2026-03-13 14:00:00+00:00,1773410400000,73379.18,73913.74,72350.0,72382.72,4558.05031
2026-03-13 15:00:00+00:00,1773414000000,72382.72,72829.12,71736.34,71831.46,3305.45471
2026-03-13 16:00:00+00:00,1773417600000,71831.46,72100.0,71154.54,71885.57,2334.3461
2026-03-13 17:00:00+00:00,1773421200000,71885.56,72249.99,70914.09,71037.93,1889.70074
2026-03-13 18:00:00+00:00,1773424800000,71037.93,71350.94,70841.23,71055.45,738.18799
2026-03-13 19:00:00+00:00,1773428400000,71055.45,71309.94,71006.19,71189.95,507.07823
2026-03-13 20:00:00+00:00,1773432000000,71189.96,71469.53,71150.0,71346.84,554.4729
2026-03-13 21:00:00+00:00,1773435600000,71346.84,71491.03,71058.25,71104.65,650.14338
2026-03-13 22:00:00+00:00,1773439200000,71104.65,71189.26,70559.02,70814.0,863.33877
2026-03-13 23:00:00+00:00,1773442800000,70814.0,71005.3,70688.45,70930.0,1113.02703
2026-03-14 00:00:00+00:00,1773446400000,70930.01,70951.8,70555.0,70631.97,763.50434
2026-03-14 01:00:00+00:00,1773450000000,70631.96,70941.05,70481.7,70831.7,791.55133
2026-03-14 02:00:00+00:00,1773453600000,70831.7,70948.66,70735.21,70783.27,1013.67533
2026-03-14 03:00:00+00:00,1773457200000,70783.27,71185.23,70783.26,71081.3,944.72261
2026-03-14 04:00:00+00:00,1773460800000,71081.31,71307.92,71021.11,71039.58,707.08065
2026-03-14 05:00:00+00:00,1773464400000,71039.57,71151.3,70916.96,71013.75,759.3407
2026-03-14 06:00:00+00:00,1773468000000,71013.75,71013.75,70317.0,70622.08,712.17672
2026-03-14 07:00:00+00:00,1773471600000,70622.09,70743.88,70489.03,70596.68,750.98425
2026-03-14 08:00:00+00:00,1773475200000,70596.68,70710.76,70536.58,70585.63,461.44808
2026-03-14 09:00:00+00:00,1773478800000,70585.64,70728.07,70400.0,70501.16,893.97396
2026-03-14 10:00:00+00:00,1773482400000,70501.16,70575.1,70389.08,70570.44,624.35522
2026-03-14 11:00:00+00:00,1773486000000,70570.44,70784.38,70562.66,70751.42,515.18098
2026-03-14 12:00:00+00:00,1773489600000,70751.42,70835.48,70616.44,70780.59,472.56223
2026-03-14 13:00:00+00:00,1773493200000,70780.59,70930.56,70711.54,70847.35,886.4995
2026-03-14 14:00:00+00:00,1773496800000,70847.34,70941.17,70578.76,70599.22,329.16955
2026-03-14 15:00:00+00:00,1773500400000,70599.23,70728.59,70501.0,70580.09,849.34654
2026-03-14 16:00:00+00:00,1773504000000,70580.09,70709.4,70500.0,70672.53,379.28346
2026-03-14 17:00:00+00:00,1773507600000,70672.52,70733.02,70590.0,70617.01,134.37087
2026-03-14 18:00:00+00:00,1773511200000,70617.01,70708.88,70559.35,70668.23,95.80359
2026-03-14 19:00:00+00:00,1773514800000,70668.23,70740.34,70595.14,70700.0,77.47303
2026-03-14 20:00:00+00:00,1773518400000,70699.99,70856.4,70650.09,70805.71,114.01852
2026-03-14 21:00:00+00:00,1773522000000,70805.71,70825.04,70661.06,70799.99,113.91325
2026-03-14 22:00:00+00:00,1773525600000,70799.99,70805.15,70695.29,70710.91,89.24315
2026-03-14 23:00:00+00:00,1773529200000,70710.9,71253.17,70710.9,71211.95,537.56951
2026-03-15 00:00:00+00:00,1773532800000,71211.95,71220.74,70967.59,70985.28,576.24004
2026-03-15 01:00:00+00:00,1773536400000,70985.29,71037.41,70858.82,70985.83,340.54476
2026-03-15 02:00:00+00:00,1773540000000,70985.84,71634.08,70985.84,71450.53,895.09143
2026-03-15 03:00:00+00:00,1773543600000,71450.54,71538.03,71240.68,71363.14,779.68802
2026-03-15 04:00:00+00:00,1773547200000,71363.13,71661.55,71330.66,71606.32,779.77883
2026-03-15 05:00:00+00:00,1773550800000,71606.31,71800.68,71476.0,71489.68,792.96245
2026-03-15 06:00:00+00:00,1773554400000,71489.67,71595.43,71373.75,71458.41,528.89919
2026-03-15 07:00:00+00:00,1773558000000,71458.41,71658.44,71411.88,71453.59,276.05348
2026-03-15 08:00:00+00:00,1773561600000,71453.59,71736.72,71453.59,71717.5,551.40345
2026-03-15 09:00:00+00:00,1773565200000,71717.5,71940.49,71713.9,71791.1,640.93656
2026-03-15 10:00:00+00:00,1773568800000,71791.11,71919.19,71714.37,71783.09,525.0135
2026-03-15 11:00:00+00:00,1773572400000,71783.1,71888.0,71659.71,71839.42,452.79199
2026-03-15 12:00:00+00:00,1773576000000,71839.41,71839.42,71560.21,71610.33,324.76249
2026-03-15 13:00:00+00:00,1773579600000,71610.33,71679.81,71263.99,71607.54,1108.48189
2026-03-15 14:00:00+00:00,1773583200000,71607.54,71635.56,71341.68,71622.03,452.09243
2026-03-15 15:00:00+00:00,1773586800000,71622.04,71626.0,71410.0,71481.24,210.01259
2026-03-15 16:00:00+00:00,1773590400000,71481.24,71586.75,71320.08,71437.35,302.61771
2026-03-15 17:00:00+00:00,1773594000000,71437.35,71989.93,71409.74,71819.95,365.80062
2026-03-15 18:00:00+00:00,1773597600000,71819.96,71885.55,71321.87,71390.53,321.10675
2026-03-15 19:00:00+00:00,1773601200000,71390.53,71582.83,71338.67,71549.94,251.59972
2026-03-15 20:00:00+00:00,1773604800000,71549.94,71930.0,71433.75,71730.81,236.54566
2026-03-15 21:00:00+00:00,1773608400000,71730.81,72222.0,71629.99,72109.58,459.80342
2026-03-15 22:00:00+00:00,1773612000000,72109.59,73081.77,71725.74,72749.44,1471.44945
2026-03-15 23:00:00+00:00,1773615600000,72749.45,73199.0,72420.44,72815.24,1393.63061
2026-03-16 00:00:00+00:00,1773619200000,72815.25,73008.94,72452.26,72531.26,685.4345
2026-03-16 01:00:00+00:00,1773622800000,72531.27,72852.28,72270.41,72752.9,715.87613
2026-03-16 02:00:00+00:00,1773626400000,72752.9,72852.28,72368.08,72514.69,487.11967
2026-03-16 03:00:00+00:00,1773630000000,72514.69,74330.34,72436.02,73573.32,3424.72669
2026-03-16 04:00:00+00:00,1773633600000,73573.31,74451.03,73573.31,73835.62,1907.76761
2026-03-16 05:00:00+00:00,1773637200000,73835.62,74258.07,73720.0,74207.49,1421.12171
2026-03-16 06:00:00+00:00,1773640800000,74207.49,74207.5,73610.0,73714.36,1229.39836
2026-03-16 07:00:00+00:00,1773644400000,73714.36,73924.83,73385.18,73456.68,958.93738
2026-03-16 08:00:00+00:00,1773648000000,73456.69,73776.13,72888.8,73135.0,1562.06854
2026-03-16 09:00:00+00:00,1773651600000,73135.0,73331.88,73057.25,73260.92,531.7209
2026-03-16 10:00:00+00:00,1773655200000,73260.92,73783.42,73202.89,73783.42,1038.45265
2026-03-16 11:00:00+00:00,1773658800000,73783.42,73838.76,73515.33,73552.77,680.69185
2026-03-16 12:00:00+00:00,1773662400000,73552.78,74044.0,73465.46,73864.8,921.55759
2026-03-16 13:00:00+00:00,1773666000000,73864.81,74509.52,73787.0,74109.55,1593.51066
2026-03-16 14:00:00+00:00,1773669600000,74109.56,74460.19,72990.52,73565.54,2204.69587
2026-03-16 15:00:00+00:00,1773673200000,73565.54,74030.0,73186.5,73274.76,1024.65577
2026-03-16 16:00:00+00:00,1773676800000,73274.75,73901.95,73160.66,73760.63,1016.72181
2026-03-16 17:00:00+00:00,1773680400000,73760.63,74065.7,73648.7,73943.18,906.04408
2026-03-16 18:00:00+00:00,1773684000000,73943.17,74356.32,73860.0,73913.6,1086.95746
2026-03-16 19:00:00+00:00,1773687600000,73913.6,74418.6,73781.54,73963.0,1122.08511
2026-03-16 20:00:00+00:00,1773691200000,73963.0,74248.95,73863.2,74236.9,424.59345
2026-03-16 21:00:00+00:00,1773694800000,74236.9,74799.0,74150.0,74401.36,1246.95221
2026-03-16 22:00:00+00:00,1773698400000,74401.35,74899.99,74378.43,74772.66,1058.73068
2026-03-16 23:00:00+00:00,1773702000000,74773.56,74909.08,74250.21,74884.67,1159.70951
2026-03-17 00:00:00+00:00,1773705600000,74884.67,75520.23,74614.18,75318.48,2173.5367
2026-03-17 01:00:00+00:00,1773709200000,75318.48,76000.0,75074.37,75623.91,1953.08873
2026-03-17 02:00:00+00:00,1773712800000,75623.91,75677.66,75114.67,75198.02,1068.24779
2026-03-17 03:00:00+00:00,1773716400000,75198.02,75326.15,74268.73,74463.98,1730.33731
2026-03-17 04:00:00+00:00,1773720000000,74463.98,74712.89,73980.16,74252.01,2017.11887
2026-03-17 05:00:00+00:00,1773723600000,74252.0,74459.99,73784.0,74036.74,1250.81696
2026-03-17 06:00:00+00:00,1773727200000,74036.74,74276.66,73877.56,74085.45,879.74749
2026-03-17 07:00:00+00:00,1773730800000,74085.46,74457.72,74066.4,74249.32,771.242
2026-03-17 08:00:00+00:00,1773734400000,74249.32,74452.97,74108.01,74188.38,461.65295
2026-03-17 09:00:00+00:00,1773738000000,74188.38,74406.03,73841.62,73937.16,864.16263
2026-03-17 10:00:00+00:00,1773741600000,73937.16,73960.74,73560.98,73729.45,1049.0691
2026-03-17 11:00:00+00:00,1773745200000,73729.45,74224.16,73682.01,74033.11,647.95804
2026-03-17 12:00:00+00:00,1773748800000,74033.1,74170.55,73672.25,73739.74,614.23436
2026-03-17 13:00:00+00:00,1773752400000,73739.74,74167.39,73399.19,73615.48,1159.88444
2026-03-17 14:00:00+00:00,1773756000000,73615.49,74425.31,73424.79,74381.7,1362.71508
2026-03-17 15:00:00+00:00,1773759600000,74381.69,74893.94,73669.91,73914.39,1370.72331
2026-03-17 16:00:00+00:00,1773763200000,73914.4,74350.0,73855.24,74155.69,747.87279
2026-03-17 17:00:00+00:00,1773766800000,74155.68,74594.0,74006.58,74523.75,826.10844
2026-03-17 18:00:00+00:00,1773770400000,74523.76,74769.17,74386.11,74683.04,707.46038
2026-03-17 19:00:00+00:00,1773774000000,74683.04,74800.0,74427.25,74512.17,768.60522
2026-03-17 20:00:00+00:00,1773777600000,74511.21,74685.5,74359.87,74506.75,466.76372
2026-03-17 21:00:00+00:00,1773781200000,74506.75,74799.0,74450.01,74685.42,618.20101
2026-03-17 22:00:00+00:00,1773784800000,74685.42,74772.14,73934.0,74307.08,488.30847
2026-03-17 23:00:00+00:00,1773788400000,74307.08,74398.74,73871.74,73909.36,523.41057
2026-03-18 00:00:00+00:00,1773792000000,73909.37,74063.22,73535.36,73867.88,673.31061
2026-03-18 01:00:00+00:00,1773795600000,73867.88,74211.43,73820.69,74072.3,537.72886
2026-03-18 02:00:00+00:00,1773799200000,74072.3,74476.0,74051.78,74338.93,549.53806
2026-03-18 03:00:00+00:00,1773802800000,74338.93,74672.34,74250.27,74446.14,459.80928
2026-03-18 04:00:00+00:00,1773806400000,74446.14,74486.3,74137.02,74175.49,472.35206
2026-03-18 05:00:00+00:00,1773810000000,74175.48,74312.11,73830.76,73950.0,662.80056
2026-03-18 06:00:00+00:00,1773813600000,73950.01,74225.82,73938.1,73954.03,652.79254
2026-03-18 07:00:00+00:00,1773817200000,73954.03,73997.04,73700.01,73883.8,504.7237
2026-03-18 08:00:00+00:00,1773820800000,73883.8,74130.02,73863.31,74044.89,735.50464
2026-03-18 09:00:00+00:00,1773824400000,74044.9,74281.33,74042.85,74181.08,347.16358
2026-03-18 10:00:00+00:00,1773828000000,74181.08,74267.77,73816.26,73946.35,478.90858
2026-03-18 11:00:00+00:00,1773831600000,73946.35,74074.84,72800.0,72952.85,1877.69179
2026-03-18 12:00:00+00:00,1773835200000,72952.85,72981.79,72271.11,72361.24,1819.95371
2026-03-18 13:00:00+00:00,1773838800000,72361.13,72556.81,71980.0,72133.49,1607.02731
2026-03-18 14:00:00+00:00,1773842400000,72133.48,72222.45,71100.0,71193.23,2385.98822
2026-03-18 15:00:00+00:00,1773846000000,71193.23,71531.54,70857.21,71467.82,2560.23665
2026-03-18 16:00:00+00:00,1773849600000,71467.82,71565.78,71037.34,71314.08,967.21409
2026-03-18 17:00:00+00:00,1773853200000,71314.07,71750.0,71199.87,71595.21,1025.9984
2026-03-18 18:00:00+00:00,1773856800000,71595.21,72000.5,70947.78,71096.74,1475.11719
2026-03-18 19:00:00+00:00,1773860400000,71096.75,71486.14,70933.85,71072.38,867.91916
2026-03-18 20:00:00+00:00,1773864000000,71072.38,71333.33,70500.0,71214.67,1180.62213
2026-03-18 21:00:00+00:00,1773867600000,71214.67,71451.22,71167.15,71263.67,338.26453
2026-03-18 22:00:00+00:00,1773871200000,71263.67,71269.02,70944.56,71153.66,520.94837
2026-03-18 23:00:00+00:00,1773874800000,71153.67,71365.4,71069.69,71246.54,691.26691
2026-03-19 00:00:00+00:00,1773878400000,71246.55,71321.81,70976.69,71002.17,887.95607
2026-03-19 01:00:00+00:00,1773882000000,71002.18,71182.44,70951.93,71115.23,391.40796
2026-03-19 02:00:00+00:00,1773885600000,71115.24,71252.83,70902.37,71055.44,554.97617
2026-03-19 03:00:00+00:00,1773889200000,71055.44,71613.79,71053.33,71215.39,593.60943
2026-03-19 04:00:00+00:00,1773892800000,71215.39,71215.39,70654.86,70822.07,702.86032
2026-03-19 05:00:00+00:00,1773896400000,70822.06,70909.88,70661.56,70826.54,416.16191
2026-03-19 06:00:00+00:00,1773900000000,70826.55,70979.99,70505.0,70583.22,619.8514
2026-03-19 07:00:00+00:00,1773903600000,70583.22,70600.04,69478.51,70191.17,2753.9557
2026-03-19 08:00:00+00:00,1773907200000,70191.16,70300.0,69900.0,69985.19,1015.64209
2026-03-19 09:00:00+00:00,1773910800000,69985.19,70560.91,69971.99,70513.0,1262.65596
2026-03-19 10:00:00+00:00,1773914400000,70513.0,70538.74,70117.0,70133.72,613.17552
2026-03-19 11:00:00+00:00,1773918000000,70133.73,70259.37,69909.09,69952.75,542.70053
2026-03-19 12:00:00+00:00,1773921600000,69952.75,69952.76,69105.49,69290.27,1452.42038
2026-03-19 13:00:00+00:00,1773925200000,69290.28,70084.35,69081.51,69905.65,1720.19325
2026-03-19 14:00:00+00:00,1773928800000,69905.65,70179.53,69096.16,69482.25,1636.49639
2026-03-19 15:00:00+00:00,1773932400000,69482.24,69917.87,68793.35,69412.51,1898.28931
2026-03-19 16:00:00+00:00,1773936000000,69412.52,69642.35,69177.19,69455.86,858.32753
2026-03-19 17:00:00+00:00,1773939600000,69455.86,69954.18,69122.03,69854.16,759.67868
2026-03-19 18:00:00+00:00,1773943200000,69854.15,69931.1,69581.55,69821.21,442.61763
2026-03-19 19:00:00+00:00,1773946800000,69821.21,70596.42,69805.33,70271.99,1190.55299
2026-03-19 20:00:00+00:00,1773950400000,70272.0,70676.0,70201.0,70483.03,488.71031
2026-03-19 21:00:00+00:00,1773954000000,70483.03,70695.6,70371.19,70413.47,418.78383
2026-03-19 22:00:00+00:00,1773957600000,70413.46,70501.89,69954.05,70183.99,551.7482
2026-03-19 23:00:00+00:00,1773961200000,70184.0,70282.47,69718.23,69930.0,592.04663
2026-03-20 00:00:00+00:00,1773964800000,69930.01,70311.12,69837.1,70181.0,871.72419
2026-03-20 01:00:00+00:00,1773968400000,70181.0,70588.5,70181.0,70403.79,526.82154
2026-03-20 02:00:00+00:00,1773972000000,70403.8,70516.16,70086.86,70415.47,312.91426
2026-03-20 03:00:00+00:00,1773975600000,70415.48,70809.43,70388.0,70729.92,711.57589
2026-03-20 04:00:00+00:00,1773979200000,70729.93,70969.71,70557.91,70783.69,546.53749
2026-03-20 05:00:00+00:00,1773982800000,70783.7,70867.44,70521.73,70606.24,367.69531
2026-03-20 06:00:00+00:00,1773986400000,70606.23,70646.93,70346.49,70502.9,758.81391
2026-03-20 07:00:00+00:00,1773990000000,70502.91,70939.58,70160.06,70854.66,936.89906
2026-03-20 08:00:00+00:00,1773993600000,70854.66,71367.0,70800.0,71042.23,1011.96314
2026-03-20 09:00:00+00:00,1773997200000,71042.23,71042.23,70419.65,70583.8,885.49116
2026-03-20 10:00:00+00:00,1774000800000,70583.81,70670.43,70218.68,70611.68,609.11713
2026-03-20 11:00:00+00:00,1774004400000,70611.68,70810.81,70303.36,70478.71,605.56445
2026-03-20 12:00:00+00:00,1774008000000,70478.71,70685.63,70251.0,70342.63,613.27107
2026-03-20 13:00:00+00:00,1774011600000,70342.63,70613.75,69795.7,69863.84,1225.89394
2026-03-20 14:00:00+00:00,1774015200000,69863.85,70268.66,69589.38,69731.21,1679.84994
2026-03-20 15:00:00+00:00,1774018800000,69731.2,70002.68,69480.0,69860.09,1196.90076
2026-03-20 16:00:00+00:00,1774022400000,69860.09,70100.0,69608.54,69829.26,922.25773
2026-03-20 17:00:00+00:00,1774026000000,69829.27,70039.78,69388.0,70000.0,998.84797
2026-03-20 18:00:00+00:00,1774029600000,69999.99,70071.81,69525.33,69770.0,630.4796
2026-03-20 19:00:00+00:00,1774033200000,69770.01,70190.18,69673.76,70177.86,528.39593
2026-03-20 20:00:00+00:00,1774036800000,70177.85,70259.28,69754.71,70057.66,435.39665
2026-03-20 21:00:00+00:00,1774040400000,70057.66,70726.13,69946.65,70540.73,780.46042
2026-03-20 22:00:00+00:00,1774044000000,70540.72,70923.75,70532.0,70767.85,591.69583
2026-03-20 23:00:00+00:00,1774047600000,70767.85,70771.13,70430.0,70510.73,372.60008
2026-03-21 00:00:00+00:00,1774051200000,70510.73,70826.0,70467.36,70682.19,274.67077
2026-03-21 01:00:00+00:00,1774054800000,70682.2,70758.5,70445.36,70464.59,375.95226
2026-03-21 02:00:00+00:00,1774058400000,70464.6,70785.9,70431.67,70737.6,316.88084
2026-03-21 03:00:00+00:00,1774062000000,70737.6,70784.07,70632.39,70657.35,226.82019
2026-03-21 04:00:00+00:00,1774065600000,70657.35,70819.0,70617.05,70642.13,487.10407
2026-03-21 05:00:00+00:00,1774069200000,70642.14,70834.46,70635.1,70697.94,941.44912
2026-03-21 06:00:00+00:00,1774072800000,70697.94,70831.14,70693.06,70774.65,857.26608
2026-03-21 07:00:00+00:00,1774076400000,70773.55,70879.76,70677.44,70727.33,431.42703
2026-03-21 08:00:00+00:00,1774080000000,70727.33,70753.79,70492.02,70594.43,956.10118
2026-03-21 09:00:00+00:00,1774083600000,70594.42,70735.36,70570.4,70661.59,204.69969
2026-03-21 10:00:00+00:00,1774087200000,70661.59,70695.32,70559.69,70605.64,524.32782
2026-03-21 11:00:00+00:00,1774090800000,70605.64,70652.73,70567.79,70652.72,360.21459
2026-03-21 12:00:00+00:00,1774094400000,70652.73,70800.0,70652.73,70722.61,199.41863
2026-03-21 13:00:00+00:00,1774098000000,70722.61,70812.74,70707.12,70740.18,171.5437
2026-03-21 14:00:00+00:00,1774101600000,70740.18,71100.94,70592.53,70629.1,873.72717
2026-03-21 15:00:00+00:00,1774105200000,70629.09,70760.0,70453.09,70630.02,399.45062
2026-03-21 16:00:00+00:00,1774108800000,70630.02,70652.64,70251.0,70301.66,435.70425
2026-03-21 17:00:00+00:00,1774112400000,70301.66,70426.18,70210.0,70304.08,444.648
2026-03-21 18:00:00+00:00,1774116000000,70303.45,70534.38,70290.48,70389.19,200.5858
2026-03-21 19:00:00+00:00,1774119600000,70389.18,70448.79,70324.7,70396.0,140.45698
2026-03-21 20:00:00+00:00,1774123200000,70396.01,70508.11,70358.9,70462.28,697.39549
2026-03-21 21:00:00+00:00,1774126800000,70462.27,70516.82,70268.06,70345.57,629.83259
2026-03-21 22:00:00+00:00,1774130400000,70345.57,70384.95,70265.55,70277.22,737.88495
2026-03-21 23:00:00+00:00,1774134000000,70277.21,70293.82,68571.42,68918.12,2509.60568
2026-03-22 00:00:00+00:00,1774137600000,68918.12,69155.86,68228.5,68954.71,2161.16442
2026-03-22 01:00:00+00:00,1774141200000,68954.7,69100.0,68762.31,68962.4,809.55651
2026-03-22 02:00:00+00:00,1774144800000,68962.4,69411.1,68951.21,69278.12,506.62838
2026-03-22 03:00:00+00:00,1774148400000,69278.12,69588.79,69123.13,69339.99,671.1404
2026-03-22 04:00:00+00:00,1774152000000,69340.0,69526.85,69215.89,69358.0,626.75701
2026-03-22 05:00:00+00:00,1774155600000,69358.0,69358.0,69150.0,69153.41,322.14134
2026-03-22 06:00:00+00:00,1774159200000,69153.41,69245.79,69059.87,69164.06,378.08519
2026-03-22 07:00:00+00:00,1774162800000,69164.06,69250.08,68892.93,68919.38,432.94301
2026-03-22 08:00:00+00:00,1774166400000,68919.37,68990.67,68523.96,68804.77,1053.77702
2026-03-22 09:00:00+00:00,1774170000000,68804.77,68901.65,68587.78,68826.2,383.82763
2026-03-22 10:00:00+00:00,1774173600000,68826.21,68847.83,68584.27,68648.17,360.03346
2026-03-22 11:00:00+00:00,1774177200000,68648.16,68691.03,68110.55,68217.95,784.4316
2026-03-22 12:00:00+00:00,1774180800000,68217.94,68763.18,68199.04,68654.83,484.243
2026-03-22 13:00:00+00:00,1774184400000,68654.83,68957.24,68548.32,68700.02,548.07349
2026-03-22 14:00:00+00:00,1774188000000,68700.02,68915.27,68542.1,68711.66,385.54476
2026-03-22 15:00:00+00:00,1774191600000,68711.66,69005.71,68700.0,68847.96,391.17296
2026-03-22 16:00:00+00:00,1774195200000,68847.97,68885.53,68665.62,68805.58,258.25035
2026-03-22 17:00:00+00:00,1774198800000,68805.58,68848.32,68665.34,68673.02,252.16281
2026-03-22 18:00:00+00:00,1774202400000,68672.85,68743.18,68344.57,68618.58,340.01718
2026-03-22 19:00:00+00:00,1774206000000,68618.57,68626.07,68145.01,68199.93,472.99305
2026-03-22 20:00:00+00:00,1774209600000,68199.93,68498.4,68080.0,68176.46,319.53245
2026-03-22 21:00:00+00:00,1774213200000,68176.47,68228.71,67360.66,67899.97,1535.47353
2026-03-22 22:00:00+00:00,1774216800000,67899.97,68396.94,67571.67,68339.37,856.561
2026-03-22 23:00:00+00:00,1774220400000,68339.38,68474.0,67839.99,67859.0,509.27627
2026-03-23 00:00:00+00:00,1774224000000,67859.0,68161.41,67445.18,67669.99,823.69218
2026-03-23 01:00:00+00:00,1774227600000,67670.0,68157.31,67536.01,67905.0,628.21786
2026-03-23 02:00:00+00:00,1774231200000,67905.0,68400.0,67801.67,68320.72,627.90507
2026-03-23 03:00:00+00:00,1774234800000,68320.72,68585.12,68059.88,68074.6,415.80047
2026-03-23 04:00:00+00:00,1774238400000,68074.6,68550.0,68057.56,68541.0,486.61149
2026-03-23 05:00:00+00:00,1774242000000,68541.0,68915.4,68541.0,68899.92,1162.54953
2026-03-23 06:00:00+00:00,1774245600000,68899.92,68904.42,67698.86,67874.19,1218.88217
2026-03-23 07:00:00+00:00,1774249200000,67874.2,68464.42,67502.48,68333.16,1946.35809
2026-03-23 08:00:00+00:00,1774252800000,68333.16,68696.91,68328.55,68434.26,1238.43118
2026-03-23 09:00:00+00:00,1774256400000,68434.27,68471.11,67916.14,68334.01,382.31585
2026-03-23 10:00:00+00:00,1774260000000,68334.01,68714.28,68299.82,68551.02,494.85509
2026-03-23 11:00:00+00:00,1774263600000,68551.02,71499.0,68544.15,70122.15,7050.35572
2026-03-23 12:00:00+00:00,1774267200000,70122.15,70877.35,69671.95,70752.15,1915.66623
2026-03-23 13:00:00+00:00,1774270800000,70752.14,71587.98,70600.0,71481.13,1712.52184
2026-03-23 14:00:00+00:00,1774274400000,71481.13,71817.09,71127.14,71446.46,1663.17727
2026-03-23 15:00:00+00:00,1774278000000,71446.46,71660.01,70103.21,70131.48,2051.70929
2026-03-23 16:00:00+00:00,1774281600000,70131.48,70753.43,70131.47,70561.54,1367.86918
2026-03-23 17:00:00+00:00,1774285200000,70561.54,71119.09,70363.63,71085.16,673.70407
2026-03-23 18:00:00+00:00,1774288800000,71085.16,71195.21,70879.85,71076.22,593.89042
2026-03-23 19:00:00+00:00,1774292400000,71076.22,71246.01,70649.4,70679.05,615.8582
2026-03-23 20:00:00+00:00,1774296000000,70679.04,70983.33,70559.03,70915.59,394.04509
2026-03-23 21:00:00+00:00,1774299600000,70915.59,70998.0,70827.66,70851.35,222.54858
2026-03-23 22:00:00+00:00,1774303200000,70851.36,70896.76,70520.22,70780.22,279.983
2026-03-23 23:00:00+00:00,1774306800000,70780.22,70998.0,70404.39,70906.45,368.14332
2026-03-24 00:00:00+00:00,1774310400000,70906.45,71099.96,70423.36,70679.2,735.8297
2026-03-24 01:00:00+00:00,1774314000000,70679.2,70891.53,70278.46,70516.57,730.30371
2026-03-24 02:00:00+00:00,1774317600000,70516.57,70698.0,70369.46,70453.37,431.98798
2026-03-24 03:00:00+00:00,1774321200000,70453.38,70583.36,70404.54,70542.9,380.97532
2026-03-24 04:00:00+00:00,1774324800000,70542.9,70741.64,70247.91,70372.44,474.91642
2026-03-24 05:00:00+00:00,1774328400000,70372.45,70374.38,70119.06,70283.85,641.69358
2026-03-24 06:00:00+00:00,1774332000000,70283.84,70572.83,70253.23,70541.38,850.05748
2026-03-24 07:00:00+00:00,1774335600000,70541.39,71400.0,70488.0,71291.7,1722.67702
2026-03-24 08:00:00+00:00,1774339200000,71291.7,71349.1,70850.11,70964.15,725.27631
2026-03-24 09:00:00+00:00,1774342800000,70964.16,71368.61,70851.77,71316.97,511.50447
2026-03-24 10:00:00+00:00,1774346400000,71316.98,71328.59,71078.09,71272.87,680.81546
2026-03-24 11:00:00+00:00,1774350000000,71272.87,71327.26,70964.94,71157.77,560.33228
2026-03-24 12:00:00+00:00,1774353600000,71157.77,71177.66,70860.18,70956.48,460.8181
2026-03-24 13:00:00+00:00,1774357200000,70956.48,71059.59,69968.02,70100.46,1729.62355
2026-03-24 14:00:00+00:00,1774360800000,70100.46,70462.91,69507.34,69869.93,1973.02189
2026-03-24 15:00:00+00:00,1774364400000,69869.93,70255.37,69770.85,69873.04,1419.67177
2026-03-24 16:00:00+00:00,1774368000000,69873.04,70001.92,69340.08,69476.87,889.76128
2026-03-24 17:00:00+00:00,1774371600000,69476.88,69512.73,68923.07,69238.43,1294.24297
2026-03-24 18:00:00+00:00,1774375200000,69238.44,69746.4,69168.64,69430.24,808.06583
2026-03-24 19:00:00+00:00,1774378800000,69430.25,69700.0,69277.04,69377.33,547.42601
2026-03-24 20:00:00+00:00,1774382400000,69377.33,70295.54,69296.15,70093.19,1018.45154
2026-03-24 21:00:00+00:00,1774386000000,70093.19,70400.0,69901.39,70332.93,686.65263
2026-03-24 22:00:00+00:00,1774389600000,70332.93,70586.86,70140.5,70316.96,686.91503
2026-03-24 23:00:00+00:00,1774393200000,70316.96,70832.54,70270.0,70556.74,741.40211
2026-03-25 00:00:00+00:00,1774396800000,70556.74,71100.28,70476.9,70840.75,784.33083
2026-03-25 01:00:00+00:00,1774400400000,70840.75,70977.35,70629.72,70677.18,624.19197
2026-03-25 02:00:00+00:00,1774404000000,70677.19,70781.39,70490.77,70531.09,582.86416
2026-03-25 03:00:00+00:00,1774407600000,70531.1,70808.37,70408.0,70716.7,513.15296
2026-03-25 04:00:00+00:00,1774411200000,70716.7,70977.49,70703.83,70968.64,623.46021
2026-03-25 05:00:00+00:00,1774414800000,70968.64,71345.0,70940.0,71117.66,850.19172
2026-03-25 06:00:00+00:00,1774418400000,71117.65,71260.0,70984.67,70991.83,934.75878
2026-03-25 07:00:00+00:00,1774422000000,70991.82,71270.11,70891.31,70926.88,470.72474
2026-03-25 08:00:00+00:00,1774425600000,70926.88,71503.94,70800.0,71248.39,1150.83138
2026-03-25 09:00:00+00:00,1774429200000,71248.4,71415.12,71101.99,71345.91,598.42707
2026-03-25 10:00:00+00:00,1774432800000,71345.91,71641.91,71291.69,71501.39,485.22161
2026-03-25 11:00:00+00:00,1774436400000,71501.4,72026.09,71470.49,71678.97,1053.03231
2026-03-25 12:00:00+00:00,1774440000000,71678.97,71955.17,71105.43,71715.24,1032.92186
2026-03-25 13:00:00+00:00,1774443600000,71715.24,71963.71,71515.84,71581.42,982.27587
2026-03-25 14:00:00+00:00,1774447200000,71581.42,71699.87,71230.51,71234.28,810.44092
2026-03-25 15:00:00+00:00,1774450800000,71234.28,71301.37,70530.47,70832.99,1384.84596
2026-03-25 16:00:00+00:00,1774454400000,70832.99,71752.88,70719.26,71324.01,1283.82328
2026-03-25 17:00:00+00:00,1774458000000,71324.01,71389.14,70720.38,70779.0,662.98589
2026-03-25 18:00:00+00:00,1774461600000,70778.99,71149.07,70681.07,70810.34,535.29926
2026-03-25 19:00:00+00:00,1774465200000,70810.34,71093.37,70777.51,70883.31,513.05944
2026-03-25 20:00:00+00:00,1774468800000,70883.32,71058.82,70646.34,71009.5,573.58151
2026-03-25 21:00:00+00:00,1774472400000,71009.5,71175.0,70949.3,71035.24,379.86408
2026-03-25 22:00:00+00:00,1774476000000,71035.25,71594.11,70947.61,71369.08,505.87572
2026-03-25 23:00:00+00:00,1774479600000,71369.07,71511.83,71189.55,71336.53,383.33913
2026-03-26 00:00:00+00:00,1774483200000,71336.53,71436.82,71142.38,71299.27,548.42613
2026-03-26 01:00:00+00:00,1774486800000,71299.27,71377.04,71159.06,71252.11,522.16838
2026-03-26 02:00:00+00:00,1774490400000,71252.11,71289.49,70672.37,70893.01,575.89477
2026-03-26 03:00:00+00:00,1774494000000,70893.01,70968.66,70685.69,70921.47,510.5495
2026-03-26 04:00:00+00:00,1774497600000,70921.47,70921.47,70721.46,70772.01,433.11432
2026-03-26 05:00:00+00:00,1774501200000,70772.01,70796.32,69942.96,70016.98,1271.74189
2026-03-26 06:00:00+00:00,1774504800000,70016.97,70152.63,69855.73,70097.18,1016.19011
2026-03-26 07:00:00+00:00,1774508400000,70097.19,70167.6,69805.0,70087.44,713.03812
2026-03-26 08:00:00+00:00,1774512000000,70087.44,70127.69,69806.39,70024.77,510.82818
2026-03-26 09:00:00+00:00,1774515600000,70024.78,70144.44,69409.67,69562.41,1313.07806
2026-03-26 10:00:00+00:00,1774519200000,69562.41,69719.96,69464.58,69517.68,694.15594
2026-03-26 11:00:00+00:00,1774522800000,69517.68,69667.56,69192.96,69276.01,803.66639
2026-03-26 12:00:00+00:00,1774526400000,69276.01,69461.28,69226.34,69436.42,589.82378
2026-03-26 13:00:00+00:00,1774530000000,69436.42,69877.45,69218.0,69646.59,1361.59869
2026-03-26 14:00:00+00:00,1774533600000,69646.59,69837.12,69259.25,69479.92,943.35709
2026-03-26 15:00:00+00:00,1774537200000,69479.91,69497.73,68632.4,69082.64,1805.07582
2026-03-26 16:00:00+00:00,1774540800000,69082.64,69142.94,68823.21,68932.52,949.52674
2026-03-26 17:00:00+00:00,1774544400000,68932.53,69162.0,68377.83,68486.86,1130.52816
2026-03-26 18:00:00+00:00,1774548000000,68486.86,68603.75,68153.0,68497.25,1402.56662
2026-03-26 19:00:00+00:00,1774551600000,68497.25,68681.54,68358.8,68534.36,543.97259
2026-03-26 20:00:00+00:00,1774555200000,68534.37,69478.42,68436.74,69005.21,1707.65634
2026-03-26 21:00:00+00:00,1774558800000,69005.21,69205.43,68879.05,68921.1,598.68777
2026-03-26 22:00:00+00:00,1774562400000,68921.1,69028.89,68603.24,68892.67,484.39394
2026-03-26 23:00:00+00:00,1774566000000,68892.66,68994.16,68640.0,68820.31,390.41835
2026-03-27 00:00:00+00:00,1774569600000,68820.31,68965.15,68531.37,68785.01,634.46014
2026-03-27 01:00:00+00:00,1774573200000,68785.0,69066.51,68700.0,69051.27,555.05692
2026-03-27 02:00:00+00:00,1774576800000,69051.27,69179.05,68862.0,68903.59,948.45642
2026-03-27 03:00:00+00:00,1774580400000,68903.58,68924.0,68668.72,68767.51,576.98772
2026-03-27 04:00:00+00:00,1774584000000,68767.5,68791.4,68304.14,68578.0,846.47748
2026-03-27 05:00:00+00:00,1774587600000,68577.99,68865.88,68511.79,68630.77,773.74806
2026-03-27 06:00:00+00:00,1774591200000,68630.76,68846.0,68567.62,68656.15,672.0882
2026-03-27 07:00:00+00:00,1774594800000,68656.16,68955.53,68399.18,68540.48,1641.76445
2026-03-27 08:00:00+00:00,1774598400000,68540.49,68635.07,67609.29,67920.5,1817.58289
2026-03-27 09:00:00+00:00,1774602000000,67920.51,67960.32,67548.67,67695.81,812.25094
2026-03-27 10:00:00+00:00,1774605600000,67695.81,67778.99,66326.38,66502.41,3012.9263
2026-03-27 11:00:00+00:00,1774609200000,66502.41,66848.05,66231.96,66702.78,1683.20205
2026-03-27 12:00:00+00:00,1774612800000,66702.78,66773.25,66432.19,66619.76,964.55681
2026-03-27 13:00:00+00:00,1774616400000,66619.75,66757.3,66025.0,66188.32,2427.72498
2026-03-27 14:00:00+00:00,1774620000000,66188.31,66404.0,65730.17,66205.06,2475.49917
2026-03-27 15:00:00+00:00,1774623600000,66205.07,66638.25,65958.75,66112.82,2405.26081
2026-03-27 16:00:00+00:00,1774627200000,66112.82,66177.99,65812.43,65979.29,1226.73521
2026-03-27 17:00:00+00:00,1774630800000,65979.29,66290.0,65600.0,65632.92,1002.16119
2026-03-27 18:00:00+00:00,1774634400000,65632.93,65951.96,65548.25,65836.69,915.82085
2026-03-27 19:00:00+00:00,1774638000000,65836.69,66145.0,65700.0,66040.66,818.3401
2026-03-27 20:00:00+00:00,1774641600000,66040.65,66152.51,65817.44,66020.76,511.09525
2026-03-27 21:00:00+00:00,1774645200000,66020.77,66186.01,66013.0,66098.0,636.71362
2026-03-27 22:00:00+00:00,1774648800000,66098.0,66098.01,65920.0,66020.79,739.86415
2026-03-27 23:00:00+00:00,1774652400000,66020.79,66420.75,65970.25,66407.28,504.92186
2026-03-28 00:00:00+00:00,1774656000000,66407.28,66520.46,66293.35,66431.55,499.89072
2026-03-28 01:00:00+00:00,1774659600000,66431.54,66431.55,66056.09,66178.85,613.17173
2026-03-28 02:00:00+00:00,1774663200000,66178.86,66251.67,65932.09,66053.2,490.39923
2026-03-28 03:00:00+00:00,1774666800000,66053.2,66259.66,66053.19,66240.0,705.96536
2026-03-28 04:00:00+00:00,1774670400000,66240.0,66304.72,66110.0,66285.01,452.84284
2026-03-28 05:00:00+00:00,1774674000000,66285.01,66407.96,66202.01,66341.9,675.62625
2026-03-28 06:00:00+00:00,1774677600000,66341.9,66500.0,66308.93,66382.0,485.97016
2026-03-28 07:00:00+00:00,1774681200000,66382.0,66573.61,66379.8,66561.48,737.38217
2026-03-28 08:00:00+00:00,1774684800000,66561.49,66570.09,66387.06,66409.33,708.34892
2026-03-28 09:00:00+00:00,1774688400000,66409.34,66416.77,66243.01,66311.32,634.09125
2026-03-28 10:00:00+00:00,1774692000000,66311.32,66411.79,66124.4,66221.38,306.12343
2026-03-28 11:00:00+00:00,1774695600000,66221.37,66358.0,66201.91,66319.47,223.42305
2026-03-28 12:00:00+00:00,1774699200000,66319.46,66527.01,66240.87,66455.09,344.10648
2026-03-28 13:00:00+00:00,1774702800000,66455.1,67163.99,66407.65,66835.1,1040.57902
2026-03-28 14:00:00+00:00,1774706400000,66835.1,66967.01,66666.66,66742.1,570.49869
2026-03-28 15:00:00+00:00,1774710000000,66742.09,67288.94,66717.15,67014.91,771.68723
2026-03-28 16:00:00+00:00,1774713600000,67014.92,67096.77,66855.24,66926.95,342.70522
2026-03-28 17:00:00+00:00,1774717200000,66926.94,66996.61,66704.0,66846.21,310.89662
2026-03-28 18:00:00+00:00,1774720800000,66846.2,66963.51,66834.87,66908.03,234.04169
2026-03-28 19:00:00+00:00,1774724400000,66908.03,66954.0,66804.71,66916.52,202.96743
2026-03-28 20:00:00+00:00,1774728000000,66916.52,67010.0,66906.0,66906.0,262.72665
2026-03-28 21:00:00+00:00,1774731600000,66906.0,66926.31,66600.01,66685.53,291.07026
2026-03-28 22:00:00+00:00,1774735200000,66685.53,66788.88,66588.22,66755.88,224.47432
2026-03-28 23:00:00+00:00,1774738800000,66755.88,66755.88,66283.38,66377.03,333.40975
2026-03-29 00:00:00+00:00,1774742400000,66377.04,66500.0,66281.4,66487.93,285.17232
2026-03-29 01:00:00+00:00,1774746000000,66487.93,66620.0,66385.88,66569.22,295.19169
2026-03-29 02:00:00+00:00,1774749600000,66569.22,66843.66,66540.96,66818.0,293.83335
2026-03-29 03:00:00+00:00,1774753200000,66818.01,67130.5,66760.48,66912.0,660.9466
2026-03-29 04:00:00+00:00,1774756800000,66912.0,66936.6,66717.51,66735.14,168.5724
2026-03-29 05:00:00+00:00,1774760400000,66735.14,66828.05,66597.1,66771.94,418.44564
2026-03-29 06:00:00+00:00,1774764000000,66771.94,66872.0,66636.0,66738.5,418.74617
2026-03-29 07:00:00+00:00,1774767600000,66738.5,66752.61,66556.78,66671.0,346.10727
2026-03-29 08:00:00+00:00,1774771200000,66671.0,66772.83,66600.0,66724.0,177.06023
2026-03-29 09:00:00+00:00,1774774800000,66724.0,66773.02,66549.54,66634.01,225.04256
2026-03-29 10:00:00+00:00,1774778400000,66634.01,66634.02,66418.0,66502.79,345.865
2026-03-29 11:00:00+00:00,1774782000000,66502.8,66988.01,66502.79,66816.28,336.66276
2026-03-29 12:00:00+00:00,1774785600000,66816.29,66870.34,66703.07,66849.88,185.85649
2026-03-29 13:00:00+00:00,1774789200000,66849.88,66875.24,66524.28,66580.36,359.5639
2026-03-29 14:00:00+00:00,1774792800000,66580.36,66797.01,66461.0,66589.64,372.89659
2026-03-29 15:00:00+00:00,1774796400000,66589.64,66730.6,66334.37,66523.0,518.27098
2026-03-29 16:00:00+00:00,1774800000000,66523.01,66665.05,66435.75,66499.35,232.56305
2026-03-29 17:00:00+00:00,1774803600000,66499.36,66546.0,66158.26,66385.84,329.15631
2026-03-29 18:00:00+00:00,1774807200000,66385.84,66540.43,66321.66,66427.26,147.43013
2026-03-29 19:00:00+00:00,1774810800000,66427.27,66477.81,66323.3,66348.62,285.67371
2026-03-29 20:00:00+00:00,1774814400000,66348.61,66793.83,66348.61,66614.05,280.05501
2026-03-29 21:00:00+00:00,1774818000000,66614.04,66756.51,66509.41,66710.12,220.10647
2026-03-29 22:00:00+00:00,1774821600000,66710.12,66710.12,65000.0,65860.31,2219.11979
2026-03-29 23:00:00+00:00,1774825200000,65860.31,66382.98,65859.91,66010.93,930.51742
2026-03-30 00:00:00+00:00,1774828800000,66010.93,67059.66,65800.59,66280.25,1328.87485
2026-03-30 01:00:00+00:00,1774832400000,66280.24,66834.79,66280.24,66653.74,685.87133
2026-03-30 02:00:00+00:00,1774836000000,66653.74,67450.0,66580.01,67121.01,1220.60217
2026-03-30 03:00:00+00:00,1774839600000,67121.01,67319.33,66977.62,67173.8,466.26604
2026-03-30 04:00:00+00:00,1774843200000,67173.8,67650.01,67167.92,67616.29,809.57231
2026-03-30 05:00:00+00:00,1774846800000,67616.28,67800.0,67442.0,67492.46,627.15632
2026-03-30 06:00:00+00:00,1774850400000,67492.46,67585.97,67278.53,67305.14,721.7835
2026-03-30 07:00:00+00:00,1774854000000,67305.14,67624.39,67227.88,67624.39,584.47106
2026-03-30 08:00:00+00:00,1774857600000,67624.39,67946.02,67604.56,67666.44,1729.15176
2026-03-30 09:00:00+00:00,1774861200000,67666.44,67698.62,67460.0,67495.46,607.44273
2026-03-30 10:00:00+00:00,1774864800000,67495.46,67518.37,67360.41,67488.53,255.63666
2026-03-30 11:00:00+00:00,1774868400000,67488.88,68042.3,67488.88,67680.45,790.86208
2026-03-30 12:00:00+00:00,1774872000000,67680.44,67979.93,67666.17,67899.59,627.65449
2026-03-30 13:00:00+00:00,1774875600000,67899.59,68169.65,67428.57,67529.52,1379.99177
2026-03-30 14:00:00+00:00,1774879200000,67529.52,67864.49,67088.73,67799.54,1205.57197
2026-03-30 15:00:00+00:00,1774882800000,67799.54,67896.89,67407.63,67629.4,964.70473
2026-03-30 16:00:00+00:00,1774886400000,67629.4,67641.65,67222.0,67368.1,660.26793
2026-03-30 17:00:00+00:00,1774890000000,67368.1,67465.2,66650.0,66828.02,917.71373
2026-03-30 18:00:00+00:00,1774893600000,66828.02,66929.18,66508.25,66653.46,498.11738
2026-03-30 19:00:00+00:00,1774897200000,66653.45,66664.57,66233.13,66550.05,597.89786
2026-03-30 20:00:00+00:00,1774900800000,66550.06,66691.48,66523.75,66651.4,324.61202
2026-03-30 21:00:00+00:00,1774904400000,66651.41,66994.17,66587.32,66809.3,481.422
2026-03-30 22:00:00+00:00,1774908000000,66809.3,66989.1,66683.72,66784.98,169.50316
2026-03-30 23:00:00+00:00,1774911600000,66784.97,66797.38,66419.79,66797.37,698.2419
2026-03-31 00:00:00+00:00,1774915200000,66797.38,67303.33,66544.51,67208.75,658.94529
2026-03-31 01:00:00+00:00,1774918800000,67208.74,68408.37,67050.0,67938.54,1458.05548
2026-03-31 02:00:00+00:00,1774922400000,67938.05,68096.87,67775.18,67943.43,435.18783
2026-03-31 03:00:00+00:00,1774926000000,67943.43,68009.99,67648.2,67704.74,387.87365
2026-03-31 04:00:00+00:00,1774929600000,67704.74,67979.38,67405.89,67544.01,1149.88888
2026-03-31 05:00:00+00:00,1774933200000,67544.01,67780.34,67400.0,67681.68,653.43122
2026-03-31 06:00:00+00:00,1774936800000,67681.69,67711.02,67333.33,67492.85,511.27605
2026-03-31 07:00:00+00:00,1774940400000,67492.86,67524.65,67103.32,67367.69,1579.98188
2026-03-31 08:00:00+00:00,1774944000000,67367.7,67496.0,66688.68,66778.33,897.84489
2026-03-31 09:00:00+00:00,1774947600000,66778.34,66924.33,65998.05,66124.99,1512.48446
2026-03-31 10:00:00+00:00,1774951200000,66125.0,66471.08,66100.01,66363.38,788.27557
2026-03-31 11:00:00+00:00,1774954800000,66363.38,66922.58,66240.14,66685.69,989.3859
2026-03-31 12:00:00+00:00,1774958400000,66685.69,66939.9,66520.71,66653.26,539.00678
2026-03-31 13:00:00+00:00,1774962000000,66653.27,67412.11,66653.27,67302.29,1087.22021
2026-03-31 14:00:00+00:00,1774965600000,67302.28,67767.87,66427.53,66587.45,1485.37387
2026-03-31 15:00:00+00:00,1774969200000,66587.46,67283.25,66587.46,66736.8,1025.58837
2026-03-31 16:00:00+00:00,1774972800000,66736.79,68030.19,66729.28,67665.83,1334.03651
2026-03-31 17:00:00+00:00,1774976400000,67665.83,68589.49,67403.81,67526.75,2195.81331
2026-03-31 18:00:00+00:00,1774980000000,67526.76,67947.98,67526.3,67854.05,426.40012
2026-03-31 19:00:00+00:00,1774983600000,67854.04,68029.41,67716.35,67838.8,435.2447
2026-03-31 20:00:00+00:00,1774987200000,67838.79,68267.27,67831.7,68265.53,693.06575
2026-03-31 21:00:00+00:00,1774990800000,68265.53,68410.3,67884.0,68277.99,494.48096
2026-03-31 22:00:00+00:00,1774994400000,68278.0,68341.16,67962.27,68172.87,755.55219
2026-03-31 23:00:00+00:00,1774998000000,68173.59,68371.1,68090.2,68284.48,610.99275
2026-04-01 00:00:00+00:00,1775001600000,68284.49,68343.77,67853.3,68330.75,542.79511
2026-04-01 01:00:00+00:00,1775005200000,68330.76,68378.64,67760.33,67782.73,966.68117
2026-04-01 02:00:00+00:00,1775008800000,67782.74,67913.98,67578.75,67668.89,1114.17912
2026-04-01 03:00:00+00:00,1775012400000,67668.9,68250.0,67668.9,68170.67,551.94514
2026-04-01 04:00:00+00:00,1775016000000,68170.67,68476.26,68005.33,68303.83,711.87735
2026-04-01 05:00:00+00:00,1775019600000,68303.83,68755.51,68150.0,68456.02,817.4812
2026-04-01 06:00:00+00:00,1775023200000,68456.01,69236.78,68456.01,69102.85,1241.29278
2026-04-01 07:00:00+00:00,1775026800000,69102.8,69310.0,68667.02,68692.0,1537.595
2026-04-01 08:00:00+00:00,1775030400000,68692.0,68851.35,68389.21,68670.16,1279.02403
2026-04-01 09:00:00+00:00,1775034000000,68670.15,68733.78,68390.25,68644.0,480.44871
2026-04-01 10:00:00+00:00,1775037600000,68644.01,68662.26,68407.08,68585.55,974.80784
2026-04-01 11:00:00+00:00,1775041200000,68585.55,68736.15,68505.91,68712.52,752.56981
2026-04-01 12:00:00+00:00,1775044800000,68712.52,68786.0,68248.3,68393.6,1365.22557
2026-04-01 13:00:00+00:00,1775048400000,68393.6,68681.25,67918.83,68116.07,1032.06992
2026-04-01 14:00:00+00:00,1775052000000,68116.06,68690.98,68059.38,68593.55,905.1708
2026-04-01 15:00:00+00:00,1775055600000,68593.56,68965.0,68428.94,68918.52,789.38357
2026-04-01 16:00:00+00:00,1775059200000,68918.52,68986.66,68610.0,68816.34,705.16345
2026-04-01 17:00:00+00:00,1775062800000,68816.35,69171.77,68247.17,68266.62,768.87563
2026-04-01 18:00:00+00:00,1775066400000,68266.62,68330.31,67939.28,68084.76,723.37275
2026-04-01 19:00:00+00:00,1775070000000,68084.76,68287.39,68028.19,68176.84,412.79717
2026-04-01 20:00:00+00:00,1775073600000,68176.84,68249.0,67964.48,68191.09,276.10606
2026-04-01 21:00:00+00:00,1775077200000,68191.09,68534.0,68171.56,68362.53,326.52766
2026-04-01 22:00:00+00:00,1775080800000,68362.53,68362.53,68070.38,68122.99,270.47066
2026-04-01 23:00:00+00:00,1775084400000,68122.99,68250.0,67996.89,68113.92,474.3294
2026-04-02 00:00:00+00:00,1775088000000,68113.92,68653.38,68050.0,68600.29,409.1904
2026-04-02 01:00:00+00:00,1775091600000,68600.29,68600.29,67050.84,67359.27,1944.08944
2026-04-02 02:00:00+00:00,1775095200000,67359.27,67359.27,66624.64,66852.99,1169.08434
2026-04-02 03:00:00+00:00,1775098800000,66852.99,66969.54,66500.0,66576.25,767.73135
2026-04-02 04:00:00+00:00,1775102400000,66576.25,66655.46,66217.07,66330.27,889.41375
2026-04-02 05:00:00+00:00,1775106000000,66330.27,66667.92,66311.0,66591.54,966.2787
2026-04-02 06:00:00+00:00,1775109600000,66591.54,66824.95,66548.45,66681.49,493.29026
2026-04-02 07:00:00+00:00,1775113200000,66681.48,66961.26,66557.33,66930.79,645.82875
2026-04-02 08:00:00+00:00,1775116800000,66930.79,66930.79,66180.0,66439.12,781.90752
2026-04-02 09:00:00+00:00,1775120400000,66439.12,66517.43,66294.0,66469.6,483.38047
2026-04-02 10:00:00+00:00,1775124000000,66469.6,66511.79,66229.55,66457.28,452.52391
2026-04-02 11:00:00+00:00,1775127600000,66457.28,66516.06,66167.1,66220.28,1122.63022
2026-04-02 12:00:00+00:00,1775131200000,66220.28,66248.51,65961.66,66052.71,1024.11018
2026-04-02 13:00:00+00:00,1775134800000,66052.71,66285.81,65712.12,66270.87,1225.30288
2026-04-02 14:00:00+00:00,1775138400000,66270.87,67104.86,66168.07,66868.18,1908.17735
2026-04-02 15:00:00+00:00,1775142000000,66868.17,66994.51,66646.36,66852.91,825.60342
2026-04-02 16:00:00+00:00,1775145600000,66852.91,67300.0,66759.28,67095.85,920.46412
2026-04-02 17:00:00+00:00,1775149200000,67095.85,67430.99,66666.66,66679.16,1455.89824
2026-04-02 18:00:00+00:00,1775152800000,66679.16,67065.35,66596.8,66981.99,929.27922
2026-04-02 19:00:00+00:00,1775156400000,66981.99,67109.09,66878.0,66975.99,436.15774
2026-04-02 20:00:00+00:00,1775160000000,66976.0,67100.0,66798.0,66939.25,284.18038
2026-04-02 21:00:00+00:00,1775163600000,66939.25,67012.09,66731.08,66935.93,272.54969
2026-04-02 22:00:00+00:00,1775167200000,66935.94,67037.48,66825.61,66982.48,352.22156
2026-04-02 23:00:00+00:00,1775170800000,66982.48,67096.68,66855.5,66901.99,444.18527
2026-04-03 00:00:00+00:00,1775174400000,66901.99,67000.0,66702.83,66785.86,388.08477
2026-04-03 01:00:00+00:00,1775178000000,66785.87,66905.61,66483.9,66630.0,613.9141
2026-04-03 02:00:00+00:00,1775181600000,66630.01,66750.57,66282.0,66533.81,625.3621
2026-04-03 03:00:00+00:00,1775185200000,66533.82,66724.17,66495.69,66579.97,581.20992
2026-04-03 04:00:00+00:00,1775188800000,66579.98,66699.99,66500.04,66602.66,733.15532
2026-04-03 05:00:00+00:00,1775192400000,66602.67,66808.5,66416.68,66600.35,822.39566
2026-04-03 06:00:00+00:00,1775196000000,66600.35,66800.0,66558.76,66796.79,434.2967
2026-04-03 07:00:00+00:00,1775199600000,66796.8,67247.38,66758.0,67042.08,883.37731
2026-04-03 08:00:00+00:00,1775203200000,67042.08,67288.0,66900.56,66965.39,717.16964
2026-04-03 09:00:00+00:00,1775206800000,66965.39,67007.93,66749.35,66859.58,291.40037
2026-04-03 10:00:00+00:00,1775210400000,66859.58,66898.97,66674.72,66883.08,215.33139
2026-04-03 11:00:00+00:00,1775214000000,66883.09,67057.42,66823.18,67017.44,215.91455
2026-04-03 12:00:00+00:00,1775217600000,67017.43,67370.42,66646.36,66722.16,808.01051
2026-04-03 13:00:00+00:00,1775221200000,66722.16,66735.62,66508.1,66672.0,554.93399
2026-04-03 14:00:00+00:00,1775224800000,66671.99,66990.59,66634.0,66929.81,530.03077
2026-04-03 15:00:00+00:00,1775228400000,66929.8,67028.37,66823.3,66827.15,465.79672
2026-04-03 16:00:00+00:00,1775232000000,66827.15,67069.0,66827.14,67010.46,361.0645
2026-04-03 17:00:00+00:00,1775235600000,67010.45,67067.0,66751.86,66855.01,378.12395
2026-04-03 18:00:00+00:00,1775239200000,66855.0,66930.0,66786.12,66812.03,187.13591
2026-04-03 19:00:00+00:00,1775242800000,66812.04,66911.19,66774.02,66885.74,289.39585
2026-04-03 20:00:00+00:00,1775246400000,66885.73,66919.61,66831.97,66831.98,141.97965
2026-04-03 21:00:00+00:00,1775250000000,66831.97,66970.18,66827.6,66964.21,378.17654
2026-04-03 22:00:00+00:00,1775253600000,66964.21,66970.17,66842.76,66888.76,287.42422
2026-04-03 23:00:00+00:00,1775257200000,66888.76,66964.3,66826.13,66964.3,525.44687
2026-04-04 00:00:00+00:00,1775260800000,66964.29,66968.28,66876.7,66893.39,159.1028
2026-04-04 01:00:00+00:00,1775264400000,66893.4,66924.48,66827.22,66852.0,418.46364
2026-04-04 02:00:00+00:00,1775268000000,66852.0,66919.41,66814.0,66844.83,138.81793
2026-04-04 03:00:00+00:00,1775271600000,66844.84,66910.22,66830.23,66832.18,86.81929
2026-04-04 04:00:00+00:00,1775275200000,66832.18,66876.32,66775.91,66860.73,180.50471
2026-04-04 05:00:00+00:00,1775278800000,66860.73,66936.72,66844.14,66916.29,629.01422
2026-04-04 06:00:00+00:00,1775282400000,66916.3,67049.94,66911.2,67013.24,254.32193
2026-04-04 07:00:00+00:00,1775286000000,67013.25,67052.99,66943.34,67014.96,664.43952
2026-04-04 08:00:00+00:00,1775289600000,67014.95,67057.42,66918.0,66940.0,398.19184
2026-04-04 09:00:00+00:00,1775293200000,66940.0,66994.52,66918.0,66988.05,295.09328
2026-04-04 10:00:00+00:00,1775296800000,66988.06,67167.0,66918.0,67167.0,290.85424
2026-04-04 11:00:00+00:00,1775300400000,67167.0,67232.72,67083.43,67156.93,363.18025
2026-04-04 12:00:00+00:00,1775304000000,67156.93,67185.0,67060.56,67097.87,140.59027
2026-04-04 13:00:00+00:00,1775307600000,67097.87,67267.0,67082.41,67193.44,362.06124
2026-04-04 14:00:00+00:00,1775311200000,67193.45,67223.51,67029.07,67215.24,369.07128
2026-04-04 15:00:00+00:00,1775314800000,67215.24,67562.93,67177.39,67383.66,635.57272
2026-04-04 16:00:00+00:00,1775318400000,67383.66,67520.85,67331.06,67366.68,294.26452
2026-04-04 17:00:00+00:00,1775322000000,67366.68,67416.48,67292.0,67329.4,254.01236
2026-04-04 18:00:00+00:00,1775325600000,67329.41,67380.98,67265.0,67295.47,120.36154
2026-04-04 19:00:00+00:00,1775329200000,67295.47,67543.6,67275.0,67288.42,189.77457
2026-04-04 20:00:00+00:00,1775332800000,67288.42,67295.81,67186.62,67268.4,186.97188
2026-04-04 21:00:00+00:00,1775336400000,67268.4,67504.54,67215.0,67359.2,238.4254
2026-04-04 22:00:00+00:00,1775340000000,67359.21,67470.93,67341.19,67399.92,306.3388
2026-04-04 23:00:00+00:00,1775343600000,67399.91,67399.99,67261.32,67300.42,397.2679
2026-04-05 00:00:00+00:00,1775347200000,67300.42,67307.28,67168.08,67225.0,431.18676
2026-04-05 01:00:00+00:00,1775350800000,67225.0,67230.0,67080.0,67085.0,369.56535
2026-04-05 02:00:00+00:00,1775354400000,67085.0,67174.92,66955.72,67170.16,252.42427
2026-04-05 03:00:00+00:00,1775358000000,67170.17,67188.09,67089.33,67145.98,163.69484
2026-04-05 04:00:00+00:00,1775361600000,67145.98,67188.51,67073.56,67101.65,92.89503
2026-04-05 05:00:00+00:00,1775365200000,67101.65,67154.98,66888.0,66931.65,466.39184
2026-04-05 06:00:00+00:00,1775368800000,66931.65,66940.0,66611.66,66802.24,728.34135
2026-04-05 07:00:00+00:00,1775372400000,66802.24,66914.48,66715.43,66820.64,615.79892
2026-04-05 08:00:00+00:00,1775376000000,66820.64,66940.0,66819.42,66933.18,227.07394
2026-04-05 09:00:00+00:00,1775379600000,66933.18,67048.64,66902.15,67035.15,293.93169
2026-04-05 10:00:00+00:00,1775383200000,67035.15,67150.0,66968.35,67046.01,288.35183
2026-04-05 11:00:00+00:00,1775386800000,67046.01,67087.22,66973.67,66999.0,253.07128
2026-04-05 12:00:00+00:00,1775390400000,66998.99,66999.0,66680.57,66783.58,607.98096
2026-04-05 13:00:00+00:00,1775394000000,66783.59,66918.03,66693.91,66890.7,361.31735
2026-04-05 14:00:00+00:00,1775397600000,66890.7,66963.95,66820.54,66918.03,296.0396
2026-04-05 15:00:00+00:00,1775401200000,66918.03,67856.16,66829.02,67306.64,1471.0776
2026-04-05 16:00:00+00:00,1775404800000,67306.65,67410.0,67173.4,67212.62,356.80623
2026-04-05 17:00:00+00:00,1775408400000,67212.61,67402.0,67187.95,67373.64,168.11139
2026-04-05 18:00:00+00:00,1775412000000,67373.64,67451.78,67281.38,67413.78,210.99631
2026-04-05 19:00:00+00:00,1775415600000,67413.78,67560.45,67276.67,67361.01,229.64378
2026-04-05 20:00:00+00:00,1775419200000,67361.01,67705.74,67332.66,67658.35,338.30366
2026-04-05 21:00:00+00:00,1775422800000,67658.35,67682.42,67408.07,67553.43,435.91664
2026-04-05 22:00:00+00:00,1775426400000,67553.44,68374.75,67347.05,68338.43,1201.92322
2026-04-05 23:00:00+00:00,1775430000000,68338.43,69136.2,68266.13,69034.18,1872.62368
2026-04-06 00:00:00+00:00,1775433600000,69034.18,69588.0,69034.18,69083.78,1917.91608
2026-04-06 01:00:00+00:00,1775437200000,69083.79,69139.63,68787.13,68810.18,991.41564
2026-04-06 02:00:00+00:00,1775440800000,68810.17,69408.39,68776.61,69207.99,951.83494
2026-04-06 03:00:00+00:00,1775444400000,69207.99,69259.06,69056.86,69123.69,641.74895
2026-04-06 04:00:00+00:00,1775448000000,69123.69,69217.68,68980.36,69141.8,640.03746
2026-04-06 05:00:00+00:00,1775451600000,69141.81,69247.0,69086.0,69199.31,664.48642
2026-04-06 06:00:00+00:00,1775455200000,69199.31,69354.26,68806.53,68976.67,805.10068
2026-04-06 07:00:00+00:00,1775458800000,68976.67,69215.37,68821.07,69115.91,705.20265
2026-04-06 08:00:00+00:00,1775462400000,69115.91,69347.85,69081.88,69224.63,514.80546
2026-04-06 09:00:00+00:00,1775466000000,69224.63,70283.32,69214.46,69728.0,2395.68342
2026-04-06 10:00:00+00:00,1775469600000,69728.01,69950.0,69708.13,69770.88,634.91449
2026-04-06 11:00:00+00:00,1775473200000,69770.88,69770.96,69565.01,69614.91,453.63795
2026-04-06 12:00:00+00:00,1775476800000,69614.91,69635.87,69329.23,69366.75,601.7024
2026-04-06 13:00:00+00:00,1775480400000,69366.76,69550.0,69235.09,69428.23,656.60844
2026-04-06 14:00:00+00:00,1775484000000,69428.23,69809.99,69163.86,69654.38,1336.92282
2026-04-06 15:00:00+00:00,1775487600000,69654.39,69973.25,69526.87,69968.87,814.13173
2026-04-06 16:00:00+00:00,1775491200000,69968.87,70351.46,69782.11,69799.14,1291.21899
2026-04-06 17:00:00+00:00,1775494800000,69799.14,69820.0,69282.02,69574.61,914.30002
2026-04-06 18:00:00+00:00,1775498400000,69574.62,69967.78,69479.49,69888.97,537.79955
2026-04-06 19:00:00+00:00,1775502000000,69888.97,69899.99,69583.33,69739.53,431.93913
2026-04-06 20:00:00+00:00,1775505600000,69739.52,69974.08,69625.0,69826.01,372.95882
2026-04-06 21:00:00+00:00,1775509200000,69826.0,69826.0,69423.09,69504.99,366.00988
2026-04-06 22:00:00+00:00,1775512800000,69504.99,69581.92,68811.0,68811.0,578.82627
2026-04-06 23:00:00+00:00,1775516400000,68811.01,68912.97,68300.0,68853.66,1062.40825
2026-04-07 00:00:00+00:00,1775520000000,68853.66,69128.2,68723.81,68775.7,908.20417
2026-04-07 01:00:00+00:00,1775523600000,68775.71,68900.63,68352.52,68400.01,682.14287
2026-04-07 02:00:00+00:00,1775527200000,68400.01,68713.92,68273.34,68674.0,382.32486
2026-04-07 03:00:00+00:00,1775530800000,68674.01,68800.94,68625.59,68779.21,449.64401
2026-04-07 04:00:00+00:00,1775534400000,68779.2,68981.83,68540.84,68854.65,480.37449
2026-04-07 05:00:00+00:00,1775538000000,68854.65,68866.0,68613.2,68669.0,546.70209
2026-04-07 06:00:00+00:00,1775541600000,68669.0,68669.01,68443.0,68568.35,488.73987
2026-04-07 07:00:00+00:00,1775545200000,68568.35,68703.72,68500.0,68624.61,307.81904
2026-04-07 08:00:00+00:00,1775548800000,68624.6,68984.48,68603.6,68936.71,338.93457
2026-04-07 09:00:00+00:00,1775552400000,68936.71,69247.9,68930.04,69150.05,436.92801
2026-04-07 10:00:00+00:00,1775556000000,69150.06,69199.87,68200.0,68237.93,899.01254
2026-04-07 11:00:00+00:00,1775559600000,68237.93,68455.96,68071.96,68345.75,598.71022
2026-04-07 12:00:00+00:00,1775563200000,68345.75,68599.13,68080.0,68392.18,738.67705
2026-04-07 13:00:00+00:00,1775566800000,68392.19,68633.87,68198.12,68231.99,822.0611
2026-04-07 14:00:00+00:00,1775570400000,68231.99,68258.26,67763.64,67860.48,1396.10082
2026-04-07 15:00:00+00:00,1775574000000,67860.49,68268.6,67732.01,68168.1,1084.45539
2026-04-07 16:00:00+00:00,1775577600000,68168.11,68454.23,68085.01,68229.99,654.26405
2026-04-07 17:00:00+00:00,1775581200000,68230.0,69000.0,68198.22,68705.81,1147.70463
2026-04-07 18:00:00+00:00,1775584800000,68705.82,68773.24,68358.1,68442.53,630.41269
2026-04-07 19:00:00+00:00,1775588400000,68442.52,69098.44,68358.1,69011.29,1385.03929
2026-04-07 20:00:00+00:00,1775592000000,69011.29,69535.26,69011.29,69319.39,1097.55478
2026-04-07 21:00:00+00:00,1775595600000,69319.39,70216.68,69311.84,69927.64,1742.03489
2026-04-07 22:00:00+00:00,1775599200000,69927.65,71528.0,69927.65,71514.09,2841.66596
2026-04-07 23:00:00+00:00,1775602800000,71514.1,72761.0,71194.9,71924.22,3690.98922
2026-04-08 00:00:00+00:00,1775606400000,71924.22,72110.65,71541.51,71710.19,1153.45069
2026-04-08 01:00:00+00:00,1775610000000,71710.19,71758.6,71452.68,71476.97,621.6206
2026-04-08 02:00:00+00:00,1775613600000,71476.98,71727.01,71240.99,71364.94,1153.76247
2026-04-08 03:00:00+00:00,1775617200000,71364.95,71479.97,71277.18,71287.39,441.23135
2026-04-08 04:00:00+00:00,1775620800000,71287.39,71676.77,71287.38,71566.18,721.11279
2026-04-08 05:00:00+00:00,1775624400000,71566.66,71831.6,71560.0,71731.1,821.79755
2026-04-08 06:00:00+00:00,1775628000000,71731.1,71941.42,71581.14,71732.69,811.19618
2026-04-08 07:00:00+00:00,1775631600000,71732.7,71902.0,71573.04,71627.59,943.84918
2026-04-08 08:00:00+00:00,1775635200000,71627.59,71831.08,71627.59,71800.0,501.15204
2026-04-08 09:00:00+00:00,1775638800000,71799.99,71955.0,71588.75,71678.87,419.9995
2026-04-08 10:00:00+00:00,1775642400000,71678.87,71790.0,71457.61,71476.98,514.219
2026-04-08 11:00:00+00:00,1775646000000,71476.97,71739.67,71407.77,71675.12,779.27898
2026-04-08 12:00:00+00:00,1775649600000,71675.12,72181.81,71581.76,72071.95,1226.00544
2026-04-08 13:00:00+00:00,1775653200000,72071.95,72857.0,71510.0,71600.01,2821.31683
2026-04-08 14:00:00+00:00,1775656800000,71600.0,71751.42,70707.23,70912.88,1895.54834
2026-04-08 15:00:00+00:00,1775660400000,70912.89,71349.05,70833.3,71310.0,873.16856
2026-04-08 16:00:00+00:00,1775664000000,71309.99,71699.0,71250.93,71602.1,757.94566
2026-04-08 17:00:00+00:00,1775667600000,71602.11,71963.94,71490.55,71888.19,682.09647
2026-04-08 18:00:00+00:00,1775671200000,71888.19,71888.2,71085.22,71099.63,703.75724
2026-04-08 19:00:00+00:00,1775674800000,71099.63,71372.22,71019.0,71318.48,473.49397
2026-04-08 20:00:00+00:00,1775678400000,71318.47,71481.7,71267.91,71372.93,226.24698
2026-04-08 21:00:00+00:00,1775682000000,71372.94,71748.0,71330.86,71551.39,367.89907
2026-04-08 22:00:00+00:00,1775685600000,71551.4,71571.6,71064.84,71064.84,374.67564
2026-04-08 23:00:00+00:00,1775689200000,71064.84,71204.0,70901.89,71069.93,517.86174
2026-04-09 00:00:00+00:00,1775692800000,71069.93,71133.71,70650.0,70815.5,677.85142
2026-04-09 01:00:00+00:00,1775696400000,70815.5,70956.7,70466.0,70928.89,495.03665
2026-04-09 02:00:00+00:00,1775700000000,70928.9,71198.8,70816.36,71060.64,664.15391
2026-04-09 03:00:00+00:00,1775703600000,71060.64,71124.05,70845.27,70992.39,808.25356
2026-04-09 04:00:00+00:00,1775707200000,70992.37,71006.13,70734.77,70782.0,304.15042
2026-04-09 05:00:00+00:00,1775710800000,70781.99,71087.12,70689.38,70984.0,495.401
2026-04-09 06:00:00+00:00,1775714400000,70983.99,71082.71,70809.94,71031.84,538.94746
2026-04-09 07:00:00+00:00,1775718000000,71031.83,71116.0,70955.4,70982.01,922.88611
2026-04-09 08:00:00+00:00,1775721600000,70982.01,71380.0,70865.42,71249.51,562.42694
2026-04-09 09:00:00+00:00,1775725200000,71249.51,71575.0,71109.99,71534.68,512.0201
2026-04-09 10:00:00+00:00,1775728800000,71534.69,71534.69,71276.44,71276.45,304.66693
2026-04-09 11:00:00+00:00,1775732400000,71276.45,71350.0,71038.5,71150.17,446.85377
2026-04-09 12:00:00+00:00,1775736000000,71150.17,71328.79,71040.0,71279.63,382.04593
2026-04-09 13:00:00+00:00,1775739600000,71279.63,71355.24,70629.3,70801.98,696.59545
2026-04-09 14:00:00+00:00,1775743200000,70801.97,71250.39,70522.77,71123.71,873.72309
2026-04-09 15:00:00+00:00,1775746800000,71123.71,72358.0,70929.44,72141.99,2048.75279
2026-04-09 16:00:00+00:00,1775750400000,72142.0,72399.0,71729.66,72080.87,1429.6831
2026-04-09 17:00:00+00:00,1775754000000,72080.86,72550.0,72062.38,72347.49,1415.90923
2026-04-09 18:00:00+00:00,1775757600000,72348.0,72380.7,71747.68,71888.69,560.32535
2026-04-09 19:00:00+00:00,1775761200000,71888.69,72300.0,71750.0,72096.32,607.89039
2026-04-09 20:00:00+00:00,1775764800000,72096.33,72458.31,71985.95,72413.97,497.89389
2026-04-09 21:00:00+00:00,1775768400000,72413.96,72700.0,72142.79,72264.95,771.79321
2026-04-09 22:00:00+00:00,1775772000000,72264.96,73145.0,71945.94,71946.01,1345.32358
2026-04-09 23:00:00+00:00,1775775600000,71946.01,72025.53,71585.25,71787.97,795.83731
2026-04-10 00:00:00+00:00,1775779200000,71787.98,72028.4,71573.35,71963.03,967.9743
2026-04-10 01:00:00+00:00,1775782800000,71963.04,72387.0,71673.48,72157.93,679.67117
2026-04-10 02:00:00+00:00,1775786400000,72157.93,72291.04,71921.59,71965.36,515.54191
2026-04-10 03:00:00+00:00,1775790000000,71965.36,72027.37,71813.73,71868.67,543.68867
2026-04-10 04:00:00+00:00,1775793600000,71868.67,72212.84,71820.47,72117.29,734.17151
2026-04-10 05:00:00+00:00,1775797200000,72117.29,72267.89,72010.4,72127.84,408.69549
2026-04-10 06:00:00+00:00,1775800800000,72127.84,72179.85,71792.01,71805.38,448.00931
2026-04-10 07:00:00+00:00,1775804400000,71805.39,71837.59,71428.0,71481.85,702.39043
2026-04-10 08:00:00+00:00,1775808000000,71481.85,71769.41,71426.15,71606.07,624.89096
2026-04-10 09:00:00+00:00,1775811600000,71606.08,71873.0,71583.47,71787.41,281.02303
2026-04-10 10:00:00+00:00,1775815200000,71787.41,71928.29,71711.6,71910.09,238.63388
2026-04-10 11:00:00+00:00,1775818800000,71910.1,72261.93,71903.69,72127.59,421.17579
2026-04-10 12:00:00+00:00,1775822400000,72127.59,72458.0,72007.5,72258.68,733.4245
2026-04-10 13:00:00+00:00,1775826000000,72258.69,72409.41,71899.51,72321.4,673.2668
2026-04-10 14:00:00+00:00,1775829600000,72321.39,73155.58,72258.0,72909.0,2362.6198
2026-04-10 15:00:00+00:00,1775833200000,72909.0,73289.96,72355.87,72460.51,1324.05053
2026-04-10 16:00:00+00:00,1775836800000,72460.52,73069.4,72387.41,72992.33,733.09003
2026-04-10 17:00:00+00:00,1775840400000,72992.32,73146.0,72802.96,73121.66,454.50524
2026-04-10 18:00:00+00:00,1775844000000,73121.66,73159.81,72880.95,73107.07,597.01721
2026-04-10 19:00:00+00:00,1775847600000,73107.07,73264.76,72900.0,73236.11,713.54118
2026-04-10 20:00:00+00:00,1775851200000,73236.11,73434.0,73051.97,73361.68,872.16866
2026-04-10 21:00:00+00:00,1775854800000,73361.68,73364.47,72934.53,73190.67,654.89865
2026-04-10 22:00:00+00:00,1775858400000,73190.68,73244.03,72700.6,72877.0,798.3469
2026-04-10 23:00:00+00:00,1775862000000,72877.01,72967.79,72791.96,72962.7,889.83693
2026-04-11 00:00:00+00:00,1775865600000,72962.71,72962.71,72787.94,72828.42,801.54149
2026-04-11 01:00:00+00:00,1775869200000,72828.42,72999.99,72670.0,72954.39,320.3002
2026-04-11 02:00:00+00:00,1775872800000,72954.39,73094.89,72910.93,72966.57,288.43552
2026-04-11 03:00:00+00:00,1775876400000,72966.58,73075.34,72814.42,72866.63,227.12944
2026-04-11 04:00:00+00:00,1775880000000,72866.62,72954.28,72681.9,72806.08,298.14959
2026-04-11 05:00:00+00:00,1775883600000,72806.08,72836.55,72679.08,72722.28,222.17067
2026-04-11 06:00:00+00:00,1775887200000,72722.28,72771.32,72612.16,72762.0,590.44339
2026-04-11 07:00:00+00:00,1775890800000,72762.01,72832.0,72672.56,72745.38,321.42327
2026-04-11 08:00:00+00:00,1775894400000,72745.38,72799.57,72638.44,72664.17,263.67236
2026-04-11 09:00:00+00:00,1775898000000,72664.16,72908.0,72617.75,72907.11,306.96352
2026-04-11 10:00:00+00:00,1775901600000,72907.12,72915.95,72760.9,72843.71,224.83128
2026-04-11 11:00:00+00:00,1775905200000,72843.7,72912.0,72826.37,72907.05,109.63598
2026-04-11 12:00:00+00:00,1775908800000,72907.05,72982.4,72814.97,72940.49,180.21756
2026-04-11 13:00:00+00:00,1775912400000,72940.5,72940.5,72513.09,72658.07,493.97275
2026-04-11 14:00:00+00:00,1775916000000,72658.07,72770.91,72609.27,72704.67,212.83973
2026-04-11 15:00:00+00:00,1775919600000,72704.66,72896.03,72678.0,72858.17,246.74388
2026-04-11 16:00:00+00:00,1775923200000,72858.18,73204.74,72812.94,73034.33,656.04744
2026-04-11 17:00:00+00:00,1775926800000,73034.34,73169.04,72942.06,73095.97,269.56328
2026-04-11 18:00:00+00:00,1775930400000,73095.97,73726.13,73032.61,73547.89,856.65701
2026-04-11 19:00:00+00:00,1775934000000,73547.9,73790.0,73472.38,73687.15,595.037
2026-04-11 20:00:00+00:00,1775937600000,73687.16,73689.97,73226.28,73290.43,395.49217
2026-04-11 21:00:00+00:00,1775941200000,73290.43,73548.08,73200.48,73427.04,366.94025
2026-04-11 22:00:00+00:00,1775944800000,73427.04,73574.0,73234.25,73376.01,431.15797
2026-04-11 23:00:00+00:00,1775948400000,73376.01,73376.01,72907.4,73043.16,391.57799
2026-04-12 00:00:00+00:00,1775952000000,73043.16,73117.32,72873.25,73079.96,390.45862
2026-04-12 01:00:00+00:00,1775955600000,73079.96,73137.24,71310.0,71643.69,2072.10202
2026-04-12 02:00:00+00:00,1775959200000,71643.69,71982.46,71352.47,71761.35,839.35622
2026-04-12 03:00:00+00:00,1775962800000,71761.35,71861.33,71593.18,71593.19,790.20901
2026-04-12 04:00:00+00:00,1775966400000,71593.18,71685.31,71444.68,71466.53,611.50691
2026-04-12 05:00:00+00:00,1775970000000,71466.53,71781.0,71417.22,71710.2,667.76838
2026-04-12 06:00:00+00:00,1775973600000,71710.19,71753.33,71633.77,71668.01,377.10612
2026-04-12 07:00:00+00:00,1775977200000,71668.01,71747.31,71588.57,71665.0,313.33908
2026-04-12 08:00:00+00:00,1775980800000,71664.99,71805.85,71595.0,71629.21,922.36362
2026-04-12 09:00:00+00:00,1775984400000,71629.21,71633.01,71488.45,71531.94,372.12981
2026-04-12 10:00:00+00:00,1775988000000,71531.95,71682.72,71357.76,71452.89,274.78665
2026-04-12 11:00:00+00:00,1775991600000,71452.89,71556.12,71412.57,71468.55,211.53603
2026-04-12 12:00:00+00:00,1775995200000,71468.54,71500.0,71077.44,71084.01,608.12473
2026-04-12 13:00:00+00:00,1775998800000,71084.01,71146.03,70866.82,70889.42,708.82478
2026-04-12 14:00:00+00:00,1776002400000,70889.42,71092.78,70700.0,70748.34,541.94034
2026-04-12 15:00:00+00:00,1776006000000,70748.34,70932.0,70604.07,70892.03,502.43194
2026-04-12 16:00:00+00:00,1776009600000,70892.04,70959.51,70821.05,70936.27,259.94883
2026-04-12 17:00:00+00:00,1776013200000,70936.27,71202.0,70900.0,71140.51,322.7326
2026-04-12 18:00:00+00:00,1776016800000,71140.51,71214.08,71056.2,71137.64,176.22609
2026-04-12 19:00:00+00:00,1776020400000,71137.65,71222.58,71078.76,71084.18,233.07874
2026-04-12 20:00:00+00:00,1776024000000,71084.18,71440.0,70956.83,71335.43,622.27061
2026-04-12 21:00:00+00:00,1776027600000,71335.43,71452.0,71163.01,71364.02,234.93742
2026-04-12 22:00:00+00:00,1776031200000,71364.03,71367.85,70505.88,70912.73,908.94869
2026-04-12 23:00:00+00:00,1776034800000,70912.73,70912.73,70571.66,70740.98,510.34077
2026-04-13 00:00:00+00:00,1776038400000,70741.56,71262.63,70615.3,71172.62,546.73984
2026-04-13 01:00:00+00:00,1776042000000,71172.63,71227.28,71027.26,71197.64,720.27854
2026-04-13 02:00:00+00:00,1776045600000,71197.64,71271.78,70986.71,71073.14,270.71272
2026-04-13 03:00:00+00:00,1776049200000,71073.14,71155.42,70917.27,70976.0,348.9161
2026-04-13 04:00:00+00:00,1776052800000,70975.99,71144.0,70854.29,70890.3,584.47308
2026-04-13 05:00:00+00:00,1776056400000,70890.3,70920.0,70672.72,70878.82,533.46945
2026-04-13 06:00:00+00:00,1776060000000,70878.82,71106.54,70878.82,71017.66,697.01918
2026-04-13 07:00:00+00:00,1776063600000,71017.66,71067.91,70685.25,70813.88,859.13978
2026-04-13 08:00:00+00:00,1776067200000,70813.88,70861.01,70566.99,70680.7,334.12518
2026-04-13 09:00:00+00:00,1776070800000,70680.7,70910.68,70678.0,70792.88,250.58431
2026-04-13 10:00:00+00:00,1776074400000,70792.89,70846.9,70688.28,70755.88,177.99631
2026-04-13 11:00:00+00:00,1776078000000,70755.89,70997.12,70736.29,70929.68,260.33899
2026-04-13 12:00:00+00:00,1776081600000,70929.68,71219.8,70758.5,71074.91,460.129
2026-04-13 13:00:00+00:00,1776085200000,71074.92,71700.82,70818.57,71662.65,1544.74455
2026-04-13 14:00:00+00:00,1776088800000,71662.65,72401.0,71375.24,72400.15,2098.23774
2026-04-13 15:00:00+00:00,1776092400000,72400.15,72464.28,71652.65,71866.59,1342.3378
2026-04-13 16:00:00+00:00,1776096000000,71866.59,72437.25,71679.8,72202.36,1514.19404
2026-04-13 17:00:00+00:00,1776099600000,72202.37,72600.0,72069.01,72148.87,1653.64723
2026-04-13 18:00:00+00:00,1776103200000,72148.87,72460.42,72053.78,72424.86,965.95939
2026-04-13 19:00:00+00:00,1776106800000,72424.86,73480.0,72298.93,73322.82,2632.95065
2026-04-13 20:00:00+00:00,1776110400000,73322.0,73394.37,73007.08,73149.36,1081.57049
2026-04-13 21:00:00+00:00,1776114000000,73149.36,73368.08,73072.85,73179.71,387.90227
2026-04-13 22:00:00+00:00,1776117600000,73179.71,74746.61,73172.01,74627.04,3298.60756
2026-04-13 23:00:00+00:00,1776121200000,74627.04,74900.0,74405.64,74417.99,1666.14205
2026-04-14 00:00:00+00:00,1776124800000,74418.0,74517.31,74102.39,74163.82,1276.45858
2026-04-14 01:00:00+00:00,1776128400000,74163.82,74431.0,73954.86,74386.02,1065.1631
2026-04-14 02:00:00+00:00,1776132000000,74386.03,74579.32,74283.2,74330.98,598.05117
2026-04-14 03:00:00+00:00,1776135600000,74330.99,74496.9,74252.35,74444.43,646.36946
2026-04-14 04:00:00+00:00,1776139200000,74444.44,74504.52,74351.55,74387.85,484.30563
2026-04-14 05:00:00+00:00,1776142800000,74387.85,74434.41,74150.6,74210.11,838.40961
2026-04-14 06:00:00+00:00,1776146400000,74210.12,74550.0,74210.12,74522.73,614.57152
2026-04-14 07:00:00+00:00,1776150000000,74522.72,74924.64,74430.92,74546.0,1456.55359
2026-04-14 08:00:00+00:00,1776153600000,74545.99,74910.0,74460.64,74750.0,938.29896
2026-04-14 09:00:00+00:00,1776157200000,74750.0,74830.93,74435.12,74500.0,565.8647
2026-04-14 10:00:00+00:00,1776160800000,74500.0,74617.92,74333.46,74350.01,540.18312
2026-04-14 11:00:00+00:00,1776164400000,74350.01,74450.63,74307.35,74376.52,653.35819
2026-04-14 12:00:00+00:00,1776168000000,74376.52,74485.06,74277.19,74452.0,513.51818
2026-04-14 13:00:00+00:00,1776171600000,74452.0,75532.94,74407.74,75525.94,3246.78739
2026-04-14 14:00:00+00:00,1776175200000,75525.94,76038.0,75013.61,75013.62,4357.56106
2026-04-14 15:00:00+00:00,1776178800000,75013.61,75441.99,74564.34,75317.07,1661.60412
2026-04-14 16:00:00+00:00,1776182400000,75317.06,75688.0,74527.02,74652.2,1265.45725
2026-04-14 17:00:00+00:00,1776186000000,74652.2,74948.78,74244.63,74748.9,985.979
2026-04-14 18:00:00+00:00,1776189600000,74748.89,74814.99,73795.47,74093.19,1613.97962
2026-04-14 19:00:00+00:00,1776193200000,74093.18,74398.43,73882.79,74223.18,1054.69346
2026-04-14 20:00:00+00:00,1776196800000,74223.3,74434.33,74015.53,74102.29,434.25271
2026-04-14 21:00:00+00:00,1776200400000,74102.28,74320.44,73951.64,74277.15,381.06364
2026-04-14 22:00:00+00:00,1776204000000,74277.16,74373.19,73806.09,74023.15,638.74603
2026-04-14 23:00:00+00:00,1776207600000,74023.16,74232.83,74001.08,74131.55,701.71447
2026-04-15 00:00:00+00:00,1776211200000,74131.55,74677.19,74126.32,74568.36,874.99865
2026-04-15 01:00:00+00:00,1776214800000,74568.37,74786.72,74500.0,74613.28,443.16738
2026-04-15 02:00:00+00:00,1776218400000,74613.28,74697.47,74188.0,74322.0,506.95652
2026-04-15 03:00:00+00:00,1776222000000,74322.01,74372.84,74173.75,74345.97,317.62112
2026-04-15 04:00:00+00:00,1776225600000,74345.98,74434.51,74261.47,74340.38,660.47305
2026-04-15 05:00:00+00:00,1776229200000,74340.38,74434.0,73864.01,74021.5,542.04465
2026-04-15 06:00:00+00:00,1776232800000,74021.5,74048.95,73855.49,73891.62,419.09008
2026-04-15 07:00:00+00:00,1776236400000,73891.62,74016.67,73514.0,73730.43,1451.80452
2026-04-15 08:00:00+00:00,1776240000000,73730.43,74181.9,73675.96,74110.51,532.83471
2026-04-15 09:00:00+00:00,1776243600000,74110.52,74176.49,73909.49,74011.69,363.2179
2026-04-15 10:00:00+00:00,1776247200000,74011.7,74250.0,73789.5,73864.75,548.88747
2026-04-15 11:00:00+00:00,1776250800000,73864.76,74256.44,73864.76,74201.78,444.7329
2026-04-15 12:00:00+00:00,1776254400000,74201.78,74466.1,74051.64,74273.77,567.44529
2026-04-15 13:00:00+00:00,1776258000000,74273.77,74434.51,73817.23,74063.92,676.35905
2026-04-15 14:00:00+00:00,1776261600000,74063.91,74506.84,73830.0,74151.81,757.76569
2026-04-15 15:00:00+00:00,1776265200000,74151.81,74299.07,73580.85,73844.08,743.29132
2026-04-15 16:00:00+00:00,1776268800000,73844.07,74176.0,73762.89,73941.09,547.84936
2026-04-15 17:00:00+00:00,1776272400000,73941.09,74242.0,73915.48,74134.95,593.44252
2026-04-15 18:00:00+00:00,1776276000000,74134.95,74399.75,74073.61,74390.29,407.09098
2026-04-15 19:00:00+00:00,1776279600000,74390.29,75281.0,74355.46,75002.6,1179.99077
2026-04-15 20:00:00+00:00,1776283200000,75002.6,75039.92,74512.06,74841.68,570.09892
2026-04-15 21:00:00+00:00,1776286800000,74841.67,74855.16,74540.23,74743.1,310.66035
2026-04-15 22:00:00+00:00,1776290400000,74743.1,75425.0,74740.02,74964.0,653.95001
2026-04-15 23:00:00+00:00,1776294000000,74964.01,74964.01,74620.95,74809.99,311.26846
2026-04-16 00:00:00+00:00,1776297600000,74809.99,74874.93,74451.49,74815.1,636.94865
2026-04-16 01:00:00+00:00,1776301200000,74815.09,74815.09,74454.09,74657.66,240.65148
2026-04-16 02:00:00+00:00,1776304800000,74657.67,75267.85,74601.27,74887.24,589.65615
2026-04-16 03:00:00+00:00,1776308400000,74887.23,75159.26,74865.5,74888.21,470.71966
2026-04-16 04:00:00+00:00,1776312000000,74888.21,75174.38,74728.0,74944.15,513.51186
2026-04-16 05:00:00+00:00,1776315600000,74944.15,75139.82,74900.0,75043.48,359.01217
2026-04-16 06:00:00+00:00,1776319200000,75043.47,75115.12,74853.72,75045.01,604.84284
2026-04-16 07:00:00+00:00,1776322800000,75045.01,75082.78,74636.0,74707.03,708.0609
2026-04-16 08:00:00+00:00,1776326400000,74707.02,74744.35,74500.0,74677.91,669.8621
2026-04-16 09:00:00+00:00,1776330000000,74677.91,74901.5,74594.01,74594.02,316.26697
2026-04-16 10:00:00+00:00,1776333600000,74594.02,74653.12,74277.34,74313.0,526.53069
2026-04-16 11:00:00+00:00,1776337200000,74312.99,74663.27,74285.0,74574.79,1174.6136
2026-04-16 12:00:00+00:00,1776340800000,74574.8,74872.0,74574.79,74624.0,529.55969
2026-04-16 13:00:00+00:00,1776344400000,74624.01,75030.39,73309.85,73788.03,1828.93731
2026-04-16 14:00:00+00:00,1776348000000,73788.03,74197.32,73426.94,73973.33,1331.31817
2026-04-16 15:00:00+00:00,1776351600000,73973.33,74878.99,73934.44,74697.19,1520.20876
2026-04-16 16:00:00+00:00,1776355200000,74697.2,74932.0,74063.0,74175.57,762.35705
2026-04-16 17:00:00+00:00,1776358800000,74175.58,74438.31,73912.23,74343.25,751.1945
2026-04-16 18:00:00+00:00,1776362400000,74343.25,75089.0,74240.0,75026.71,780.63438
2026-04-16 19:00:00+00:00,1776366000000,75026.71,75410.71,74717.97,75342.99,1203.37407
2026-04-16 20:00:00+00:00,1776369600000,75343.0,75534.76,75001.0,75223.47,661.71844
2026-04-16 21:00:00+00:00,1776373200000,75223.48,75286.51,74789.5,74934.24,451.58433
2026-04-16 22:00:00+00:00,1776376800000,74934.24,75117.0,74833.14,74867.92,232.35004
2026-04-16 23:00:00+00:00,1776380400000,74867.92,75177.76,74840.92,75154.29,224.77396
2026-04-17 00:00:00+00:00,1776384000000,75154.28,75154.77,74886.82,74944.98,796.37355
2026-04-17 01:00:00+00:00,1776387600000,74944.99,75034.49,74569.99,74750.0,407.29847
2026-04-17 02:00:00+00:00,1776391200000,74750.0,74802.98,74529.4,74700.0,235.53372
2026-04-17 03:00:00+00:00,1776394800000,74700.0,74839.31,74606.12,74615.82,721.66261
2026-04-17 04:00:00+00:00,1776398400000,74615.82,74871.11,74589.88,74791.39,213.9543
2026-04-17 05:00:00+00:00,1776402000000,74791.39,74801.13,74555.12,74637.77,241.61979
2026-04-17 06:00:00+00:00,1776405600000,74637.77,74950.0,74604.62,74938.52,276.57366
2026-04-17 07:00:00+00:00,1776409200000,74938.53,75089.51,74930.0,75074.77,607.34373
2026-04-17 08:00:00+00:00,1776412800000,75074.76,75881.95,74993.24,75780.38,1494.62708
2026-04-17 09:00:00+00:00,1776416400000,75780.38,76370.25,75518.78,75779.99,2004.70646
2026-04-17 10:00:00+00:00,1776420000000,75779.99,75886.01,75095.93,75278.77,1050.31882
2026-04-17 11:00:00+00:00,1776423600000,75278.77,75609.77,75246.65,75589.7,429.61331
2026-04-17 12:00:00+00:00,1776427200000,75589.7,76265.82,75531.97,76233.05,1128.91448
2026-04-17 13:00:00+00:00,1776430800000,76233.06,77417.61,76061.57,77340.12,5123.01639
2026-04-17 14:00:00+00:00,1776434400000,77340.11,78052.49,77015.39,77886.77,3617.10048
2026-04-17 15:00:00+00:00,1776438000000,77886.77,77999.0,77444.44,77785.02,1975.14451
2026-04-17 16:00:00+00:00,1776441600000,77785.03,78333.0,77705.2,77857.14,1402.18359
2026-04-17 17:00:00+00:00,1776445200000,77857.15,77917.77,77101.49,77520.59,1173.45635
2026-04-17 18:00:00+00:00,1776448800000,77520.59,77565.63,77088.23,77159.89,637.39265
2026-04-17 19:00:00+00:00,1776452400000,77159.88,77473.44,77000.0,77393.58,652.45495
2026-04-17 20:00:00+00:00,1776456000000,77393.58,77611.68,77160.12,77337.64,357.23206
2026-04-17 21:00:00+00:00,1776459600000,77337.64,77494.69,77278.72,77445.73,307.76412
2026-04-17 22:00:00+00:00,1776463200000,77445.74,77510.0,77274.56,77301.25,474.88113
2026-04-17 23:00:00+00:00,1776466800000,77301.25,77302.0,76911.0,77072.0,612.20073
2026-04-18 00:00:00+00:00,1776470400000,77072.01,77258.55,76978.17,77168.0,324.03843
2026-04-18 01:00:00+00:00,1776474000000,77168.22,77330.0,77115.77,77218.07,266.4299
2026-04-18 02:00:00+00:00,1776477600000,77218.06,77420.08,77124.63,77292.52,268.04149
2026-04-18 03:00:00+00:00,1776481200000,77292.53,77296.95,76962.67,77005.47,268.91717
2026-04-18 04:00:00+00:00,1776484800000,77005.47,77162.08,76884.1,77100.74,370.07883
2026-04-18 05:00:00+00:00,1776488400000,77100.73,77278.58,77100.73,77134.66,312.05483
2026-04-18 06:00:00+00:00,1776492000000,77134.66,77217.0,77058.4,77136.01,168.72376
2026-04-18 07:00:00+00:00,1776495600000,77136.01,77136.01,76890.0,76997.8,276.05173
2026-04-18 08:00:00+00:00,1776499200000,76997.79,77048.0,76501.0,76738.63,773.24357
2026-04-18 09:00:00+00:00,1776502800000,76738.62,76738.63,76409.37,76599.89,462.93265
2026-04-18 10:00:00+00:00,1776506400000,76599.89,76599.9,76132.32,76189.56,624.93038
2026-04-18 11:00:00+00:00,1776510000000,76189.55,76189.56,75763.76,76039.05,809.07399
2026-04-18 12:00:00+00:00,1776513600000,76039.06,76300.0,76039.05,76206.97,492.57948
2026-04-18 13:00:00+00:00,1776517200000,76206.98,76212.7,75797.53,76122.87,456.87331
2026-04-18 14:00:00+00:00,1776520800000,76122.88,76288.4,75959.68,76249.99,461.97289
2026-04-18 15:00:00+00:00,1776524400000,76250.0,76363.75,76003.97,76167.34,261.12334
2026-04-18 16:00:00+00:00,1776528000000,76167.33,76211.57,75691.03,75943.35,522.36094
2026-04-18 17:00:00+00:00,1776531600000,75943.34,75958.23,75778.69,75828.51,256.05723
2026-04-18 18:00:00+00:00,1776535200000,75828.51,75844.66,75445.16,75651.78,591.47146
2026-04-18 19:00:00+00:00,1776538800000,75651.78,75796.32,75574.22,75649.85,194.3187
2026-04-18 20:00:00+00:00,1776542400000,75649.86,75834.3,75608.44,75754.78,484.97143
2026-04-18 21:00:00+00:00,1776546000000,75754.77,75839.1,75599.64,75821.34,197.94348
2026-04-18 22:00:00+00:00,1776549600000,75821.35,75873.1,75608.89,75813.53,155.69572
2026-04-18 23:00:00+00:00,1776553200000,75813.53,75891.64,75685.69,75691.76,141.95985
2026-04-19 00:00:00+00:00,1776556800000,75691.76,75847.42,75551.73,75693.01,297.06433
2026-04-19 01:00:00+00:00,1776560400000,75693.0,75798.47,75457.11,75621.95,321.53516
2026-04-19 02:00:00+00:00,1776564000000,75621.96,75722.21,75407.84,75496.0,212.48934
2026-04-19 03:00:00+00:00,1776567600000,75496.01,75637.44,75357.0,75515.77,175.28804
2026-04-19 04:00:00+00:00,1776571200000,75515.76,75782.63,75424.4,75664.62,294.60425
2026-04-19 05:00:00+00:00,1776574800000,75664.62,75687.04,75516.39,75545.6,174.63786
2026-04-19 06:00:00+00:00,1776578400000,75545.6,75545.6,75280.92,75400.09,385.31594
2026-04-19 07:00:00+00:00,1776582000000,75400.09,75400.09,74867.72,75252.34,771.61495
2026-04-19 08:00:00+00:00,1776585600000,75252.33,75299.99,75071.58,75257.6,333.58261
2026-04-19 09:00:00+00:00,1776589200000,75257.59,75265.0,74921.74,75015.0,313.21615
2026-04-19 10:00:00+00:00,1776592800000,75015.0,75243.02,74933.87,75222.45,323.18472
2026-04-19 11:00:00+00:00,1776596400000,75222.46,75641.99,75216.96,75604.11,418.71675
2026-04-19 12:00:00+00:00,1776600000000,75604.11,75700.0,75432.07,75571.6,439.48255
2026-04-19 13:00:00+00:00,1776603600000,75571.61,76240.66,75552.44,75921.75,760.39543
2026-04-19 14:00:00+00:00,1776607200000,75921.75,76147.01,75674.55,76024.01,621.24056
2026-04-19 15:00:00+00:00,1776610800000,76024.02,76155.3,75401.44,75846.63,1097.76631
2026-04-19 16:00:00+00:00,1776614400000,75846.63,75853.26,75311.11,75382.86,403.71917
2026-04-19 17:00:00+00:00,1776618000000,75382.87,75382.87,74638.31,74791.26,795.68148
2026-04-19 18:00:00+00:00,1776621600000,74791.27,74908.62,74608.0,74770.11,531.16281
2026-04-19 19:00:00+00:00,1776625200000,74770.11,75071.61,74770.11,74965.47,306.83274
2026-04-19 20:00:00+00:00,1776628800000,74965.46,74965.47,74427.53,74630.0,452.71123
2026-04-19 21:00:00+00:00,1776632400000,74630.01,74810.0,74368.6,74425.15,383.54881
2026-04-19 22:00:00+00:00,1776636000000,74425.16,74425.16,73762.9,74047.34,1140.3898
2026-04-19 23:00:00+00:00,1776639600000,74047.34,74054.22,73790.0,73801.79,415.64133
2026-04-20 00:00:00+00:00,1776643200000,73801.8,74360.43,73724.31,74280.01,787.93368
2026-04-20 01:00:00+00:00,1776646800000,74280.01,74746.93,74214.67,74595.13,689.61016
2026-04-20 02:00:00+00:00,1776650400000,74595.12,74627.99,74304.84,74410.01,739.68976
2026-04-20 03:00:00+00:00,1776654000000,74410.01,74640.65,74359.04,74634.0,281.2031
2026-04-20 04:00:00+00:00,1776657600000,74634.01,74637.43,74435.19,74567.64,333.76794
2026-04-20 05:00:00+00:00,1776661200000,74567.63,74567.63,74095.18,74264.15,529.73957
2026-04-20 06:00:00+00:00,1776664800000,74264.16,74894.11,74250.0,74786.59,441.3007
2026-04-20 07:00:00+00:00,1776668400000,74786.59,75572.0,74670.86,74837.17,1175.74482
2026-04-20 08:00:00+00:00,1776672000000,74837.18,74998.83,74619.41,74728.91,538.52852
2026-04-20 09:00:00+00:00,1776675600000,74728.92,75233.0,74706.87,75062.77,502.56404
2026-04-20 10:00:00+00:00,1776679200000,75062.77,75404.63,75003.63,75027.26,321.321
2026-04-20 11:00:00+00:00,1776682800000,75027.26,75287.88,74957.51,75192.71,284.12016
2026-04-20 12:00:00+00:00,1776686400000,75192.72,75650.0,75043.86,75289.9,698.85484
2026-04-20 13:00:00+00:00,1776690000000,75289.91,75434.41,74859.11,75269.38,774.09093
2026-04-20 14:00:00+00:00,1776693600000,75269.37,75766.74,74921.42,75034.79,1047.20928
2026-04-20 15:00:00+00:00,1776697200000,75034.79,75772.72,74702.0,75716.77,1196.9526
2026-04-20 16:00:00+00:00,1776700800000,75716.78,75723.99,75299.26,75338.74,630.71705
2026-04-20 17:00:00+00:00,1776704400000,75338.75,75991.47,75289.92,75898.14,642.61045
2026-04-20 18:00:00+00:00,1776708000000,75898.14,76453.19,75898.14,76423.69,1544.76303
2026-04-20 19:00:00+00:00,1776711600000,76423.69,76486.67,76154.49,76296.96,1368.12243
2026-04-20 20:00:00+00:00,1776715200000,76296.97,76558.62,76113.07,76276.17,1418.8575
2026-04-20 21:00:00+00:00,1776718800000,76276.18,76357.2,75784.05,75954.71,523.28232
2026-04-20 22:00:00+00:00,1776722400000,75954.72,76143.71,75904.39,75974.24,220.6417
2026-04-20 23:00:00+00:00,1776726000000,75974.24,75974.24,75617.6,75840.97,301.78476
2026-04-21 00:00:00+00:00,1776729600000,75840.97,76099.19,75700.0,76092.45,428.95831
2026-04-21 01:00:00+00:00,1776733200000,76092.46,76263.4,75866.01,75927.59,391.13593
2026-04-21 02:00:00+00:00,1776736800000,75927.58,75932.7,75580.0,75581.33,536.09341
2026-04-21 03:00:00+00:00,1776740400000,75581.33,75721.12,75474.77,75710.3,256.2515
2026-04-21 04:00:00+00:00,1776744000000,75710.31,75823.49,75600.0,75813.81,259.64273
2026-04-21 05:00:00+00:00,1776747600000,75813.8,75981.1,75782.75,75802.0,321.53858
2026-04-21 06:00:00+00:00,1776751200000,75802.0,76129.95,75703.85,75974.11,408.87339
2026-04-21 07:00:00+00:00,1776754800000,75974.12,76300.0,75814.26,76084.34,1236.72448
2026-04-21 08:00:00+00:00,1776758400000,76084.34,76927.57,76063.98,76507.21,915.23783
2026-04-21 09:00:00+00:00,1776762000000,76507.21,76587.82,76155.0,76362.77,582.67237
2026-04-21 10:00:00+00:00,1776765600000,76362.78,76866.55,76349.59,76746.41,536.34243
2026-04-21 11:00:00+00:00,1776769200000,76746.41,76750.68,76342.0,76452.94,624.94284
2026-04-21 12:00:00+00:00,1776772800000,76452.94,76528.11,75709.03,76009.46,1039.78515
2026-04-21 13:00:00+00:00,1776776400000,76009.46,76179.75,75736.33,75899.98,686.08493
2026-04-21 14:00:00+00:00,1776780000000,75899.98,76595.3,75625.28,75675.05,949.21411
2026-04-21 15:00:00+00:00,1776783600000,75675.04,75979.78,75430.62,75834.65,923.86151
2026-04-21 16:00:00+00:00,1776787200000,75834.66,76190.72,75760.0,75781.18,496.33064
2026-04-21 17:00:00+00:00,1776790800000,75781.19,75912.98,75052.64,75545.62,995.0846
2026-04-21 18:00:00+00:00,1776794400000,75545.62,75668.24,75310.88,75610.21,456.47055
2026-04-21 19:00:00+00:00,1776798000000,75610.21,75919.5,74821.57,75023.43,954.2676
2026-04-21 20:00:00+00:00,1776801600000,75023.43,75859.56,74967.58,75698.51,797.25703
2026-04-21 21:00:00+00:00,1776805200000,75698.51,75777.38,75431.62,75549.99,249.37655
2026-04-21 22:00:00+00:00,1776808800000,75549.99,75650.04,75302.01,75650.04,389.29388
2026-04-21 23:00:00+00:00,1776812400000,75650.03,76425.37,75622.0,76336.15,477.13097
2026-04-22 00:00:00+00:00,1776816000000,76336.14,76500.0,76220.4,76370.45,496.92701
2026-04-22 01:00:00+00:00,1776819600000,76370.46,76416.24,76132.95,76297.99,351.48706
2026-04-22 02:00:00+00:00,1776823200000,76297.99,77645.35,76223.9,77604.71,1622.85639
2026-04-22 03:00:00+00:00,1776826800000,77604.7,77733.11,77397.88,77521.48,956.6528
2026-04-22 04:00:00+00:00,1776830400000,77521.47,77700.0,77364.25,77523.0,547.1578
2026-04-22 05:00:00+00:00,1776834000000,77523.01,78452.18,77450.0,77994.93,2386.48879
2026-04-22 06:00:00+00:00,1776837600000,77994.92,78042.84,77900.0,78010.72,576.88586
2026-04-22 07:00:00+00:00,1776841200000,78010.73,78111.0,77825.0,78012.79,880.5264
2026-04-22 08:00:00+00:00,1776844800000,78012.78,78219.41,77941.59,78010.92,987.44812
2026-04-22 09:00:00+00:00,1776848400000,78010.92,78184.7,77956.76,78001.95,415.39605
2026-04-22 10:00:00+00:00,1776852000000,78001.96,78180.0,77951.17,78157.41,352.72131
2026-04-22 11:00:00+00:00,1776855600000,78157.41,78399.0,78102.0,78300.0,560.88264
2026-04-22 12:00:00+00:00,1776859200000,78300.0,78508.18,78114.04,78236.05,952.94008
2026-04-22 13:00:00+00:00,1776862800000,78236.05,78850.0,78162.64,78840.94,1253.18724
2026-04-22 14:00:00+00:00,1776866400000,78840.94,79174.68,78577.86,79045.75,1847.69509
2026-04-22 15:00:00+00:00,1776870000000,79045.75,79400.0,78837.66,79272.9,1412.004
2026-04-22 16:00:00+00:00,1776873600000,79272.91,79472.82,78632.37,78743.59,1010.97362
2026-04-22 17:00:00+00:00,1776877200000,78743.6,79034.73,78705.71,78900.0,502.31388
2026-04-22 18:00:00+00:00,1776880800000,78900.01,79163.66,78828.76,79022.39,322.94022
2026-04-22 19:00:00+00:00,1776884400000,79022.4,79067.6,78706.81,78846.62,557.30668
2026-04-22 20:00:00+00:00,1776888000000,78846.62,78915.84,78410.0,78436.68,436.66543
2026-04-22 21:00:00+00:00,1776891600000,78436.69,78821.86,78425.0,78762.69,299.34545
2026-04-22 22:00:00+00:00,1776895200000,78762.68,78824.0,78456.15,78607.95,294.6414
2026-04-22 23:00:00+00:00,1776898800000,78607.95,78607.95,78155.83,78178.23,712.06893
2026-04-23 00:00:00+00:00,1776902400000,78178.22,78574.44,77582.17,78424.29,1778.58027
2026-04-23 01:00:00+00:00,1776906000000,78424.3,78472.95,78057.5,78359.23,586.8685
2026-04-23 02:00:00+00:00,1776909600000,78359.71,78359.72,77761.2,77939.92,508.32327
2026-04-23 03:00:00+00:00,1776913200000,77939.91,78025.99,77453.43,77746.46,609.2036
2026-04-23 04:00:00+00:00,1776916800000,77746.47,77949.09,77675.8,77920.09,305.0499
2026-04-23 05:00:00+00:00,1776920400000,77920.09,78110.01,77750.0,78033.87,680.89298
2026-04-23 06:00:00+00:00,1776924000000,78034.0,78339.35,78034.0,78211.43,433.12959
2026-04-23 07:00:00+00:00,1776927600000,78211.43,78248.39,77981.88,78048.62,292.35484
2026-04-23 08:00:00+00:00,1776931200000,78048.61,78175.52,77714.86,77858.35,1135.26875
2026-04-23 09:00:00+00:00,1776934800000,77858.34,77860.8,77440.85,77655.34,772.05261
2026-04-23 10:00:00+00:00,1776938400000,77655.35,77709.16,77174.01,77403.63,1129.48909
2026-04-23 11:00:00+00:00,1776942000000,77403.63,77757.31,77365.57,77704.62,525.42671
2026-04-23 12:00:00+00:00,1776945600000,77704.61,77870.54,77491.18,77870.53,636.21566
2026-04-23 13:00:00+00:00,1776949200000,77870.54,77904.37,77379.92,77532.23,592.70115
2026-04-23 14:00:00+00:00,1776952800000,77532.23,78201.53,77414.0,78180.77,926.52082
2026-04-23 15:00:00+00:00,1776956400000,78180.78,78662.5,77983.25,78376.76,1008.45262
2026-04-23 16:00:00+00:00,1776960000000,78376.77,78509.82,78030.0,78103.72,661.93618
2026-04-23 17:00:00+00:00,1776963600000,78103.72,78184.85,76960.0,77769.21,1724.53866
2026-04-23 18:00:00+00:00,1776967200000,77769.2,78146.75,77678.65,77678.65,731.06838
2026-04-23 19:00:00+00:00,1776970800000,77678.65,77886.88,77592.92,77727.26,830.20485
2026-04-23 20:00:00+00:00,1776974400000,77727.25,78050.0,77637.5,77886.97,391.74493
2026-04-23 21:00:00+00:00,1776978000000,77886.97,78070.0,77800.0,77864.83,211.37751
2026-04-23 22:00:00+00:00,1776981600000,77864.84,78331.0,77864.83,78235.3,271.3302
2026-04-23 23:00:00+00:00,1776985200000,78235.29,78298.01,78030.0,78257.48,228.06394
2026-04-24 00:00:00+00:00,1776988800000,78257.48,78490.83,78172.01,78417.22,451.37457
2026-04-24 01:00:00+00:00,1776992400000,78417.22,78450.0,77952.16,78429.73,533.84795
2026-04-24 02:00:00+00:00,1776996000000,78429.73,78581.93,78067.17,78125.65,425.56297
2026-04-24 03:00:00+00:00,1776999600000,78125.65,78178.4,77555.0,77737.85,639.95986
2026-04-24 04:00:00+00:00,1777003200000,77737.84,77854.57,77482.49,77670.0,605.14416
2026-04-24 05:00:00+00:00,1777006800000,77670.01,78057.65,77457.0,77953.48,423.6718
2026-04-24 06:00:00+00:00,1777010400000,77953.48,77979.54,77761.2,77789.75,280.75336
2026-04-24 07:00:00+00:00,1777014000000,77789.75,77855.67,77543.52,77644.6,696.90666
2026-04-24 08:00:00+00:00,1777017600000,77644.59,78000.0,77550.73,77785.71,731.67499
2026-04-24 09:00:00+00:00,1777021200000,77785.7,77804.23,77402.01,77527.69,621.09775
2026-04-24 10:00:00+00:00,1777024800000,77527.7,77784.0,77444.95,77752.36,379.99202
2026-04-24 11:00:00+00:00,1777028400000,77752.37,78372.58,77752.37,78240.26,1186.36064
2026-04-24 12:00:00+00:00,1777032000000,78240.27,78345.15,78016.51,78275.66,579.40035
2026-04-24 13:00:00+00:00,1777035600000,78275.65,78479.37,77913.27,78093.79,852.96848
2026-04-24 14:00:00+00:00,1777039200000,78093.8,78093.8,77681.74,78037.64,755.72516
2026-04-24 15:00:00+00:00,1777042800000,78037.65,78233.18,77577.22,78038.62,662.02033
2026-04-24 16:00:00+00:00,1777046400000,78038.63,78060.29,77586.86,77777.28,525.06319
2026-04-24 17:00:00+00:00,1777050000000,77776.76,77829.17,77489.6,77681.71,537.36482
2026-04-24 18:00:00+00:00,1777053600000,77681.72,77717.08,77363.63,77618.24,321.31558
2026-04-24 19:00:00+00:00,1777057200000,77618.25,77748.66,77532.46,77628.85,250.57895
2026-04-24 20:00:00+00:00,1777060800000,77628.84,77757.14,77458.0,77718.31,376.29595
2026-04-24 21:00:00+00:00,1777064400000,77718.31,77756.15,77536.48,77536.48,322.69633
2026-04-24 22:00:00+00:00,1777068000000,77536.49,77616.78,77264.08,77328.91,278.27896
2026-04-24 23:00:00+00:00,1777071600000,77328.92,77456.87,77328.92,77437.13,237.08832
2026-04-25 00:00:00+00:00,1777075200000,77437.13,77502.99,77309.92,77456.88,429.63681
2026-04-25 01:00:00+00:00,1777078800000,77456.88,77620.52,77440.8,77541.63,200.07888
2026-04-25 02:00:00+00:00,1777082400000,77541.63,77644.04,77504.43,77607.8,171.0703
2026-04-25 03:00:00+00:00,1777086000000,77607.8,77711.87,77550.27,77679.07,142.22205
2026-04-25 04:00:00+00:00,1777089600000,77679.08,77691.23,77596.37,77619.05,275.21191
2026-04-25 05:00:00+00:00,1777093200000,77619.05,77619.05,77485.51,77510.28,174.55862
2026-04-25 06:00:00+00:00,1777096800000,77510.27,77582.28,77489.35,77503.63,269.54814
2026-04-25 07:00:00+00:00,1777100400000,77503.63,77566.26,77450.0,77501.19,174.69907
2026-04-25 08:00:00+00:00,1777104000000,77501.19,77654.41,77491.36,77643.37,116.50084
2026-04-25 09:00:00+00:00,1777107600000,77643.38,77779.65,77587.1,77714.55,144.65626
2026-04-25 10:00:00+00:00,1777111200000,77714.56,77885.35,77714.55,77787.77,306.44644
2026-04-25 11:00:00+00:00,1777114800000,77787.76,77787.77,77607.03,77682.3,185.59351
2026-04-25 12:00:00+00:00,1777118400000,77682.29,77717.95,77550.61,77557.14,161.82067
2026-04-25 13:00:00+00:00,1777122000000,77557.14,77710.91,77557.14,77691.69,161.65796
2026-04-25 14:00:00+00:00,1777125600000,77691.7,77752.54,77638.0,77656.75,202.75966
2026-04-25 15:00:00+00:00,1777129200000,77656.74,77722.7,77299.89,77330.26,480.35839
2026-04-25 16:00:00+00:00,1777132800000,77330.25,77454.31,77140.23,77397.27,471.60364
2026-04-25 17:00:00+00:00,1777136400000,77397.27,77407.03,77210.96,77245.77,151.09691
2026-04-25 18:00:00+00:00,1777140000000,77245.78,77389.01,77216.29,77313.0,331.13304
2026-04-25 19:00:00+00:00,1777143600000,77313.0,77343.81,77193.79,77330.01,293.84127
2026-04-25 20:00:00+00:00,1777147200000,77330.0,77481.7,77311.05,77479.13,85.63447
2026-04-25 21:00:00+00:00,1777150800000,77479.14,77530.0,77415.2,77525.84,150.55151
2026-04-25 22:00:00+00:00,1777154400000,77525.83,77634.77,77498.81,77557.01,242.12513
2026-04-25 23:00:00+00:00,1777158000000,77557.01,77650.0,77530.0,77625.0,362.30872
2026-04-26 00:00:00+00:00,1777161600000,77625.0,77642.43,77445.94,77502.4,307.91239
2026-04-26 01:00:00+00:00,1777165200000,77502.39,77572.81,77451.16,77461.16,130.56583
2026-04-26 02:00:00+00:00,1777168800000,77461.16,77590.97,77452.07,77512.67,85.92459
2026-04-26 03:00:00+00:00,1777172400000,77512.67,77541.96,77326.51,77400.21,146.77411
2026-04-26 04:00:00+00:00,1777176000000,77400.21,77814.43,77383.46,77774.29,227.07196
2026-04-26 05:00:00+00:00,1777179600000,77774.29,78200.0,77719.77,77983.31,797.06637
2026-04-26 06:00:00+00:00,1777183200000,77983.31,78045.0,77899.45,77999.04,206.01822
2026-04-26 07:00:00+00:00,1777186800000,77999.04,78121.45,77968.36,78102.53,175.6113
2026-04-26 08:00:00+00:00,1777190400000,78102.53,78210.0,78019.65,78032.59,265.96473
2026-04-26 09:00:00+00:00,1777194000000,78032.59,78058.45,77926.59,77999.99,168.80014
2026-04-26 10:00:00+00:00,1777197600000,78000.0,78050.19,77954.0,78002.43,153.3474
2026-04-26 11:00:00+00:00,1777201200000,78002.43,78149.99,78002.42,78101.44,133.58626
2026-04-26 12:00:00+00:00,1777204800000,78101.43,78101.5,77770.0,77833.08,296.93614
2026-04-26 13:00:00+00:00,1777208400000,77833.08,77996.69,77797.13,77977.79,254.46962
2026-04-26 14:00:00+00:00,1777212000000,77977.79,78173.15,77871.85,78095.66,401.66239
2026-04-26 15:00:00+00:00,1777215600000,78095.65,78121.92,77988.89,78049.0,177.4742
2026-04-26 16:00:00+00:00,1777219200000,78049.0,78086.47,77919.42,77919.43,198.96678
2026-04-26 17:00:00+00:00,1777222800000,77919.43,78050.0,77850.0,78018.57,373.25532
2026-04-26 18:00:00+00:00,1777226400000,78018.57,78346.89,77988.11,78283.96,421.27794
2026-04-26 19:00:00+00:00,1777230000000,78283.97,78500.0,78013.76,78221.16,511.56
2026-04-26 20:00:00+00:00,1777233600000,78221.17,78377.77,78158.04,78194.22,172.13709
2026-04-26 21:00:00+00:00,1777237200000,78194.21,78961.0,77843.75,78417.41,977.34524
2026-04-26 22:00:00+00:00,1777240800000,78417.41,78850.3,77953.26,78313.52,710.63176
2026-04-26 23:00:00+00:00,1777244400000,78313.52,78901.63,78041.05,78657.55,669.20184
2026-04-27 00:00:00+00:00,1777248000000,78657.55,79392.4,78400.03,79308.6,1271.22649
2026-04-27 01:00:00+00:00,1777251600000,79309.0,79485.66,78730.71,79283.66,993.09217
2026-04-27 02:00:00+00:00,1777255200000,79283.65,79304.0,79030.91,79130.01,381.22923
2026-04-27 03:00:00+00:00,1777258800000,79130.01,79316.5,79077.81,79105.49,397.44839
2026-04-27 04:00:00+00:00,1777262400000,79105.5,79160.0,78872.42,78924.22,417.67922
2026-04-27 05:00:00+00:00,1777266000000,78924.21,78938.0,77562.63,77785.54,1805.78745
2026-04-27 06:00:00+00:00,1777269600000,77785.55,77871.9,77465.05,77700.12,641.73182
2026-04-27 07:00:00+00:00,1777273200000,77700.12,77734.79,77562.08,77606.6,743.19766
2026-04-27 08:00:00+00:00,1777276800000,77606.59,77816.18,77553.23,77804.34,465.54163
2026-04-27 09:00:00+00:00,1777280400000,77804.34,77980.0,77700.0,77900.01,578.50773
2026-04-27 10:00:00+00:00,1777284000000,77900.01,77935.66,77792.46,77850.01,311.10764
2026-04-27 11:00:00+00:00,1777287600000,77850.01,77885.46,77740.39,77844.26,252.77882
2026-04-27 12:00:00+00:00,1777291200000,77844.25,77867.33,77620.0,77667.36,415.46743
2026-04-27 13:00:00+00:00,1777294800000,77667.36,77966.8,77571.79,77746.74,762.7167
2026-04-27 14:00:00+00:00,1777298400000,77746.74,78265.34,77680.0,77815.25,744.42829
2026-04-27 15:00:00+00:00,1777302000000,77815.26,77827.17,76564.33,76793.09,1882.17067
2026-04-27 16:00:00+00:00,1777305600000,76793.1,76868.01,76546.0,76618.59,809.46498
2026-04-27 17:00:00+00:00,1777309200000,76618.59,76990.43,76618.59,76743.24,874.80558
2026-04-27 18:00:00+00:00,1777312800000,76743.23,76890.99,76668.52,76834.06,361.97331
2026-04-27 19:00:00+00:00,1777316400000,76834.05,76894.7,76459.64,76878.07,598.68003
2026-04-27 20:00:00+00:00,1777320000000,76878.23,77067.8,76844.16,76960.43,310.80766
2026-04-27 21:00:00+00:00,1777323600000,76960.43,76981.53,76786.8,76786.81,223.94467
2026-04-27 22:00:00+00:00,1777327200000,76786.81,77082.78,76763.71,77066.42,364.86359
2026-04-27 23:00:00+00:00,1777330800000,77066.42,77450.0,77018.56,77371.32,438.27302
2026-04-28 00:00:00+00:00,1777334400000,77371.32,77478.0,77210.92,77379.62,327.26244
2026-04-28 01:00:00+00:00,1777338000000,77379.62,77394.1,77038.1,77084.68,404.77602
2026-04-28 02:00:00+00:00,1777341600000,77084.69,77227.03,76672.56,76890.93,437.7548
2026-04-28 03:00:00+00:00,1777345200000,76890.92,76890.92,76672.0,76815.18,278.47081
2026-04-28 04:00:00+00:00,1777348800000,76815.18,76950.0,76701.35,76888.08,274.86374
2026-04-28 05:00:00+00:00,1777352400000,76888.08,77154.0,76811.01,76885.98,510.80129
2026-04-28 06:00:00+00:00,1777356000000,76885.97,77027.91,76588.0,76720.0,465.05641
2026-04-28 07:00:00+00:00,1777359600000,76720.01,76922.22,76424.9,76879.28,1631.99051
2026-04-28 08:00:00+00:00,1777363200000,76879.28,77013.63,76741.12,76858.59,1043.07562
2026-04-28 09:00:00+00:00,1777366800000,76858.59,76863.54,76495.91,76598.0,361.69239
2026-04-28 10:00:00+00:00,1777370400000,76597.99,76692.19,76484.7,76618.35,418.24563
2026-04-28 11:00:00+00:00,1777374000000,76618.35,76649.86,76130.1,76229.0,1019.71842
2026-04-28 12:00:00+00:00,1777377600000,76228.99,76421.94,76168.84,76372.05,652.01316
2026-04-28 13:00:00+00:00,1777381200000,76372.04,76411.72,75924.98,76189.84,1288.525
2026-04-28 14:00:00+00:00,1777384800000,76189.85,76199.99,75666.6,75949.99,1264.2758
2026-04-28 15:00:00+00:00,1777388400000,75950.0,76085.42,75836.88,76066.38,571.95819
2026-04-28 16:00:00+00:00,1777392000000,76066.37,76218.06,75881.28,76125.04,447.54534
2026-04-28 17:00:00+00:00,1777395600000,76125.04,76262.63,75959.05,76187.3,337.12149
2026-04-28 18:00:00+00:00,1777399200000,76187.3,76280.91,76137.86,76242.18,337.48355
2026-04-28 19:00:00+00:00,1777402800000,76242.17,76380.83,76066.35,76330.97,259.65416
2026-04-28 20:00:00+00:00,1777406400000,76330.97,76480.0,76323.71,76463.95,259.71578
2026-04-28 21:00:00+00:00,1777410000000,76463.95,76481.3,76267.61,76357.15,281.17357
2026-04-28 22:00:00+00:00,1777413600000,76357.15,76446.26,76218.0,76242.17,157.60986
2026-04-28 23:00:00+00:00,1777417200000,76242.17,76370.0,76197.02,76342.77,179.93985
2026-04-29 00:00:00+00:00,1777420800000,76342.78,76557.97,76276.0,76512.0,636.88517
2026-04-29 01:00:00+00:00,1777424400000,76511.99,76668.02,76187.75,76571.0,371.48818
2026-04-29 02:00:00+00:00,1777428000000,76571.0,76666.82,76402.72,76531.29,315.29662
2026-04-29 03:00:00+00:00,1777431600000,76531.29,77127.62,76519.94,76994.78,568.25927
2026-04-29 04:00:00+00:00,1777435200000,76994.77,77455.71,76880.0,77269.76,655.24397
2026-04-29 05:00:00+00:00,1777438800000,77269.76,77329.31,77198.07,77288.38,412.95649
2026-04-29 06:00:00+00:00,1777442400000,77288.39,77337.57,76907.07,77031.06,974.38933
2026-04-29 07:00:00+00:00,1777446000000,77031.07,77182.91,77031.06,77053.64,931.98531
2026-04-29 08:00:00+00:00,1777449600000,77053.65,77148.79,76972.32,77046.32,539.09721
2026-04-29 09:00:00+00:00,1777453200000,77046.31,77800.0,76972.32,77642.0,835.54071
2026-04-29 10:00:00+00:00,1777456800000,77642.0,77904.93,77559.19,77619.61,790.81622
2026-04-29 11:00:00+00:00,1777460400000,77619.62,77694.61,77485.81,77590.03,531.7514
2026-04-29 12:00:00+00:00,1777464000000,77590.04,77596.39,76850.0,77143.68,1776.35149
2026-04-29 13:00:00+00:00,1777467600000,77143.68,77240.0,76425.62,76783.43,1000.6949
2026-04-29 14:00:00+00:00,1777471200000,76783.42,76927.69,76489.99,76570.0,1353.72071
2026-04-29 15:00:00+00:00,1777474800000,76570.0,76634.61,75705.32,75924.25,1132.75734
2026-04-29 16:00:00+00:00,1777478400000,75924.24,76125.47,75696.13,75803.54,1021.10079
2026-04-29 17:00:00+00:00,1777482000000,75803.55,76184.01,75803.55,76184.01,549.93434
2026-04-29 18:00:00+00:00,1777485600000,76184.0,76274.8,74937.52,75513.91,1926.88309
2026-04-29 19:00:00+00:00,1777489200000,75513.92,75591.83,75302.31,75563.86,464.5754
2026-04-29 20:00:00+00:00,1777492800000,75563.87,75857.32,75497.43,75676.79,575.31173
2026-04-29 21:00:00+00:00,1777496400000,75676.79,76088.9,75607.7,75933.93,363.06477
2026-04-29 22:00:00+00:00,1777500000000,75933.94,76004.14,75818.14,75927.38,272.33397
2026-04-29 23:00:00+00:00,1777503600000,75927.38,75990.06,75692.33,75780.0,279.49181
2026-04-30 00:00:00+00:00,1777507200000,75780.0,76344.61,75656.03,76248.74,562.71461
2026-04-30 01:00:00+00:00,1777510800000,76248.76,76473.26,76178.73,76232.8,331.53653
2026-04-30 02:00:00+00:00,1777514400000,76232.81,76351.04,75494.7,75704.74,537.06765
2026-04-30 03:00:00+00:00,1777518000000,75704.74,75994.26,75659.85,75928.1,182.12647
2026-04-30 04:00:00+00:00,1777521600000,75928.09,75963.92,75414.57,75497.0,426.96926
2026-04-30 05:00:00+00:00,1777525200000,75497.01,75750.0,75323.65,75600.09,491.70915
2026-04-30 06:00:00+00:00,1777528800000,75600.09,75867.9,75569.99,75753.53,372.15072
2026-04-30 07:00:00+00:00,1777532400000,75753.54,76179.91,75718.5,76161.67,516.75183
2026-04-30 08:00:00+00:00,1777536000000,76161.67,76208.92,76019.57,76058.17,350.94571
2026-04-30 09:00:00+00:00,1777539600000,76058.17,76339.38,76012.6,76097.19,445.01057
2026-04-30 10:00:00+00:00,1777543200000,76097.19,76163.52,75974.93,76028.66,365.18719
2026-04-30 11:00:00+00:00,1777546800000,76028.66,76244.36,75876.29,76059.43,550.88667
2026-04-30 12:00:00+00:00,1777550400000,76059.42,76511.22,76042.75,76308.48,1520.57994
2026-04-30 13:00:00+00:00,1777554000000,76308.48,76669.14,76116.2,76420.44,927.16622
2026-04-30 14:00:00+00:00,1777557600000,76420.45,76597.51,76093.81,76301.24,683.75312
2026-04-30 15:00:00+00:00,1777561200000,76301.25,76653.6,76163.16,76473.6,374.70038
2026-04-30 16:00:00+00:00,1777564800000,76473.6,76484.6,76228.27,76261.03,165.45041
2026-04-30 17:00:00+00:00,1777568400000,76261.04,76328.71,76111.0,76250.01,273.82279
2026-04-30 18:00:00+00:00,1777572000000,76250.0,76468.84,76204.4,76350.0,184.15567
2026-04-30 19:00:00+00:00,1777575600000,76350.0,76514.8,76308.33,76412.8,307.53776
2026-04-30 20:00:00+00:00,1777579200000,76412.8,76568.9,76318.31,76492.46,287.06721
2026-04-30 21:00:00+00:00,1777582800000,76492.45,76535.42,76240.78,76241.78,183.08169
2026-04-30 22:00:00+00:00,1777586400000,76241.77,76449.16,76206.02,76237.06,158.56535
2026-04-30 23:00:00+00:00,1777590000000,76237.07,76380.2,76217.96,76346.57,182.87917
2026-05-01 00:00:00+00:00,1777593600000,76346.58,76591.0,76320.42,76458.05,502.88844
2026-05-01 01:00:00+00:00,1777597200000,76458.06,76776.21,76449.5,76686.13,486.84554
2026-05-01 02:00:00+00:00,1777600800000,76686.12,76744.6,76533.74,76592.54,204.45438
2026-05-01 03:00:00+00:00,1777604400000,76592.54,77453.74,76555.06,77131.08,1056.19913
2026-05-01 04:00:00+00:00,1777608000000,77131.08,77206.38,76653.6,77042.44,995.75921
2026-05-01 05:00:00+00:00,1777611600000,77042.44,77184.96,77033.91,77165.98,283.75111
2026-05-01 06:00:00+00:00,1777615200000,77165.99,77179.53,76882.0,76993.48,439.15205
2026-05-01 07:00:00+00:00,1777618800000,76993.49,77140.36,76957.04,77130.54,633.7325
2026-05-01 08:00:00+00:00,1777622400000,77130.54,77500.0,77048.0,77377.47,697.73561
2026-05-01 09:00:00+00:00,1777626000000,77377.48,77391.99,77200.15,77268.55,355.16559
2026-05-01 10:00:00+00:00,1777629600000,77268.56,77433.72,77146.48,77304.34,330.99244
2026-05-01 11:00:00+00:00,1777633200000,77303.8,77600.0,77263.66,77463.98,584.3796
2026-05-01 12:00:00+00:00,1777636800000,77463.98,78170.2,77408.73,77896.01,1392.97654
2026-05-01 13:00:00+00:00,1777640400000,77896.01,78914.12,77896.0,78737.25,2354.33999
2026-05-01 14:00:00+00:00,1777644000000,78737.26,78871.8,78051.86,78358.75,1970.70152
2026-05-01 15:00:00+00:00,1777647600000,78358.74,78735.92,78176.06,78445.89,1013.17746
2026-05-01 16:00:00+00:00,1777651200000,78445.88,78683.23,78167.53,78214.36,704.68666
2026-05-01 17:00:00+00:00,1777654800000,78214.36,78584.61,78131.02,78552.94,489.31938
2026-05-01 18:00:00+00:00,1777658400000,78552.93,78623.37,78375.53,78423.9,487.76487
2026-05-01 19:00:00+00:00,1777662000000,78423.91,78540.0,78313.16,78360.0,512.65483
2026-05-01 20:00:00+00:00,1777665600000,78360.01,78422.81,77752.0,77880.18,827.52759
2026-05-01 21:00:00+00:00,1777669200000,77880.18,78200.0,77857.97,78199.99,485.72824
2026-05-01 22:00:00+00:00,1777672800000,78200.0,78411.13,78144.7,78153.38,331.97786
2026-05-01 23:00:00+00:00,1777676400000,78153.37,78249.6,78043.28,78231.13,173.55448
2026-05-02 00:00:00+00:00,1777680000000,78231.13,78393.39,78166.48,78341.75,211.29374
2026-05-02 01:00:00+00:00,1777683600000,78341.75,78441.31,78294.19,78355.0,400.98852
2026-05-02 02:00:00+00:00,1777687200000,78355.0,78513.7,78260.95,78353.93,283.69022
2026-05-02 03:00:00+00:00,1777690800000,78353.93,78514.82,78237.25,78400.0,300.16391
2026-05-02 04:00:00+00:00,1777694400000,78399.99,78448.99,78123.53,78175.5,411.85061
2026-05-02 05:00:00+00:00,1777698000000,78175.5,78235.25,78040.0,78174.0,526.60294
2026-05-02 06:00:00+00:00,1777701600000,78174.0,78363.21,78148.24,78327.8,366.5645
2026-05-02 07:00:00+00:00,1777705200000,78327.8,78342.18,78207.2,78220.0,170.02066
2026-05-02 08:00:00+00:00,1777708800000,78220.0,78356.51,78165.3,78315.37,204.83037
2026-05-02 09:00:00+00:00,1777712400000,78315.36,78394.0,78220.0,78293.57,257.64077
2026-05-02 10:00:00+00:00,1777716000000,78293.57,78311.97,78225.22,78249.3,136.41815
2026-05-02 11:00:00+00:00,1777719600000,78249.31,78249.31,78094.43,78143.08,269.24301
2026-05-02 12:00:00+00:00,1777723200000,78143.09,78262.37,78108.41,78211.24,182.77682
2026-05-02 13:00:00+00:00,1777726800000,78211.24,78423.85,78211.24,78367.06,227.00487
2026-05-02 14:00:00+00:00,1777730400000,78367.06,78484.42,78309.84,78423.98,190.15931
2026-05-02 15:00:00+00:00,1777734000000,78423.98,78487.68,78365.96,78487.67,126.14054
2026-05-02 16:00:00+00:00,1777737600000,78487.67,78596.61,78430.07,78455.02,194.42514
2026-05-02 17:00:00+00:00,1777741200000,78455.02,78485.53,78368.24,78398.02,213.39843
2026-05-02 18:00:00+00:00,1777744800000,78398.03,78493.31,78310.54,78466.62,118.15969
2026-05-02 19:00:00+00:00,1777748400000,78466.63,78521.68,78440.11,78486.0,182.05466
2026-05-02 20:00:00+00:00,1777752000000,78486.23,78491.26,78418.32,78451.38,61.92886
2026-05-02 21:00:00+00:00,1777755600000,78451.37,79199.48,78439.51,78719.78,734.53837
2026-05-02 22:00:00+00:00,1777759200000,78719.78,78872.39,78610.46,78832.98,266.49012
2026-05-02 23:00:00+00:00,1777762800000,78832.98,78832.98,78631.9,78686.85,114.49221
2026-05-03 00:00:00+00:00,1777766400000,78686.84,78754.55,78490.61,78542.32,233.96416
2026-05-03 01:00:00+00:00,1777770000000,78542.33,78542.33,78152.25,78240.83,391.01401
2026-05-03 02:00:00+00:00,1777773600000,78240.84,78309.09,78108.75,78171.85,222.42918
2026-05-03 03:00:00+00:00,1777777200000,78171.86,78217.59,78109.94,78203.08,200.3559
2026-05-03 04:00:00+00:00,1777780800000,78203.07,78236.45,78120.0,78163.19,89.71363
2026-05-03 05:00:00+00:00,1777784400000,78163.19,78260.75,78163.17,78249.42,98.09285
2026-05-03 06:00:00+00:00,1777788000000,78249.41,78337.26,78084.08,78288.3,306.94233
2026-05-03 07:00:00+00:00,1777791600000,78288.3,78483.67,78288.29,78363.25,299.42086
2026-05-03 08:00:00+00:00,1777795200000,78363.24,78505.92,78363.24,78387.86,102.01693
2026-05-03 09:00:00+00:00,1777798800000,78387.87,78604.67,78354.53,78529.57,293.1321
2026-05-03 10:00:00+00:00,1777802400000,78529.57,78534.4,78406.97,78408.01,140.79481
2026-05-03 11:00:00+00:00,1777806000000,78408.01,78849.22,78380.0,78656.01,412.8313
2026-05-03 12:00:00+00:00,1777809600000,78656.01,78878.77,78656.0,78747.09,294.28187
2026-05-03 13:00:00+00:00,1777813200000,78747.09,78769.63,78586.99,78670.01,196.40341
2026-05-03 14:00:00+00:00,1777816800000,78670.01,78786.57,78608.7,78741.0,409.96615
2026-05-03 15:00:00+00:00,1777820400000,78741.0,78815.19,78633.4,78668.36,237.20487
2026-05-03 16:00:00+00:00,1777824000000,78668.36,78784.56,78600.0,78654.0,167.53902
2026-05-03 17:00:00+00:00,1777827600000,78654.01,78822.83,78558.65,78725.76,357.9255
2026-05-03 18:00:00+00:00,1777831200000,78725.76,78763.57,78631.61,78739.67,138.18974
2026-05-03 19:00:00+00:00,1777834800000,78739.68,78853.32,78676.67,78760.32,252.60944
2026-05-03 20:00:00+00:00,1777838400000,78760.32,79268.0,78732.04,78915.99,645.7979
2026-05-03 21:00:00+00:00,1777842000000,78915.99,79056.59,78650.0,78831.59,357.48617
2026-05-03 22:00:00+00:00,1777845600000,78831.6,79447.0,78831.6,79177.29,934.95879
2026-05-03 23:00:00+00:00,1777849200000,79177.29,79287.82,78484.42,78568.57,642.72198
2026-05-04 00:00:00+00:00,1777852800000,78568.58,78572.57,78288.88,78547.14,434.86007
2026-05-04 01:00:00+00:00,1777856400000,78547.15,79848.84,78412.49,79769.43,1366.42153
2026-05-04 02:00:00+00:00,1777860000000,79769.43,80420.9,79540.05,80173.3,2278.14954
2026-05-04 03:00:00+00:00,1777863600000,80173.3,80458.0,79926.9,80316.31,1012.18218
2026-05-04 04:00:00+00:00,1777867200000,80316.3,80635.51,80233.04,80332.06,1362.02834
2026-05-04 05:00:00+00:00,1777870800000,80332.06,80395.96,79956.25,80027.26,746.81318
2026-05-04 06:00:00+00:00,1777874400000,80027.26,80048.64,79500.0,79877.9,1103.73906
2026-05-04 07:00:00+00:00,1777878000000,79877.91,79946.33,79672.0,79696.75,419.83178
2026-05-04 08:00:00+00:00,1777881600000,79696.75,79800.0,79602.32,79708.3,435.36516
2026-05-04 09:00:00+00:00,1777885200000,79708.3,79930.0,79647.87,79838.48,473.40316
2026-05-04 10:00:00+00:00,1777888800000,79838.49,79880.0,78202.0,78940.26,4380.72428
2026-05-04 11:00:00+00:00,1777892400000,78940.27,79124.83,78708.87,78793.67,699.54546
2026-05-04 12:00:00+00:00,1777896000000,78793.67,79020.0,78718.55,78857.18,426.01688
2026-05-04 13:00:00+00:00,1777899600000,78857.18,79124.83,78581.74,78790.0,725.07004
2026-05-04 14:00:00+00:00,1777903200000,78790.01,80545.17,78500.0,80216.16,2308.42012
2026-05-04 15:00:00+00:00,1777906800000,80216.15,80367.93,79320.28,80028.85,2458.63305
2026-05-04 16:00:00+00:00,1777910400000,80028.85,80395.68,79619.33,80025.03,1492.78417
2026-05-04 17:00:00+00:00,1777914000000,80025.03,80776.99,80021.5,80390.81,1080.11249
2026-05-04 18:00:00+00:00,1777917600000,80390.8,80439.18,80035.32,80114.91,663.99913
2026-05-04 19:00:00+00:00,1777921200000,80114.91,80138.0,79900.0,80053.31,505.59924
2026-05-04 20:00:00+00:00,1777924800000,80053.31,80154.12,79901.0,79936.7,459.51864
2026-05-04 21:00:00+00:00,1777928400000,79936.7,80383.15,79936.7,80259.17,343.30642
2026-05-04 22:00:00+00:00,1777932000000,80259.18,80397.19,80042.84,80067.23,272.35375
2026-05-04 23:00:00+00:00,1777935600000,80067.22,80067.22,79744.91,79861.01,594.08368
2026-05-05 00:00:00+00:00,1777939200000,79861.01,80183.33,79808.72,80170.66,425.73287
2026-05-05 01:00:00+00:00,1777942800000,80170.66,80385.06,80080.76,80352.0,530.02962
2026-05-05 02:00:00+00:00,1777946400000,80351.99,80900.0,80300.0,80554.68,768.44478
2026-05-05 03:00:00+00:00,1777950000000,80554.69,81083.98,80457.93,80893.08,677.93372
2026-05-05 04:00:00+00:00,1777953600000,80893.08,80982.59,80725.0,80902.44,528.94138
2026-05-05 05:00:00+00:00,1777957200000,80902.44,81323.52,80830.06,80970.0,1011.38606
2026-05-05 06:00:00+00:00,1777960800000,80969.99,81016.42,80800.0,80976.0,389.83367
2026-05-05 07:00:00+00:00,1777964400000,80976.0,81136.59,80826.0,80855.59,1044.4323
2026-05-05 08:00:00+00:00,1777968000000,80855.59,80895.5,80723.2,80815.24,474.4579
2026-05-05 09:00:00+00:00,1777971600000,80815.24,80815.24,80527.76,80586.02,865.34761
2026-05-05 10:00:00+00:00,1777975200000,80586.02,80831.87,80530.82,80823.61,521.10422
2026-05-05 11:00:00+00:00,1777978800000,80823.61,81095.48,80780.0,81014.05,623.66253
2026-05-05 12:00:00+00:00,1777982400000,81014.05,81329.61,80932.54,81279.41,607.82057
2026-05-05 13:00:00+00:00,1777986000000,81279.4,81712.32,81196.0,81330.0,1771.4169
2026-05-05 14:00:00+00:00,1777989600000,81330.0,81500.0,80939.87,81336.59,1282.91373
2026-05-05 15:00:00+00:00,1777993200000,81336.59,81689.2,81235.0,81525.19,899.04049
2026-05-05 16:00:00+00:00,1777996800000,81525.19,81615.33,81050.04,81285.75,707.45267
2026-05-05 17:00:00+00:00,1778000400000,81285.75,81458.26,81185.02,81270.6,280.80669
2026-05-05 18:00:00+00:00,1778004000000,81270.61,81599.0,81270.61,81515.0,427.56223
2026-05-05 19:00:00+00:00,1778007600000,81515.0,81680.0,81407.58,81606.35,364.63717
2026-05-05 20:00:00+00:00,1778011200000,81606.35,81770.0,81510.13,81646.38,724.67261
2026-05-05 21:00:00+00:00,1778014800000,81646.39,81791.48,81305.27,81407.11,618.58873
2026-05-05 22:00:00+00:00,1778018400000,81407.11,81600.0,80817.72,81111.27,921.88572
2026-05-05 23:00:00+00:00,1778022000000,81111.27,81222.03,80790.0,80905.52,479.07578
2026-05-06 00:00:00+00:00,1778025600000,80905.53,81262.28,80731.14,81030.01,876.19915
2026-05-06 01:00:00+00:00,1778029200000,81030.0,81534.23,80996.0,81439.34,803.82574
2026-05-06 02:00:00+00:00,1778032800000,81439.34,81449.04,81047.01,81363.54,621.19491
2026-05-06 03:00:00+00:00,1778036400000,81363.54,81760.84,81358.17,81581.69,710.52364
2026-05-06 04:00:00+00:00,1778040000000,81581.7,81649.99,81270.0,81331.1,575.6413
2026-05-06 05:00:00+00:00,1778043600000,81331.1,81360.3,81060.0,81333.0,592.1865
2026-05-06 06:00:00+00:00,1778047200000,81333.0,81516.9,81211.34,81476.71,524.1354
2026-05-06 07:00:00+00:00,1778050800000,81476.71,81611.0,81307.81,81359.82,608.74333
2026-05-06 08:00:00+00:00,1778054400000,81359.82,81986.0,81328.68,81945.66,1353.41416
2026-05-06 09:00:00+00:00,1778058000000,81945.66,82060.0,81682.7,81997.0,1096.7335
2026-05-06 10:00:00+00:00,1778061600000,81997.0,82390.0,81953.25,82290.04,1302.85091
2026-05-06 11:00:00+00:00,1778065200000,82290.03,82850.0,82261.6,82522.89,1435.93329
2026-05-06 12:00:00+00:00,1778068800000,82522.88,82539.33,82164.61,82220.47,820.9281
2026-05-06 13:00:00+00:00,1778072400000,82220.47,82220.47,81600.0,81670.89,1247.90169
2026-05-06 14:00:00+00:00,1778076000000,81670.9,81980.72,81136.0,81526.73,1615.07708
2026-05-06 15:00:00+00:00,1778079600000,81526.74,81823.0,81316.28,81704.25,824.75333
2026-05-06 16:00:00+00:00,1778083200000,81704.25,81907.51,81431.16,81630.94,983.55485
2026-05-06 17:00:00+00:00,1778086800000,81630.94,81709.32,81394.0,81452.63,417.39237
2026-05-06 18:00:00+00:00,1778090400000,81452.63,81559.17,81271.06,81353.14,451.84587
2026-05-06 19:00:00+00:00,1778094000000,81353.15,81522.41,81200.0,81464.87,517.12437
2026-05-06 20:00:00+00:00,1778097600000,81464.86,81700.0,81302.35,81427.52,436.46876
2026-05-06 21:00:00+00:00,1778101200000,81427.52,81618.77,81294.64,81539.16,310.38464
2026-05-06 22:00:00+00:00,1778104800000,81539.16,81540.91,81240.0,81342.39,229.58883
2026-05-06 23:00:00+00:00,1778108400000,81342.39,81447.3,81000.0,81447.01,442.37224
2026-05-07 00:00:00+00:00,1778112000000,81447.01,81490.03,80980.0,81016.96,407.52958
2026-05-07 01:00:00+00:00,1778115600000,81016.96,81284.67,80830.23,81167.8,565.39571
2026-05-07 02:00:00+00:00,1778119200000,81167.79,81180.74,80883.54,81113.34,749.95215
2026-05-07 03:00:00+00:00,1778122800000,81113.35,81113.35,80834.61,80834.91,345.29566
2026-05-07 04:00:00+00:00,1778126400000,80834.92,80989.59,80725.09,80979.19,387.82747
2026-05-07 05:00:00+00:00,1778130000000,80979.19,81172.27,80974.06,81088.0,355.34634
2026-05-07 06:00:00+00:00,1778133600000,81088.0,81443.21,80874.41,81438.61,613.68575
2026-05-07 07:00:00+00:00,1778137200000,81438.62,81708.32,81390.3,81518.58,681.98013
2026-05-07 08:00:00+00:00,1778140800000,81518.57,81590.0,81194.74,81231.24,647.38206
2026-05-07 09:00:00+00:00,1778144400000,81231.25,81231.25,80852.33,80929.0,659.04219
2026-05-07 10:00:00+00:00,1778148000000,80929.0,80997.0,80572.4,80850.75,690.56353
2026-05-07 11:00:00+00:00,1778151600000,80850.76,81041.15,80786.5,80866.65,367.10915
2026-05-07 12:00:00+00:00,1778155200000,80866.65,81180.0,80846.87,81162.01,429.19223
2026-05-07 13:00:00+00:00,1778158800000,81162.0,81162.01,80260.98,80503.68,1211.56578
2026-05-07 14:00:00+00:00,1778162400000,80503.69,80685.7,80046.0,80171.38,1538.09475
2026-05-07 15:00:00+00:00,1778166000000,80171.37,80271.42,79699.52,79890.63,1647.8103
2026-05-07 16:00:00+00:00,1778169600000,79890.0,80020.0,79646.79,79801.08,1424.92395
2026-05-07 17:00:00+00:00,1778173200000,79801.08,80135.17,79500.0,80094.52,919.74045
2026-05-07 18:00:00+00:00,1778176800000,80094.52,80269.06,80004.4,80200.59,527.27769
2026-05-07 19:00:00+00:00,1778180400000,80200.6,80224.0,79934.3,80146.11,443.20216
2026-05-07 20:00:00+00:00,1778184000000,80146.77,80371.23,79859.51,79879.99,400.51449
2026-05-07 21:00:00+00:00,1778187600000,79880.0,79934.92,79660.0,79735.01,401.75461
2026-05-07 22:00:00+00:00,1778191200000,79735.0,79990.0,79582.95,79919.01,495.14556
2026-05-07 23:00:00+00:00,1778194800000,79919.0,80068.03,79871.98,80006.0,244.47169
2026-05-08 00:00:00+00:00,1778198400000,80006.0,80142.84,79729.72,79831.99,958.06006
2026-05-08 01:00:00+00:00,1778202000000,79831.98,79900.11,79612.63,79740.01,539.33838
2026-05-08 02:00:00+00:00,1778205600000,79740.01,79761.61,79316.99,79488.46,1066.54641
2026-05-08 03:00:00+00:00,1778209200000,79488.47,79666.66,79181.48,79578.85,529.79179
2026-05-08 04:00:00+00:00,1778212800000,79578.84,79748.0,79551.26,79655.23,317.73705
2026-05-08 05:00:00+00:00,1778216400000,79655.22,79778.95,79600.0,79600.01,307.79364
2026-05-08 06:00:00+00:00,1778220000000,79600.01,79654.0,79411.0,79525.76,792.09671
2026-05-08 07:00:00+00:00,1778223600000,79525.77,79727.0,79248.58,79682.4,992.93778
2026-05-08 08:00:00+00:00,1778227200000,79682.4,79987.27,79666.05,79886.01,628.59636
2026-05-08 09:00:00+00:00,1778230800000,79886.0,80061.17,79794.88,79872.72,481.81051
2026-05-08 10:00:00+00:00,1778234400000,79872.72,80278.92,79788.01,80212.56,650.80764
2026-05-08 11:00:00+00:00,1778238000000,80212.55,80340.94,80127.54,80231.22,586.98252
2026-05-08 12:00:00+00:00,1778241600000,80231.22,80500.0,79966.14,80025.82,831.54339
2026-05-08 13:00:00+00:00,1778245200000,80025.81,80095.99,79549.54,79647.8,1091.58342
2026-05-08 14:00:00+00:00,1778248800000,79647.81,80441.79,79647.8,80150.97,1005.3745
2026-05-08 15:00:00+00:00,1778252400000,80150.97,80200.0,79625.0,80142.14,812.90032
2026-05-08 16:00:00+00:00,1778256000000,80142.13,80182.18,79741.3,79802.34,665.763
2026-05-08 17:00:00+00:00,1778259600000,79802.35,80261.87,79738.75,80060.0,1502.98426
2026-05-08 18:00:00+00:00,1778263200000,80060.0,80299.99,80059.99,80078.4,470.37331
2026-05-08 19:00:00+00:00,1778266800000,80078.39,80181.66,79954.54,80179.94,408.77976
2026-05-08 20:00:00+00:00,1778270400000,80180.0,80299.93,80089.76,80133.09,330.63666
2026-05-08 21:00:00+00:00,1778274000000,80133.08,80264.0,80116.32,80263.99,269.62208
2026-05-08 22:00:00+00:00,1778277600000,80264.0,80409.09,80238.42,80262.0,318.15524
2026-05-08 23:00:00+00:00,1778281200000,80262.0,80299.27,80111.02,80193.17,441.0953
2026-05-09 00:00:00+00:00,1778284800000,80193.18,80240.87,80129.85,80238.76,206.53644
2026-05-09 01:00:00+00:00,1778288400000,80238.75,80446.58,80217.46,80327.75,266.81337
2026-05-09 02:00:00+00:00,1778292000000,80327.75,80477.47,80327.75,80417.87,231.63268
2026-05-09 03:00:00+00:00,1778295600000,80417.88,80550.67,80307.76,80383.95,388.12699
2026-05-09 04:00:00+00:00,1778299200000,80383.96,80666.66,80373.55,80379.9,404.43634
2026-05-09 05:00:00+00:00,1778302800000,80379.9,80480.49,80343.0,80379.49,360.73513
2026-05-09 06:00:00+00:00,1778306400000,80379.5,80428.01,80201.6,80263.92,270.37474
2026-05-09 07:00:00+00:00,1778310000000,80263.93,80309.05,80135.0,80228.89,445.94164
2026-05-09 08:00:00+00:00,1778313600000,80228.88,80452.44,80220.0,80407.12,297.06841
2026-05-09 09:00:00+00:00,1778317200000,80407.12,80415.83,80214.0,80242.53,211.41081
2026-05-09 10:00:00+00:00,1778320800000,80242.54,80346.94,80166.26,80264.02,234.54075
2026-05-09 11:00:00+00:00,1778324400000,80264.01,80366.07,80256.95,80345.46,266.71827
2026-05-09 12:00:00+00:00,1778328000000,80345.47,80416.21,80274.03,80397.97,357.45715
2026-05-09 13:00:00+00:00,1778331600000,80397.97,80422.0,80318.7,80391.18,341.73909
2026-05-09 14:00:00+00:00,1778335200000,80391.18,80426.9,80254.71,80332.22,322.24573
2026-05-09 15:00:00+00:00,1778338800000,80332.23,80600.0,80234.0,80527.92,418.47876
2026-05-09 16:00:00+00:00,1778342400000,80527.92,80777.0,80487.4,80625.01,546.55445
2026-05-09 17:00:00+00:00,1778346000000,80625.0,80928.56,80625.0,80812.7,430.13867
2026-05-09 18:00:00+00:00,1778349600000,80812.69,81080.0,80787.39,80907.65,339.35386
2026-05-09 19:00:00+00:00,1778353200000,80907.66,80958.0,80776.99,80938.53,217.80867
2026-05-09 20:00:00+00:00,1778356800000,80938.53,80938.53,80744.98,80805.5,144.14004
2026-05-09 21:00:00+00:00,1778360400000,80805.51,80896.0,80744.98,80780.83,149.85415
2026-05-09 22:00:00+00:00,1778364000000,80780.83,80823.24,80670.01,80782.38,199.54802
2026-05-09 23:00:00+00:00,1778367600000,80782.38,80850.0,80621.88,80678.4,496.76761
2026-05-10 00:00:00+00:00,1778371200000,80678.41,80770.51,80610.64,80680.04,346.27712
2026-05-10 01:00:00+00:00,1778374800000,80680.03,80690.73,80572.77,80685.56,410.62072
2026-05-10 02:00:00+00:00,1778378400000,80685.55,80790.0,80611.0,80777.42,290.59888
2026-05-10 03:00:00+00:00,1778382000000,80777.42,80887.15,80709.59,80775.0,284.77121
2026-05-10 04:00:00+00:00,1778385600000,80774.99,80840.0,80722.78,80759.93,253.45188
2026-05-10 05:00:00+00:00,1778389200000,80759.93,80816.52,80682.0,80700.77,372.73913
2026-05-10 06:00:00+00:00,1778392800000,80700.76,80753.04,80658.97,80733.75,211.5502
2026-05-10 07:00:00+00:00,1778396400000,80733.75,80827.14,80720.1,80736.03,400.67517
2026-05-10 08:00:00+00:00,1778400000000,80736.03,80909.65,80715.33,80830.33,252.36808
2026-05-10 09:00:00+00:00,1778403600000,80830.34,80913.8,80756.53,80807.96,237.31778
2026-05-10 10:00:00+00:00,1778407200000,80807.95,80883.48,80691.0,80873.79,279.49023
2026-05-10 11:00:00+00:00,1778410800000,80873.8,80975.4,80750.0,80821.21,339.53296
2026-05-10 12:00:00+00:00,1778414400000,80821.21,80950.0,80784.2,80927.72,235.68491
2026-05-10 13:00:00+00:00,1778418000000,80927.71,81000.01,80865.44,80971.67,254.25083
2026-05-10 14:00:00+00:00,1778421600000,80971.66,80999.36,80816.22,80990.11,372.4586
2026-05-10 15:00:00+00:00,1778425200000,80990.11,81442.81,80936.0,81418.01,780.28503
2026-05-10 16:00:00+00:00,1778428800000,81418.01,81500.0,81200.0,81378.25,595.22707
2026-05-10 17:00:00+00:00,1778432400000,81378.25,81583.11,81220.0,81476.18,599.74468
2026-05-10 18:00:00+00:00,1778436000000,81476.18,81493.11,81231.14,81271.96,268.90805
2026-05-10 19:00:00+00:00,1778439600000,81271.96,81481.92,81148.0,81437.83,334.34752
2026-05-10 20:00:00+00:00,1778443200000,81437.83,81459.66,80279.77,80734.88,1021.73969
2026-05-10 21:00:00+00:00,1778446800000,80734.88,80944.44,80571.97,80720.47,691.73163
2026-05-10 22:00:00+00:00,1778450400000,80720.47,82171.96,80666.66,82044.49,1804.86462
2026-05-10 23:00:00+00:00,1778454000000,82044.49,82479.32,82044.49,82210.07,1395.68283
2026-05-11 00:00:00+00:00,1778457600000,82210.07,82380.0,81280.0,81471.13,1294.00066
2026-05-11 01:00:00+00:00,1778461200000,81471.13,81744.85,81291.23,81501.72,495.92379
2026-05-11 02:00:00+00:00,1778464800000,81501.73,81572.4,81117.64,81169.08,491.97068
2026-05-11 03:00:00+00:00,1778468400000,81169.09,81188.97,80525.0,80736.01,857.95581
2026-05-11 04:00:00+00:00,1778472000000,80736.0,80879.12,80639.99,80824.61,378.47076
2026-05-11 05:00:00+00:00,1778475600000,80824.61,80981.8,80761.73,80832.33,423.68877
2026-05-11 06:00:00+00:00,1778479200000,80832.34,81049.51,80762.0,80822.86,296.00491
2026-05-11 07:00:00+00:00,1778482800000,80822.86,80840.3,80663.11,80740.4,496.93812
2026-05-11 08:00:00+00:00,1778486400000,80740.4,80863.42,80621.87,80767.97,463.92135
2026-05-11 09:00:00+00:00,1778490000000,80767.97,80997.63,80758.3,80966.57,330.83757
2026-05-11 10:00:00+00:00,1778493600000,80966.58,81200.0,80940.0,80940.0,488.26383
2026-05-11 11:00:00+00:00,1778497200000,80940.0,81196.95,80900.0,81196.94,356.37085
2026-05-11 12:00:00+00:00,1778500800000,81196.95,81356.46,81029.77,81054.65,485.8963
2026-05-11 13:00:00+00:00,1778504400000,81054.65,81332.29,80739.63,81072.0,767.39683
2026-05-11 14:00:00+00:00,1778508000000,81072.01,81252.72,80462.97,80953.38,767.64104
2026-05-11 15:00:00+00:00,1778511600000,80953.39,81458.0,80826.02,81445.9,647.30001
2026-05-11 16:00:00+00:00,1778515200000,81445.89,81910.35,81344.72,81575.85,1113.46844
2026-05-11 17:00:00+00:00,1778518800000,81575.84,82071.77,81369.42,81941.09,565.28919
2026-05-11 18:00:00+00:00,1778522400000,81941.09,82137.26,81836.15,81858.96,536.09834
2026-05-11 19:00:00+00:00,1778526000000,81858.97,82091.11,81739.09,81961.99,458.6097
2026-05-11 20:00:00+00:00,1778529600000,81961.99,82078.91,81758.5,81821.02,322.40099
2026-05-11 21:00:00+00:00,1778533200000,81821.03,81906.35,81600.0,81821.18,268.82965
2026-05-11 22:00:00+00:00,1778536800000,81821.18,81969.99,81729.99,81833.92,366.43361
2026-05-11 23:00:00+00:00,1778540400000,81833.92,81833.92,81596.31,81745.65,278.04936
2026-05-12 00:00:00+00:00,1778544000000,81745.66,81788.0,81478.75,81545.2,419.66559
2026-05-12 01:00:00+00:00,1778547600000,81545.2,81615.67,80714.28,81199.18,866.00547
2026-05-12 02:00:00+00:00,1778551200000,81199.18,81332.29,81087.63,81249.93,386.77691
2026-05-12 03:00:00+00:00,1778554800000,81249.93,81294.42,81024.41,81058.8,187.87319
2026-05-12 04:00:00+00:00,1778558400000,81058.79,81303.99,81000.0,81240.01,398.28206
2026-05-12 05:00:00+00:00,1778562000000,81240.01,81305.24,81181.56,81224.03,329.93857
2026-05-12 06:00:00+00:00,1778565600000,81224.04,81300.0,81010.01,81022.44,448.36294
2026-05-12 07:00:00+00:00,1778569200000,81022.44,81137.27,80800.77,80865.4,603.31882
2026-05-12 08:00:00+00:00,1778572800000,80865.4,80964.13,80760.53,80843.31,478.61372
2026-05-12 09:00:00+00:00,1778576400000,80843.3,80963.35,80720.0,80837.15,506.71585
2026-05-12 10:00:00+00:00,1778580000000,80837.15,80848.27,80601.27,80666.37,487.71377
2026-05-12 11:00:00+00:00,1778583600000,80666.38,80785.38,80496.57,80784.87,500.02112
2026-05-12 12:00:00+00:00,1778587200000,80784.86,80999.0,80619.19,80881.26,585.87948
2026-05-12 13:00:00+00:00,1778590800000,80881.25,80928.26,80397.07,80466.91,795.94705
2026-05-12 14:00:00+00:00,1778594400000,80466.91,80888.01,80397.88,80540.0,865.59094
2026-05-12 15:00:00+00:00,1778598000000,80540.0,80676.78,80188.65,80336.01,958.32005
2026-05-12 16:00:00+00:00,1778601600000,80336.01,80435.99,79843.59,80000.01,1473.4545
2026-05-12 17:00:00+00:00,1778605200000,80000.01,80593.06,79951.05,80527.69,486.64257
2026-05-12 18:00:00+00:00,1778608800000,80527.69,80763.81,80430.0,80679.12,367.3581
2026-05-12 19:00:00+00:00,1778612400000,80679.11,80874.42,80679.11,80834.64,346.22158
2026-05-12 20:00:00+00:00,1778616000000,80835.3,80896.25,80642.85,80696.87,292.49967
2026-05-12 21:00:00+00:00,1778619600000,80696.87,80738.0,80497.0,80587.44,202.53849
2026-05-12 22:00:00+00:00,1778623200000,80587.45,80791.94,80587.45,80656.43,151.10909
2026-05-12 23:00:00+00:00,1778626800000,80656.44,80714.0,80439.91,80504.47,247.40723
2026-05-13 00:00:00+00:00,1778630400000,80504.47,80768.95,80412.15,80718.0,230.81443
2026-05-13 01:00:00+00:00,1778634000000,80718.0,81195.69,80683.12,81006.0,633.76198
2026-05-13 02:00:00+00:00,1778637600000,81005.99,81281.66,80934.69,81050.0,333.93602
2026-05-13 03:00:00+00:00,1778641200000,81050.0,81299.99,80976.27,81249.99,377.40594
2026-05-13 04:00:00+00:00,1778644800000,81249.99,81281.07,81124.87,81231.96,253.70329
2026-05-13 05:00:00+00:00,1778648400000,81231.96,81247.22,80999.99,81019.99,266.87053
2026-05-13 06:00:00+00:00,1778652000000,81020.0,81160.36,80972.94,80980.05,499.1653
2026-05-13 07:00:00+00:00,1778655600000,80980.06,81049.01,80889.12,81026.92,476.02435
2026-05-13 08:00:00+00:00,1778659200000,81026.92,81200.0,80943.63,81196.57,372.92514
2026-05-13 09:00:00+00:00,1778662800000,81196.57,81324.64,81137.77,81291.38,435.50222
2026-05-13 10:00:00+00:00,1778666400000,81291.37,81298.5,80809.01,80809.01,364.76288
2026-05-13 11:00:00+00:00,1778670000000,80809.01,80843.87,80494.98,80501.22,668.09274
2026-05-13 12:00:00+00:00,1778673600000,80501.22,80592.65,79852.0,80202.78,1194.36751
2026-05-13 13:00:00+00:00,1778677200000,80202.78,80345.45,79576.47,79656.01,1205.27854
2026-05-13 14:00:00+00:00,1778680800000,79656.01,79898.0,79481.56,79756.01,942.38578
2026-05-13 15:00:00+00:00,1778684400000,79756.02,79856.08,78807.22,78827.21,1731.43058
2026-05-13 16:00:00+00:00,1778688000000,78827.21,79222.22,78754.65,79108.39,1522.11383
2026-05-13 17:00:00+00:00,1778691600000,79108.39,79556.36,79100.0,79514.97,611.40519
2026-05-13 18:00:00+00:00,1778695200000,79514.97,79800.0,79514.97,79598.15,747.58594
2026-05-13 19:00:00+00:00,1778698800000,79598.15,79646.29,79400.0,79642.41,463.49581
2026-05-13 20:00:00+00:00,1778702400000,79642.41,79760.0,79622.7,79698.95,225.22286
2026-05-13 21:00:00+00:00,1778706000000,79698.95,79705.73,79340.39,79398.54,418.00056
2026-05-13 22:00:00+00:00,1778709600000,79398.54,79470.0,79228.0,79428.46,338.28664
2026-05-13 23:00:00+00:00,1778713200000,79428.46,79499.01,79233.83,79313.61,497.51837
2026-05-14 00:00:00+00:00,1778716800000,79313.61,79681.73,79308.0,79580.0,443.66772
2026-05-14 01:00:00+00:00,1778720400000,79580.0,79681.73,79409.42,79604.6,369.48629
2026-05-14 02:00:00+00:00,1778724000000,79604.61,79676.11,79222.22,79370.24,684.03959
2026-05-14 03:00:00+00:00,1778727600000,79370.24,79460.0,78922.0,79044.85,712.36112
2026-05-14 04:00:00+00:00,1778731200000,79044.86,79474.41,78982.06,79451.63,437.35487
2026-05-14 05:00:00+00:00,1778734800000,79451.62,79998.0,79359.49,79809.16,850.16622
2026-05-14 06:00:00+00:00,1778738400000,79809.15,79953.35,79769.12,79804.71,301.13354
2026-05-14 07:00:00+00:00,1778742000000,79804.72,79937.59,79702.05,79745.98,480.32483
2026-05-14 08:00:00+00:00,1778745600000,79745.99,79936.98,79644.44,79821.56,652.77033
2026-05-14 09:00:00+00:00,1778749200000,79821.55,79905.99,79569.81,79635.52,445.75367
2026-05-14 10:00:00+00:00,1778752800000,79635.53,79756.98,79409.42,79570.01,384.95969
2026-05-14 11:00:00+00:00,1778756400000,79570.01,79600.0,79234.0,79258.27,362.97846
2026-05-14 12:00:00+00:00,1778760000000,79258.27,79775.02,79230.31,79767.11,526.41242
2026-05-14 13:00:00+00:00,1778763600000,79767.1,80059.71,79670.88,79701.73,1000.54213
2026-05-14 14:00:00+00:00,1778767200000,79701.73,81020.0,79561.52,80964.85,1882.78042
2026-05-14 15:00:00+00:00,1778770800000,80964.84,81332.23,80816.08,81301.23,2292.36231
2026-05-14 16:00:00+00:00,1778774400000,81301.22,81904.44,81080.25,81888.4,2732.81932
2026-05-14 17:00:00+00:00,1778778000000,81888.4,82048.13,81271.0,81668.48,1967.47911
2026-05-14 18:00:00+00:00,1778781600000,81668.49,81949.15,81440.38,81581.99,1012.7972
2026-05-14 19:00:00+00:00,1778785200000,81582.0,81718.73,81330.12,81419.74,566.84044
2026-05-14 20:00:00+00:00,1778788800000,81419.75,81590.19,81166.22,81412.04,471.62836
2026-05-14 21:00:00+00:00,1778792400000,81412.05,81526.08,81268.38,81396.61,292.07185
2026-05-14 22:00:00+00:00,1778796000000,81396.61,81559.71,81335.48,81456.0,322.84736
2026-05-14 23:00:00+00:00,1778799600000,81456.0,81456.0,81059.93,81089.99,534.29082
2026-05-15 00:00:00+00:00,1778803200000,81090.0,81664.45,81068.52,81518.67,578.5498
2026-05-15 01:00:00+00:00,1778806800000,81518.66,81612.73,81106.2,81131.01,538.82284
2026-05-15 02:00:00+00:00,1778810400000,81131.0,81350.0,80750.0,81299.14,829.4016
2026-05-15 03:00:00+00:00,1778814000000,81299.14,81340.81,80930.82,81059.15,506.95135
2026-05-15 04:00:00+00:00,1778817600000,81059.15,81100.0,80709.09,80724.71,367.57246
2026-05-15 05:00:00+00:00,1778821200000,80724.71,80882.45,80314.0,80360.01,1029.21412
2026-05-15 06:00:00+00:00,1778824800000,80360.01,80644.5,80314.01,80580.0,815.53271
2026-05-15 07:00:00+00:00,1778828400000,80580.0,81003.37,80559.88,80814.88,878.78211
2026-05-15 08:00:00+00:00,1778832000000,80814.88,80822.95,80415.84,80638.0,538.63644
2026-05-15 09:00:00+00:00,1778835600000,80638.0,80670.51,80369.0,80489.8,471.66166
2026-05-15 10:00:00+00:00,1778839200000,80489.81,80776.33,80407.6,80716.23,444.96934
2026-05-15 11:00:00+00:00,1778842800000,80716.22,80750.56,80590.08,80628.53,250.99223
2026-05-15 12:00:00+00:00,1778846400000,80628.52,80635.44,80340.83,80385.11,535.00082
2026-05-15 13:00:00+00:00,1778850000000,80385.1,80385.11,78698.69,78758.59,3101.88518
2026-05-15 14:00:00+00:00,1778853600000,78758.59,79353.32,78659.0,79150.37,1965.21031
2026-05-15 15:00:00+00:00,1778857200000,79150.36,79369.36,79013.81,79150.27,606.4731
2026-05-15 16:00:00+00:00,1778860800000,79150.26,79382.3,79131.01,79294.31,514.78679
2026-05-15 17:00:00+00:00,1778864400000,79294.31,79504.83,79224.0,79460.0,478.80422
2026-05-15 18:00:00+00:00,1778868000000,79460.0,79561.94,79170.47,79284.0,544.01093
2026-05-15 19:00:00+00:00,1778871600000,79284.01,79290.0,79051.0,79146.5,421.75884
2026-05-15 20:00:00+00:00,1778875200000,79146.5,79217.07,79000.0,79123.12,224.44355
2026-05-15 21:00:00+00:00,1778878800000,79123.13,79200.0,78911.42,78973.5,682.32127
2026-05-15 22:00:00+00:00,1778882400000,78973.5,79145.44,78973.49,79107.38,347.86808
2026-05-15 23:00:00+00:00,1778886000000,79107.38,79161.86,79077.96,79113.21,677.62104
2026-05-16 00:00:00+00:00,1778889600000,79113.2,79227.77,79075.09,79111.92,314.0124
2026-05-16 01:00:00+00:00,1778893200000,79111.92,79186.05,79010.0,79168.0,357.20294
2026-05-16 02:00:00+00:00,1778896800000,79168.0,79211.77,79080.1,79155.54,208.30505
2026-05-16 03:00:00+00:00,1778900400000,79155.55,79187.71,79059.77,79083.18,368.66241
2026-05-16 04:00:00+00:00,1778904000000,79083.19,79129.71,78860.0,79035.26,321.76822
2026-05-16 05:00:00+00:00,1778907600000,79035.25,79039.49,78933.63,79027.37,183.05543
2026-05-16 06:00:00+00:00,1778911200000,79027.36,79047.94,78459.87,78648.0,632.26156
2026-05-16 07:00:00+00:00,1778914800000,78648.0,78651.63,78066.0,78369.77,1267.74437
2026-05-16 08:00:00+00:00,1778918400000,78369.78,78530.52,78334.21,78426.56,379.04319
2026-05-16 09:00:00+00:00,1778922000000,78426.55,78440.81,77906.1,78083.48,1104.4311
2026-05-16 10:00:00+00:00,1778925600000,78083.47,78101.43,77640.0,77960.0,1759.70594
2026-05-16 11:00:00+00:00,1778929200000,77959.99,78193.88,77959.99,78081.71,602.9198
2026-05-16 12:00:00+00:00,1778932800000,78080.46,78133.38,77918.62,78007.23,791.53177
2026-05-16 13:00:00+00:00,1778936400000,78007.24,78014.6,77833.4,78014.6,830.86287
2026-05-16 14:00:00+00:00,1778940000000,78014.6,78346.0,77895.2,78130.55,729.04785
2026-05-16 15:00:00+00:00,1778943600000,78130.55,78285.0,78078.22,78238.67,332.91477
2026-05-16 16:00:00+00:00,1778947200000,78238.68,78364.65,78119.72,78205.96,328.10255
2026-05-16 17:00:00+00:00,1778950800000,78205.96,78320.41,78199.0,78201.5,350.20669
2026-05-16 18:00:00+00:00,1778954400000,78201.5,78327.75,78142.99,78229.81,310.63405
2026-05-16 19:00:00+00:00,1778958000000,78229.82,78314.69,78204.22,78259.66,271.10252
2026-05-16 20:00:00+00:00,1778961600000,78259.67,78318.94,78201.42,78261.0,194.3429
2026-05-16 21:00:00+00:00,1778965200000,78261.0,78308.33,78206.85,78265.73,237.27188
2026-05-16 22:00:00+00:00,1778968800000,78265.73,78279.28,78171.02,78186.25,128.79242
2026-05-16 23:00:00+00:00,1778972400000,78186.25,78267.46,78125.32,78148.05,128.93924
2026-05-17 00:00:00+00:00,1778976000000,78148.05,78243.19,77812.0,77945.85,311.59646
2026-05-17 01:00:00+00:00,1778979600000,77945.85,78114.0,77721.19,77725.71,516.53667
2026-05-17 02:00:00+00:00,1778983200000,77725.72,77938.0,77725.71,77895.51,256.64293
2026-05-17 03:00:00+00:00,1778986800000,77895.5,78079.3,77888.0,78028.88,200.15322
2026-05-17 04:00:00+00:00,1778990400000,78028.88,78203.93,78003.35,78158.09,375.99093
2026-05-17 05:00:00+00:00,1778994000000,78158.08,78323.96,78102.42,78121.41,258.98839
2026-05-17 06:00:00+00:00,1778997600000,78121.41,78204.01,78017.0,78104.8,136.86954
2026-05-17 07:00:00+00:00,1779001200000,78104.79,78208.69,78053.79,78180.01,180.24659
2026-05-17 08:00:00+00:00,1779004800000,78180.0,78200.91,78033.01,78089.8,117.37418
2026-05-17 09:00:00+00:00,1779008400000,78089.8,78293.97,78073.52,78249.33,196.43485
2026-05-17 10:00:00+00:00,1779012000000,78249.33,78599.99,78249.03,78465.99,564.92985
2026-05-17 11:00:00+00:00,1779015600000,78465.99,78473.82,78289.0,78415.99,257.4445
2026-05-17 12:00:00+00:00,1779019200000,78415.99,78550.0,78333.8,78364.83,254.43689
2026-05-17 13:00:00+00:00,1779022800000,78364.83,78364.83,78173.15,78202.91,260.27625
2026-05-17 14:00:00+00:00,1779026400000,78202.91,78217.33,77850.0,78051.51,397.56893
2026-05-17 15:00:00+00:00,1779030000000,78051.51,78119.42,77920.76,78051.41,203.63392
2026-05-17 16:00:00+00:00,1779033600000,78051.42,78193.66,78025.23,78034.36,142.87987
2026-05-17 17:00:00+00:00,1779037200000,78034.37,78092.44,77856.69,78089.98,296.4389
2026-05-17 18:00:00+00:00,1779040800000,78089.99,78271.59,78014.33,78268.05,172.43416
2026-05-17 19:00:00+00:00,1779044400000,78268.04,78468.46,78209.96,78415.3,225.32283
2026-05-17 20:00:00+00:00,1779048000000,78415.29,78435.32,78248.8,78277.36,205.39109
2026-05-17 21:00:00+00:00,1779051600000,78277.36,78485.36,78243.5,78405.72,293.90051
2026-05-17 22:00:00+00:00,1779055200000,78405.72,78414.16,77830.0,77997.24,585.78673
2026-05-17 23:00:00+00:00,1779058800000,77997.24,78008.18,76735.16,77457.67,2031.42401
2026-05-18 00:00:00+00:00,1779062400000,77457.67,77477.99,76916.6,77209.95,1062.83033
2026-05-18 01:00:00+00:00,1779066000000,77209.95,77291.54,76744.95,77109.22,771.47833
2026-05-18 02:00:00+00:00,1779069600000,77109.21,77222.03,76707.61,76835.41,544.67309
2026-05-18 03:00:00+00:00,1779073200000,76835.41,77030.42,76817.14,76924.65,509.0298
2026-05-18 04:00:00+00:00,1779076800000,76924.66,77069.77,76772.01,77038.49,354.48166
2026-05-18 05:00:00+00:00,1779080400000,77038.49,77080.93,76884.33,76931.4,586.83852
2026-05-18 06:00:00+00:00,1779084000000,76931.4,76967.8,76583.33,76912.52,621.71728
2026-05-18 07:00:00+00:00,1779087600000,76912.53,77089.29,76771.53,77073.69,1139.6298
2026-05-18 08:00:00+00:00,1779091200000,77073.69,77181.88,76890.34,77040.42,562.21651
2026-05-18 09:00:00+00:00,1779094800000,77040.43,77048.14,76877.17,76933.16,365.74952
2026-05-18 10:00:00+00:00,1779098400000,76933.17,76957.35,76716.99,76764.74,432.20236
2026-05-18 11:00:00+00:00,1779102000000,76764.75,77403.48,76668.58,77285.83,692.38548
2026-05-18 12:00:00+00:00,1779105600000,77285.83,77800.0,77275.96,77639.98,980.76582
2026-05-18 13:00:00+00:00,1779109200000,77639.99,77639.99,76695.31,76937.7,1116.5633
2026-05-18 14:00:00+00:00,1779112800000,76937.7,76954.25,76230.02,76393.65,2158.59337
2026-05-18 15:00:00+00:00,1779116400000,76393.66,76485.29,76051.0,76409.46,1960.17489
2026-05-18 16:00:00+00:00,1779120000000,76409.46,76665.68,76218.0,76410.01,1252.9383
2026-05-18 17:00:00+00:00,1779123600000,76410.0,76757.21,76366.13,76706.39,450.87486
2026-05-18 18:00:00+00:00,1779127200000,76706.38,76706.38,76144.24,76252.5,779.57136
2026-05-18 19:00:00+00:00,1779130800000,76252.01,76995.0,76235.0,76928.0,812.47229
2026-05-18 20:00:00+00:00,1779134400000,76928.0,77182.14,76874.73,76909.92,463.85785
2026-05-18 21:00:00+00:00,1779138000000,76909.92,77174.23,76800.0,77103.05,491.7356
2026-05-18 22:00:00+00:00,1779141600000,77103.04,77222.79,76937.19,77078.22,359.68174
2026-05-18 23:00:00+00:00,1779145200000,77078.22,77160.79,76948.8,77001.87,275.05472
2026-05-19 00:00:00+00:00,1779148800000,77001.88,77414.62,76955.99,77140.87,556.43712
2026-05-19 01:00:00+00:00,1779152400000,77140.86,77156.2,76667.0,76667.01,769.46148
2026-05-19 02:00:00+00:00,1779156000000,76667.01,76997.33,76487.83,76617.47,469.02583
2026-05-19 03:00:00+00:00,1779159600000,76617.46,76867.23,76586.11,76787.11,211.83571
2026-05-19 04:00:00+00:00,1779163200000,76787.1,76943.75,76700.0,76927.25,239.72033
2026-05-19 05:00:00+00:00,1779166800000,76927.25,77000.0,76644.98,76911.24,392.43215
2026-05-19 06:00:00+00:00,1779170400000,76911.25,77108.68,76886.13,77029.4,386.11356
2026-05-19 07:00:00+00:00,1779174000000,77029.41,77278.57,76974.72,77233.69,490.1935
2026-05-19 08:00:00+00:00,1779177600000,77233.68,77317.02,76972.96,77048.71,465.92336
2026-05-19 09:00:00+00:00,1779181200000,77048.72,77074.05,76709.29,76818.8,385.08727
2026-05-19 10:00:00+00:00,1779184800000,76818.8,77103.97,76704.0,77041.87,464.38738
2026-05-19 11:00:00+00:00,1779188400000,77041.87,77076.53,76633.83,76714.62,430.29111
2026-05-19 12:00:00+00:00,1779192000000,76714.61,76982.89,76650.06,76940.21,257.11004
2026-05-19 13:00:00+00:00,1779195600000,76940.2,77048.72,76596.0,76872.75,906.63403
2026-05-19 14:00:00+00:00,1779199200000,76872.74,77023.75,76144.71,76392.43,1426.24149
2026-05-19 15:00:00+00:00,1779202800000,76392.43,76675.76,76337.97,76521.23,773.78391
2026-05-19 16:00:00+00:00,1779206400000,76521.24,76911.0,76407.72,76894.59,568.91388
2026-05-19 17:00:00+00:00,1779210000000,76894.59,77015.41,76759.39,76856.76,442.15826
2026-05-19 18:00:00+00:00,1779213600000,76856.76,76947.2,76744.8,76803.28,282.19478
2026-05-19 19:00:00+00:00,1779217200000,76803.28,77065.8,76765.14,76818.74,341.73224
2026-05-19 20:00:00+00:00,1779220800000,76818.73,77040.24,76818.73,77022.23,147.68289
2026-05-19 21:00:00+00:00,1779224400000,77022.22,77040.83,76973.76,76982.34,185.29058
2026-05-19 22:00:00+00:00,1779228000000,76982.34,76982.34,76642.95,76712.21,233.07768
2026-05-19 23:00:00+00:00,1779231600000,76712.22,76980.07,76670.52,76834.36,199.1312
2026-05-20 00:00:00+00:00,1779235200000,76834.36,76896.5,76516.74,76788.83,236.25061
2026-05-20 01:00:00+00:00,1779238800000,76788.83,76922.46,76536.59,76820.98,358.53384
2026-05-20 02:00:00+00:00,1779242400000,76820.98,76909.62,76600.0,76690.42,293.25018
2026-05-20 03:00:00+00:00,1779246000000,76690.42,76829.61,76604.99,76723.54,673.76637
2026-05-20 04:00:00+00:00,1779249600000,76723.55,76836.82,76692.0,76780.37,365.31048
2026-05-20 05:00:00+00:00,1779253200000,76780.37,77320.0,76780.37,77196.99,973.23466
2026-05-20 06:00:00+00:00,1779256800000,77196.99,77422.0,77179.93,77414.11,528.12463
2026-05-20 07:00:00+00:00,1779260400000,77414.1,77472.21,77241.13,77282.64,351.42212
2026-05-20 08:00:00+00:00,1779264000000,77282.65,77635.52,77210.33,77458.04,548.89961
2026-05-20 09:00:00+00:00,1779267600000,77458.05,77543.59,77365.94,77485.13,360.90275
2026-05-20 10:00:00+00:00,1779271200000,77485.14,77663.0,77485.14,77517.45,409.79863
2026-05-20 11:00:00+00:00,1779274800000,77517.46,77569.1,77328.2,77382.49,362.81092
2026-05-20 12:00:00+00:00,1779278400000,77382.5,77748.05,77365.52,77617.26,377.41047
2026-05-20 13:00:00+00:00,1779282000000,77617.26,77650.62,76968.05,77204.61,682.21238
2026-05-20 14:00:00+00:00,1779285600000,77204.61,77574.29,76891.61,77446.08,1202.39421
2026-05-20 15:00:00+00:00,1779289200000,77446.01,77853.04,77300.0,77455.46,777.75101
2026-05-20 16:00:00+00:00,1779292800000,77455.45,77557.0,77018.38,77338.6,407.4641
2026-05-20 17:00:00+00:00,1779296400000,77338.6,77713.66,77230.86,77568.95,501.34929
2026-05-20 18:00:00+00:00,1779300000000,77568.95,77634.52,77398.63,77415.09,414.50917
2026-05-20 19:00:00+00:00,1779303600000,77415.09,77709.68,77350.71,77667.49,388.96569
2026-05-20 20:00:00+00:00,1779307200000,77667.49,77760.0,77476.19,77720.01,357.7103
2026-05-20 21:00:00+00:00,1779310800000,77720.01,77766.6,77500.0,77500.01,158.00627
2026-05-20 22:00:00+00:00,1779314400000,77500.01,77504.69,77226.61,77504.69,367.95652
2026-05-20 23:00:00+00:00,1779318000000,77504.69,77559.34,77386.93,77552.23,198.22886
2026-05-21 00:00:00+00:00,1779321600000,77552.24,78071.42,77525.0,77967.09,547.83434
2026-05-21 01:00:00+00:00,1779325200000,77967.09,78173.15,77800.0,77863.85,453.71737
2026-05-21 02:00:00+00:00,1779328800000,77863.85,78100.0,77820.1,77955.78,820.7986
2026-05-21 03:00:00+00:00,1779332400000,77955.78,78098.85,77908.0,78078.72,441.60659
2026-05-21 04:00:00+00:00,1779336000000,78078.72,78180.01,77965.36,78035.8,365.79347
2026-05-21 05:00:00+00:00,1779339600000,78035.8,78147.07,77714.94,77828.0,390.37362
2026-05-21 06:00:00+00:00,1779343200000,77828.0,77873.15,77533.45,77622.14,317.41875
2026-05-21 07:00:00+00:00,1779346800000,77622.14,77901.06,77521.0,77889.01,380.5065
2026-05-21 08:00:00+00:00,1779350400000,77889.01,78200.0,77885.53,77924.63,493.4737
2026-05-21 09:00:00+00:00,1779354000000,77924.63,77977.53,77633.02,77633.02,277.92731
2026-05-21 10:00:00+00:00,1779357600000,77633.03,77678.01,77190.09,77198.08,783.43483
2026-05-21 11:00:00+00:00,1779361200000,77198.09,77372.0,77147.15,77189.1,380.03818
2026-05-21 12:00:00+00:00,1779364800000,77189.1,77363.32,77080.72,77278.53,382.67307
2026-05-21 13:00:00+00:00,1779368400000,77278.52,77358.05,76719.47,77122.68,862.17497
2026-05-21 14:00:00+00:00,1779372000000,77122.67,77240.82,76788.8,76984.61,697.95187
2026-05-21 15:00:00+00:00,1779375600000,76984.61,77402.12,76900.0,77259.46,411.10449
2026-05-21 16:00:00+00:00,1779379200000,77259.45,77344.01,77008.75,77207.93,404.33559
2026-05-21 17:00:00+00:00,1779382800000,77207.92,78098.16,77181.83,77869.38,1291.96294
2026-05-21 18:00:00+00:00,1779386400000,77869.38,77922.01,77230.0,77387.74,559.91554
2026-05-21 19:00:00+00:00,1779390000000,77387.74,77802.51,77365.97,77690.56,437.10444
2026-05-21 20:00:00+00:00,1779393600000,77690.56,77804.75,77647.75,77705.81,144.76199
2026-05-21 21:00:00+00:00,1779397200000,77705.8,77813.35,77645.4,77672.29,182.97007
2026-05-21 22:00:00+00:00,1779400800000,77672.3,77750.61,77555.33,77628.0,130.38276
2026-05-21 23:00:00+00:00,1779404400000,77628.01,77745.39,77534.43,77615.52,159.99742
2026-05-22 00:00:00+00:00,1779408000000,77615.52,77628.38,77369.49,77373.57,228.62269
2026-05-22 01:00:00+00:00,1779411600000,77373.57,77673.5,77327.28,77616.0,252.86608
2026-05-22 02:00:00+00:00,1779415200000,77616.0,77728.01,77593.16,77673.36,244.81122
2026-05-22 03:00:00+00:00,1779418800000,77673.37,77817.8,77673.36,77779.98,158.00162
2026-05-22 04:00:00+00:00,1779422400000,77779.98,77900.0,77637.99,77655.42,475.76681
2026-05-22 05:00:00+00:00,1779426000000,77655.43,77726.0,77454.56,77489.0,344.3172
2026-05-22 06:00:00+00:00,1779429600000,77489.0,77525.85,77370.4,77423.41,542.83384
2026-05-22 07:00:00+00:00,1779433200000,77423.41,77543.38,77288.77,77408.06,393.92568
2026-05-22 08:00:00+00:00,1779436800000,77408.07,77535.0,77216.0,77267.38,509.65577
2026-05-22 09:00:00+00:00,1779440400000,77267.39,77360.0,77200.0,77307.11,276.32946
2026-05-22 10:00:00+00:00,1779444000000,77307.12,77363.01,77261.73,77312.0,275.0182
2026-05-22 11:00:00+00:00,1779447600000,77311.99,77430.55,77184.45,77428.84,375.5311
2026-05-22 12:00:00+00:00,1779451200000,77428.83,77584.94,77395.45,77533.9,317.41573
2026-05-22 13:00:00+00:00,1779454800000,77533.91,77547.56,77130.99,77290.01,419.18989
2026-05-22 14:00:00+00:00,1779458400000,77290.0,77290.0,76751.0,76774.23,1004.6619
2026-05-22 15:00:00+00:00,1779462000000,76774.23,77030.64,76570.0,76790.59,872.56913
2026-05-22 16:00:00+00:00,1779465600000,76790.6,77006.69,76767.0,76950.68,481.05047
2026-05-22 17:00:00+00:00,1779469200000,76950.67,77093.72,76750.0,76750.0,322.37426
2026-05-22 18:00:00+00:00,1779472800000,76750.01,76898.0,76101.0,76537.47,809.74159
2026-05-22 19:00:00+00:00,1779476400000,76537.47,76590.68,75668.76,75860.44,1201.88912
2026-05-22 20:00:00+00:00,1779480000000,75860.44,76080.95,75826.0,75984.47,415.32736
2026-05-22 21:00:00+00:00,1779483600000,75984.47,76087.85,75926.2,75978.83,349.85112
2026-05-22 22:00:00+00:00,1779487200000,75978.83,75978.84,75558.28,75737.52,473.52886
2026-05-22 23:00:00+00:00,1779490800000,75737.53,75881.18,75359.18,75539.5,527.08224
2026-05-23 00:00:00+00:00,1779494400000,75539.5,75635.59,75220.0,75352.64,828.38332
2026-05-23 01:00:00+00:00,1779498000000,75352.64,75500.0,75350.0,75489.84,466.00374
2026-05-23 02:00:00+00:00,1779501600000,75489.83,75581.27,75417.56,75572.07,334.42834
2026-05-23 03:00:00+00:00,1779505200000,75572.07,75664.62,75563.33,75635.22,267.29386
2026-05-23 04:00:00+00:00,1779508800000,75635.22,75650.63,75507.01,75539.77,198.6031
2026-05-23 05:00:00+00:00,1779512400000,75539.77,75562.4,75469.89,75482.68,267.20559
2026-05-23 06:00:00+00:00,1779516000000,75482.68,75501.09,75394.54,75398.33,189.47214
2026-05-23 07:00:00+00:00,1779519600000,75398.33,75443.44,74289.6,74609.36,2035.70931
2026-05-23 08:00:00+00:00,1779523200000,74609.37,74746.67,74303.56,74684.3,963.9472
2026-05-23 09:00:00+00:00,1779526800000,74684.29,74752.45,74624.5,74656.91,431.5071
2026-05-23 10:00:00+00:00,1779530400000,74656.91,74797.01,74656.91,74705.0,625.72233
2026-05-23 11:00:00+00:00,1779534000000,74705.0,74873.55,74704.99,74789.99,487.9196
2026-05-23 12:00:00+00:00,1779537600000,74789.99,74798.41,74660.05,74753.93,570.81814
2026-05-23 13:00:00+00:00,1779541200000,74753.94,75262.86,74753.93,75213.9,815.89889
2026-05-23 14:00:00+00:00,1779544800000,75213.9,75726.3,75108.15,75537.72,922.06012
2026-05-23 15:00:00+00:00,1779548400000,75537.73,75676.0,75405.4,75520.0,634.72295
2026-05-23 16:00:00+00:00,1779552000000,75519.99,75638.62,75415.17,75444.7,411.95204
2026-05-23 17:00:00+00:00,1779555600000,75444.71,75522.0,75371.72,75488.18,566.20129
2026-05-23 18:00:00+00:00,1779559200000,75488.17,75986.24,75472.04,75845.82,429.21806
2026-05-23 19:00:00+00:00,1779562800000,75845.82,76012.22,75780.9,75983.45,364.9012
2026-05-23 20:00:00+00:00,1779566400000,75983.45,77300.0,75953.94,77287.58,1242.58285
2026-05-23 21:00:00+00:00,1779570000000,77286.08,77404.18,76538.04,76804.99,1147.59506
2026-05-23 22:00:00+00:00,1779573600000,76805.0,76885.0,76396.06,76584.45,464.30329
2026-05-23 23:00:00+00:00,1779577200000,76584.45,76822.0,76538.36,76752.01,420.43862
2026-05-24 00:00:00+00:00,1779580800000,76752.0,76930.65,76629.02,76835.16,392.54327
2026-05-24 01:00:00+00:00,1779584400000,76835.16,76921.45,76754.53,76890.04,225.24128
2026-05-24 02:00:00+00:00,1779588000000,76890.04,76968.04,76704.32,76830.0,185.87406
2026-05-24 03:00:00+00:00,1779591600000,76830.01,77011.62,76738.5,76750.0,248.04543
2026-05-24 04:00:00+00:00,1779595200000,76750.01,76858.26,76730.0,76786.5,163.64327
2026-05-24 05:00:00+00:00,1779598800000,76786.5,76861.78,76651.59,76822.23,202.16815
2026-05-24 06:00:00+00:00,1779602400000,76822.23,77065.94,76716.02,76987.58,257.8917
2026-05-24 07:00:00+00:00,1779606000000,76987.58,77014.24,76786.2,76799.99,193.96514
2026-05-24 08:00:00+00:00,1779609600000,76799.99,76861.77,76734.42,76830.69,226.94949
2026-05-24 09:00:00+00:00,1779613200000,76830.69,77046.67,76821.86,77020.53,369.92973
2026-05-24 10:00:00+00:00,1779616800000,77020.54,77543.15,76927.04,77190.74,863.69953
2026-05-24 11:00:00+00:00,1779620400000,77190.73,77356.62,77190.73,77320.06,285.66801
2026-05-24 12:00:00+00:00,1779624000000,77320.06,77325.72,77044.73,77118.73,271.94108
2026-05-24 13:00:00+00:00,1779627600000,77118.72,77127.54,76688.89,76802.23,474.39799
2026-05-24 14:00:00+00:00,1779631200000,76802.23,76840.01,76195.36,76465.16,837.87651
2026-05-24 15:00:00+00:00,1779634800000,76465.15,76539.38,76362.78,76371.59,398.04105
2026-05-24 16:00:00+00:00,1779638400000,76371.59,76734.3,76371.59,76671.7,359.46109
2026-05-24 17:00:00+00:00,1779642000000,76671.69,76799.99,76566.15,76693.34,249.31214
2026-05-24 18:00:00+00:00,1779645600000,76693.34,76788.01,76596.0,76665.73,148.14196
2026-05-24 19:00:00+00:00,1779649200000,76665.72,76783.51,76611.17,76773.34,125.12918
2026-05-24 20:00:00+00:00,1779652800000,76773.33,76796.18,76596.37,76668.4,560.38206
2026-05-24 21:00:00+00:00,1779656400000,76668.41,76748.12,76108.0,76151.14,497.80071
2026-05-24 22:00:00+00:00,1779660000000,76151.14,77012.01,76132.0,76803.99,543.11534
2026-05-24 23:00:00+00:00,1779663600000,76803.99,77225.97,76803.99,77064.96,316.78339
2026-05-25 00:00:00+00:00,1779667200000,77064.96,77288.0,77064.95,77153.01,281.30951
2026-05-25 01:00:00+00:00,1779670800000,77153.01,77245.67,76914.25,76945.27,574.42489
2026-05-25 02:00:00+00:00,1779674400000,76945.28,77485.0,76945.28,77108.77,313.96478
2026-05-25 03:00:00+00:00,1779678000000,77108.77,77169.88,77002.3,77026.67,198.70522
2026-05-25 04:00:00+00:00,1779681600000,77026.68,77450.0,76990.78,77391.07,251.77406
2026-05-25 05:00:00+00:00,1779685200000,77391.07,77498.0,77324.0,77407.0,306.77798
2026-05-25 06:00:00+00:00,1779688800000,77406.99,77650.0,77222.22,77419.87,413.85927
2026-05-25 07:00:00+00:00,1779692400000,77419.87,77520.0,77184.62,77401.12,376.11814
2026-05-25 08:00:00+00:00,1779696000000,77401.11,77469.64,77280.32,77456.94,352.6298
2026-05-25 09:00:00+00:00,1779699600000,77456.94,77699.97,77425.17,77604.56,369.10396
2026-05-25 10:00:00+00:00,1779703200000,77604.56,77681.37,77490.37,77545.65,283.53522
2026-05-25 11:00:00+00:00,1779706800000,77545.65,77545.65,77333.33,77357.5,209.17805
2026-05-25 12:00:00+00:00,1779710400000,77357.5,77440.46,77286.5,77367.98,261.28583
2026-05-25 13:00:00+00:00,1779714000000,77367.98,77450.0,77286.5,77341.05,199.52985
2026-05-25 14:00:00+00:00,1779717600000,77341.05,77773.69,77304.84,77714.0,603.07815
2026-05-25 15:00:00+00:00,1779721200000,77713.99,77905.52,77557.0,77628.82,499.50313
2026-05-25 16:00:00+00:00,1779724800000,77628.82,77807.29,77508.88,77735.69,342.64397
2026-05-25 17:00:00+00:00,1779728400000,77735.69,77804.48,77550.39,77564.01,278.21782
2026-05-25 18:00:00+00:00,1779732000000,77564.0,77658.01,77543.38,77543.39,204.7646
2026-05-25 19:00:00+00:00,1779735600000,77543.39,77543.39,77343.61,77441.86,295.53937
2026-05-25 20:00:00+00:00,1779739200000,77441.85,77500.0,77220.0,77273.06,314.11527
2026-05-25 21:00:00+00:00,1779742800000,77273.06,77396.08,77273.05,77367.03,183.92616
2026-05-25 22:00:00+00:00,1779746400000,77367.03,77449.94,77019.82,77116.21,395.72227
2026-05-25 23:00:00+00:00,1779750000000,77116.21,77367.44,77072.36,77322.01,162.61467
2026-05-26 00:00:00+00:00,1779753600000,77322.01,77345.0,76575.49,76792.71,686.17714
2026-05-26 01:00:00+00:00,1779757200000,76792.24,76888.01,76590.9,76756.98,342.05131
2026-05-26 02:00:00+00:00,1779760800000,76756.98,76810.0,76512.98,76660.0,721.43857
2026-05-26 03:00:00+00:00,1779764400000,76660.0,76705.71,76475.59,76664.01,396.14567
2026-05-26 04:00:00+00:00,1779768000000,76664.0,76817.28,76606.79,76749.5,392.59093
2026-05-26 05:00:00+00:00,1779771600000,76749.51,76989.23,76704.8,76930.01,556.0432
2026-05-26 06:00:00+00:00,1779775200000,76930.0,77059.74,76775.0,76908.01,658.30833
2026-05-26 07:00:00+00:00,1779778800000,76908.0,76924.55,76603.73,76730.84,436.26184
2026-05-26 08:00:00+00:00,1779782400000,76730.84,76852.01,76693.21,76726.37,246.06951
2026-05-26 09:00:00+00:00,1779786000000,76726.37,76804.0,76649.79,76672.19,350.5237
2026-05-26 10:00:00+00:00,1779789600000,76672.2,77621.75,76586.94,77430.0,897.13516
2026-05-26 11:00:00+00:00,1779793200000,77430.0,77516.93,77174.94,77183.55,403.26795
2026-05-26 12:00:00+00:00,1779796800000,77183.56,77232.52,76877.94,77132.5,402.68245
2026-05-26 13:00:00+00:00,1779800400000,77132.51,77464.01,76691.88,77231.56,659.9668
2026-05-26 14:00:00+00:00,1779804000000,77231.56,78080.0,76724.63,76908.01,2020.17697
2026-05-26 15:00:00+00:00,1779807600000,76908.01,77012.0,76272.63,76518.1,1751.25838
2026-05-26 16:00:00+00:00,1779811200000,76518.1,76710.01,76209.58,76558.0,2070.02098
2026-05-26 17:00:00+00:00,1779814800000,76558.0,76649.91,75850.0,75935.08,1190.65802
2026-05-26 18:00:00+00:00,1779818400000,75935.09,76273.66,75779.3,75840.55,846.30902
2026-05-26 19:00:00+00:00,1779822000000,75840.55,76104.49,75805.23,76052.0,581.71052
2026-05-26 20:00:00+00:00,1779825600000,76052.0,76180.0,75982.64,76106.86,324.41575
2026-05-26 21:00:00+00:00,1779829200000,76106.86,76117.31,75850.0,75890.0,275.58323
2026-05-26 22:00:00+00:00,1779832800000,75890.0,75998.94,75677.97,75749.02,428.12169
2026-05-26 23:00:00+00:00,1779836400000,75749.02,75986.45,75749.02,75930.01,316.55917
2026-05-27 00:00:00+00:00,1779840000000,75930.01,76089.7,75872.71,76085.01,780.41682
2026-05-27 01:00:00+00:00,1779843600000,76085.0,76104.02,75824.0,75877.44,573.72878
2026-05-27 02:00:00+00:00,1779847200000,75877.44,75890.59,75682.99,75879.0,437.25803
2026-05-27 03:00:00+00:00,1779850800000,75879.01,75966.91,75607.62,75683.0,612.84746
2026-05-27 04:00:00+00:00,1779854400000,75683.0,75706.77,75310.9,75579.01,817.05359
2026-05-27 05:00:00+00:00,1779858000000,75579.01,75739.36,75579.0,75697.99,490.56114
2026-05-27 06:00:00+00:00,1779861600000,75697.99,75900.0,75690.01,75838.65,482.86494
2026-05-27 07:00:00+00:00,1779865200000,75838.65,75980.0,75764.0,75977.17,433.92885
2026-05-27 08:00:00+00:00,1779868800000,75977.16,76071.41,75843.02,75873.24,308.77238
2026-05-27 09:00:00+00:00,1779872400000,75873.25,75978.01,75710.76,75912.6,294.26595
2026-05-27 10:00:00+00:00,1779876000000,75912.61,76043.94,75880.0,75909.82,372.61961
2026-05-27 11:00:00+00:00,1779879600000,75909.82,76029.24,75754.1,75769.18,316.01081
2026-05-27 12:00:00+00:00,1779883200000,75769.18,76174.15,75575.75,75688.0,621.24106
2026-05-27 13:00:00+00:00,1779886800000,75688.01,75760.0,74866.18,75073.4,2200.23684
2026-05-27 14:00:00+00:00,1779890400000,75073.4,75274.11,74758.33,75031.92,1567.20208
2026-05-27 15:00:00+00:00,1779894000000,75031.92,75502.29,74983.77,75326.01,797.5234
2026-05-27 16:00:00+00:00,1779897600000,75326.02,75408.01,75000.0,75304.01,632.49097
2026-05-27 17:00:00+00:00,1779901200000,75304.01,75344.01,74685.58,74860.42,1103.99219
2026-05-27 18:00:00+00:00,1779904800000,74860.42,75032.01,74663.45,75026.67,549.25309
2026-05-27 19:00:00+00:00,1779908400000,75026.67,75105.17,74952.36,75066.08,879.80197
2026-05-27 20:00:00+00:00,1779912000000,75066.09,75415.81,75056.25,75274.58,389.41476
2026-05-27 21:00:00+00:00,1779915600000,75274.58,75274.58,74341.76,74473.01,653.21971
2026-05-27 22:00:00+00:00,1779919200000,74473.01,74775.5,74260.91,74418.13,624.64107
2026-05-27 23:00:00+00:00,1779922800000,74418.12,74572.0,74243.99,74449.3,938.42933
2026-05-28 00:00:00+00:00,1779926400000,74449.31,74580.0,74366.89,74570.66,476.29695
2026-05-28 01:00:00+00:00,1779930000000,74570.67,74590.77,74156.0,74344.08,653.98384
2026-05-28 02:00:00+00:00,1779933600000,74344.07,74400.0,74127.57,74287.42,717.91596
2026-05-28 03:00:00+00:00,1779937200000,74287.43,74380.39,73060.59,73258.01,3879.74728
2026-05-28 04:00:00+00:00,1779940800000,73258.0,73260.01,72728.85,73181.95,1588.42564
2026-05-28 05:00:00+00:00,1779944400000,73181.95,73181.95,72908.67,72990.87,850.50171
2026-05-28 06:00:00+00:00,1779948000000,72990.87,73213.11,72761.11,73202.7,1248.76931
2026-05-28 07:00:00+00:00,1779951600000,73202.71,73512.14,73158.0,73498.0,1111.91354
2026-05-28 08:00:00+00:00,1779955200000,73498.0,73500.0,73193.13,73325.88,567.79073
2026-05-28 09:00:00+00:00,1779958800000,73325.88,73560.0,73261.6,73541.24,547.18862
2026-05-28 10:00:00+00:00,1779962400000,73541.25,73616.0,73349.91,73400.01,495.53335
2026-05-28 11:00:00+00:00,1779966000000,73400.01,73532.01,73319.36,73505.66,383.87102
2026-05-28 12:00:00+00:00,1779969600000,73505.65,73580.75,73245.56,73518.01,454.53291
2026-05-28 13:00:00+00:00,1779973200000,73518.01,73574.6,72771.64,73022.02,1277.58759
2026-05-28 14:00:00+00:00,1779976800000,73022.01,73573.21,72582.82,73033.06,2189.6201
2026-05-28 15:00:00+00:00,1779980400000,73033.06,73180.01,72700.0,72928.73,710.64433
2026-05-28 16:00:00+00:00,1779984000000,72928.73,73440.67,72741.4,73440.67,821.59668
2026-05-28 17:00:00+00:00,1779987600000,73440.66,73734.72,73316.31,73554.82,737.45631
2026-05-28 18:00:00+00:00,1779991200000,73554.81,73749.69,73514.57,73652.88,517.48323
2026-05-28 19:00:00+00:00,1779994800000,73652.87,73652.88,73381.81,73419.32,447.75042
2026-05-28 20:00:00+00:00,1779998400000,73419.31,73721.45,73241.48,73579.99,441.85746
2026-05-28 21:00:00+00:00,1780002000000,73580.0,73926.22,73560.45,73817.31,386.07817
2026-05-28 22:00:00+00:00,1780005600000,73817.31,73949.22,73448.55,73464.8,445.66881
2026-05-28 23:00:00+00:00,1780009200000,73464.8,73714.9,73464.79,73617.51,321.8063
2026-05-29 00:00:00+00:00,1780012800000,73617.52,73854.77,73617.51,73716.37,592.13944
2026-05-29 01:00:00+00:00,1780016400000,73716.37,73868.33,73463.52,73586.83,543.44041
2026-05-29 02:00:00+00:00,1780020000000,73586.83,73646.68,73189.11,73225.06,716.13416
2026-05-29 03:00:00+00:00,1780023600000,73225.07,73456.63,73225.07,73301.52,271.59006
2026-05-29 04:00:00+00:00,1780027200000,73301.53,73508.97,73210.21,73507.69,462.74907
2026-05-29 05:00:00+00:00,1780030800000,73507.68,73719.39,73500.0,73706.0,814.3098
2026-05-29 06:00:00+00:00,1780034400000,73706.0,73939.19,73641.05,73786.32,283.07172
2026-05-29 07:00:00+00:00,1780038000000,73786.32,73830.01,73373.37,73528.56,1081.6764
2026-05-29 08:00:00+00:00,1780041600000,73528.55,73835.58,73524.0,73653.4,690.03943
2026-05-29 09:00:00+00:00,1780045200000,73653.4,73902.85,73649.58,73744.96,506.90617
2026-05-29 10:00:00+00:00,1780048800000,73744.96,73749.53,73588.13,73634.64,583.75086
2026-05-29 11:00:00+00:00,1780052400000,73634.64,73700.41,73341.85,73487.98,417.09649
2026-05-29 12:00:00+00:00,1780056000000,73487.98,73487.98,73202.0,73295.73,419.42757
2026-05-29 13:00:00+00:00,1780059600000,73295.73,73346.04,72900.46,73135.7,883.40251
2026-05-29 14:00:00+00:00,1780063200000,73135.7,73198.17,72512.49,73096.85,1512.76179
2026-05-29 15:00:00+00:00,1780066800000,73096.84,74200.0,73008.98,73808.26,1809.3402
2026-05-29 16:00:00+00:00,1780070400000,73808.25,74124.73,73565.73,74056.5,1160.72957
2026-05-29 17:00:00+00:00,1780074000000,74056.49,74514.1,73925.33,73980.94,2917.46541
2026-05-29 18:00:00+00:00,1780077600000,73980.94,74065.29,73187.25,73374.52,1065.50146
2026-05-29 19:00:00+00:00,1780081200000,73374.51,73727.95,73239.36,73520.28,453.16949
2026-05-29 20:00:00+00:00,1780084800000,73520.29,73760.0,73514.0,73673.61,155.12213
2026-05-29 21:00:00+00:00,1780088400000,73673.62,73844.0,73408.8,73409.27,412.83689
2026-05-29 22:00:00+00:00,1780092000000,73409.27,73571.81,73379.79,73483.52,662.8477
2026-05-29 23:00:00+00:00,1780095600000,73483.51,73510.0,73320.0,73460.78,271.23268
2026-05-30 00:00:00+00:00,1780099200000,73460.78,73579.82,73408.62,73498.8,545.20652
2026-05-30 01:00:00+00:00,1780102800000,73498.8,73663.08,73472.8,73657.9,386.87772
2026-05-30 02:00:00+00:00,1780106400000,73657.9,73786.7,73613.85,73786.69,268.52358
2026-05-30 03:00:00+00:00,1780110000000,73786.7,73796.43,73524.01,73524.01,339.03494
2026-05-30 04:00:00+00:00,1780113600000,73524.01,73575.0,73216.0,73402.84,466.81865
2026-05-30 05:00:00+00:00,1780117200000,73402.85,73635.0,73346.85,73604.99,464.14797
2026-05-30 06:00:00+00:00,1780120800000,73604.99,73709.91,73530.0,73584.99,331.33867
2026-05-30 07:00:00+00:00,1780124400000,73584.99,73588.2,73486.0,73548.6,225.56478
2026-05-30 08:00:00+00:00,1780128000000,73548.6,73567.59,73500.02,73530.07,274.14087
2026-05-30 09:00:00+00:00,1780131600000,73530.07,73615.47,73503.07,73615.46,201.26346
2026-05-30 10:00:00+00:00,1780135200000,73615.46,73680.75,73592.57,73655.85,283.9706
2026-05-30 11:00:00+00:00,1780138800000,73655.85,73655.86,73564.62,73602.02,317.1037
2026-05-30 12:00:00+00:00,1780142400000,73602.01,73717.07,73594.4,73698.18,369.235
2026-05-30 13:00:00+00:00,1780146000000,73698.17,73837.06,73676.1,73829.31,249.39427
2026-05-30 14:00:00+00:00,1780149600000,73829.31,74100.0,73820.91,73929.11,565.07041
2026-05-30 15:00:00+00:00,1780153200000,73929.11,74042.88,73836.7,73930.14,301.39896
2026-05-30 16:00:00+00:00,1780156800000,73930.13,73985.84,73880.1,73934.99,193.46997
2026-05-30 17:00:00+00:00,1780160400000,73935.0,74047.26,73811.3,74020.07,308.74992
2026-05-30 18:00:00+00:00,1780164000000,74020.06,74143.76,73945.0,74043.38,188.56655
2026-05-30 19:00:00+00:00,1780167600000,74043.39,74072.0,73971.3,74016.65,145.42131
2026-05-30 20:00:00+00:00,1780171200000,74016.64,74016.65,73926.68,73979.84,104.9948
2026-05-30 21:00:00+00:00,1780174800000,73979.85,74054.0,73929.07,73981.99,224.4707
2026-05-30 22:00:00+00:00,1780178400000,73981.99,73982.0,73796.01,73883.3,391.66756
2026-05-30 23:00:00+00:00,1780182000000,73883.3,73995.98,73781.3,73884.38,368.97818
2026-05-31 00:00:00+00:00,1780185600000,73884.38,74041.72,73858.56,74038.2,241.35407
2026-05-31 01:00:00+00:00,1780189200000,74038.2,74275.66,74028.64,74058.01,363.47802
2026-05-31 02:00:00+00:00,1780192800000,74058.01,74243.94,73890.49,74090.84,304.8567
2026-05-31 03:00:00+00:00,1780196400000,74090.84,74226.78,74074.05,74150.64,189.87382
2026-05-31 04:00:00+00:00,1780200000000,74150.64,74221.33,74109.0,74178.4,194.38913
2026-05-31 05:00:00+00:00,1780203600000,74178.41,74207.2,74055.16,74055.98,231.70947
2026-05-31 06:00:00+00:00,1780207200000,74055.99,74109.39,73985.34,74054.87,141.21825
2026-05-31 07:00:00+00:00,1780210800000,74054.86,74054.87,73836.0,73871.24,302.07421
2026-05-31 08:00:00+00:00,1780214400000,73871.25,73980.0,73850.05,73937.61,348.32905
2026-05-31 09:00:00+00:00,1780218000000,73937.62,74024.0,73813.44,73841.79,323.04158
2026-05-31 10:00:00+00:00,1780221600000,73841.79,73900.0,73699.2,73900.0,400.29833
2026-05-31 11:00:00+00:00,1780225200000,73900.0,73972.0,73899.99,73937.79,178.9239
2026-05-31 12:00:00+00:00,1780228800000,73937.63,73995.88,73874.0,73920.0,222.22652
2026-05-31 13:00:00+00:00,1780232400000,73920.0,74023.99,73807.43,73872.8,178.44734
2026-05-31 14:00:00+00:00,1780236000000,73872.8,73872.8,73483.05,73602.17,681.72491
2026-05-31 15:00:00+00:00,1780239600000,73602.18,73775.79,73588.8,73655.21,266.93299
2026-05-31 16:00:00+00:00,1780243200000,73655.2,73730.0,73400.0,73526.14,319.75425
2026-05-31 17:00:00+00:00,1780246800000,73526.15,73734.0,73466.67,73709.44,195.46974
2026-05-31 18:00:00+00:00,1780250400000,73709.43,73713.34,73585.49,73603.69,214.37074
2026-05-31 19:00:00+00:00,1780254000000,73603.68,73649.93,73456.48,73563.42,255.80848
2026-05-31 20:00:00+00:00,1780257600000,73563.41,73760.0,73563.41,73739.66,381.5641
2026-05-31 21:00:00+00:00,1780261200000,73739.67,73924.0,73626.67,73892.52,391.01047
2026-05-31 22:00:00+00:00,1780264800000,73892.52,73997.56,73686.0,73944.62,284.29172
2026-05-31 23:00:00+00:00,1780268400000,73944.62,74198.0,73500.0,73674.39,375.30928
2026-06-01 00:00:00+00:00,1780272000000,73674.39,74092.0,73654.06,73885.0,366.4897
2026-06-01 01:00:00+00:00,1780275600000,73885.01,73916.01,73278.02,73292.92,464.54265
2026-06-01 02:00:00+00:00,1780279200000,73292.92,73892.52,73222.0,73790.0,506.50025
2026-06-01 03:00:00+00:00,1780282800000,73789.99,74019.58,73735.47,73769.06,460.44243
2026-06-01 04:00:00+00:00,1780286400000,73769.06,73841.37,73348.74,73536.01,335.64727
2026-06-01 05:00:00+00:00,1780290000000,73536.01,73541.48,73328.32,73350.0,404.19791
2026-06-01 06:00:00+00:00,1780293600000,73349.99,73368.0,72950.01,73135.74,740.28999
2026-06-01 07:00:00+00:00,1780297200000,73135.75,73203.85,72704.0,72818.0,833.64063
2026-06-01 08:00:00+00:00,1780300800000,72818.0,72921.38,72610.03,72902.65,751.49608
2026-06-01 09:00:00+00:00,1780304400000,72902.64,73095.64,72600.0,72880.0,2061.2162
2026-06-01 10:00:00+00:00,1780308000000,72880.0,72900.73,72592.27,72748.88,482.4874
2026-06-01 11:00:00+00:00,1780311600000,72748.88,72768.11,72290.0,72479.99,769.61036
2026-06-01 12:00:00+00:00,1780315200000,72480.0,72610.0,71902.98,72221.73,1854.73885
2026-06-01 13:00:00+00:00,1780318800000,72221.74,72243.52,71389.88,71711.89,3036.53496
2026-06-01 14:00:00+00:00,1780322400000,71711.89,71887.6,71363.43,71567.91,2060.71568
2026-06-01 15:00:00+00:00,1780326000000,71567.91,71677.55,71066.33,71129.62,1656.46415
2026-06-01 16:00:00+00:00,1780329600000,71129.62,71599.95,70686.68,71564.01,2820.57409
2026-06-01 17:00:00+00:00,1780333200000,71564.01,71800.73,71469.64,71646.01,999.45739
2026-06-01 18:00:00+00:00,1780336800000,71646.0,71687.28,71382.0,71498.64,667.35668
2026-06-01 19:00:00+00:00,1780340400000,71498.64,71666.0,71386.0,71595.24,432.84579
2026-06-01 20:00:00+00:00,1780344000000,71595.24,71690.0,71419.64,71446.0,273.2723
2026-06-01 21:00:00+00:00,1780347600000,71445.99,71449.98,70941.95,71038.01,573.85796
2026-06-01 22:00:00+00:00,1780351200000,71038.01,71460.0,70840.9,71408.0,770.63523
2026-06-01 23:00:00+00:00,1780354800000,71407.99,71583.29,71225.29,71408.9,598.07789
2026-06-02 00:00:00+00:00,1780358400000,71408.9,71408.9,71100.0,71289.23,677.70318
2026-06-02 01:00:00+00:00,1780362000000,71289.24,71372.0,70607.57,70652.47,1034.85247
2026-06-02 02:00:00+00:00,1780365600000,70652.47,70880.63,70111.0,70846.49,1320.1444
2026-06-02 03:00:00+00:00,1780369200000,70846.48,71041.04,70806.0,70953.69,492.94753
2026-06-02 04:00:00+00:00,1780372800000,70953.7,71048.0,70713.54,70810.0,489.36754
2026-06-02 05:00:00+00:00,1780376400000,70810.0,70847.66,70267.79,70268.96,832.11781
2026-06-02 06:00:00+00:00,1780380000000,70268.97,70442.0,69958.49,70106.31,1507.14949
2026-06-02 07:00:00+00:00,1780383600000,70106.31,70275.86,69733.0,70118.42,1388.79813
2026-06-02 08:00:00+00:00,1780387200000,70118.42,70172.0,69705.3,69821.99,944.6499
2026-06-02 09:00:00+00:00,1780390800000,69822.0,69849.0,69324.65,69426.01,1499.21853
2026-06-02 10:00:00+00:00,1780394400000,69426.01,69756.0,69336.98,69652.19,904.86792
2026-06-02 11:00:00+00:00,1780398000000,69652.18,69659.47,69397.83,69461.72,417.59402
2026-06-02 12:00:00+00:00,1780401600000,69461.73,69548.13,68989.61,69010.42,1382.26152
2026-06-02 13:00:00+00:00,1780405200000,69010.41,69180.0,68757.03,68811.91,1762.82906
2026-06-02 14:00:00+00:00,1780408800000,68809.93,68836.0,67617.85,68019.3,3845.79627
2026-06-02 15:00:00+00:00,1780412400000,68019.3,68094.6,67076.0,67304.28,2543.79469
2026-06-02 16:00:00+00:00,1780416000000,67304.29,68146.3,67228.45,67413.44,1789.92962
2026-06-02 17:00:00+00:00,1780419600000,67413.44,67837.53,67378.0,67492.34,905.8915
2026-06-02 18:00:00+00:00,1780423200000,67492.34,67661.7,67124.2,67341.99,926.14597
2026-06-02 19:00:00+00:00,1780426800000,67341.99,67498.0,66432.0,67315.14,2333.17121
2026-06-02 20:00:00+00:00,1780430400000,67315.14,67689.65,66911.2,67587.77,1637.61606
2026-06-02 21:00:00+00:00,1780434000000,67587.78,67923.24,67412.0,67566.01,765.53933
2026-06-02 22:00:00+00:00,1780437600000,67566.01,67566.01,66244.02,66385.2,1856.41667
2026-06-02 23:00:00+00:00,1780441200000,66385.2,66868.62,66193.0,66760.83,1599.39304
2026-06-03 00:00:00+00:00,1780444800000,66760.84,67204.15,66654.0,66938.01,1238.50805
2026-06-03 01:00:00+00:00,1780448400000,66938.01,67050.0,66472.65,66920.0,973.29949
2026-06-03 02:00:00+00:00,1780452000000,66920.0,66920.01,66586.17,66620.01,773.38787
2026-06-03 03:00:00+00:00,1780455600000,66620.0,66653.67,65426.34,65849.9,2891.72624
2026-06-03 04:00:00+00:00,1780459200000,65849.9,66623.44,65834.0,66465.98,1263.85794
2026-06-03 05:00:00+00:00,1780462800000,66465.99,67398.28,66465.99,67330.01,1773.95829
2026-06-03 06:00:00+00:00,1780466400000,67330.0,67516.0,66962.95,66983.27,1658.04956
2026-06-03 07:00:00+00:00,1780470000000,66983.27,67334.4,66872.01,67220.03,1003.46306
2026-06-03 08:00:00+00:00,1780473600000,67220.03,67264.34,66974.0,67028.0,1273.47385
2026-06-03 09:00:00+00:00,1780477200000,67028.01,67322.0,66656.48,67075.17,1438.06157
2026-06-03 10:00:00+00:00,1780480800000,67075.18,67476.69,67068.51,67294.52,639.46259
2026-06-03 11:00:00+00:00,1780484400000,67294.51,67366.82,67056.58,67067.37,489.69833
2026-06-03 12:00:00+00:00,1780488000000,67067.37,67163.82,66782.65,67078.72,856.74966
2026-06-03 13:00:00+00:00,1780491600000,67078.72,67244.62,66635.0,66906.01,1223.17247
2026-06-03 14:00:00+00:00,1780495200000,66906.0,66990.66,66643.96,66864.95,936.44379
2026-06-03 15:00:00+00:00,1780498800000,66864.95,66898.0,66076.0,66076.01,1521.34921
2026-06-03 16:00:00+00:00,1780502400000,66076.01,66373.18,65555.0,66061.83,1633.14277
2026-06-03 17:00:00+00:00,1780506000000,66061.83,66189.8,65704.8,65964.08,810.29365
2026-06-03 18:00:00+00:00,1780509600000,65964.08,66161.24,65744.01,66036.57,600.59221
2026-06-03 19:00:00+00:00,1780513200000,66036.56,66054.0,65251.0,65462.0,1198.70968
2026-06-03 20:00:00+00:00,1780516800000,65461.99,65614.74,64766.0,65007.27,1892.05101
2026-06-03 21:00:00+00:00,1780520400000,65007.27,65860.0,64960.87,65768.88,1254.10382
2026-06-03 22:00:00+00:00,1780524000000,65768.89,65841.23,64778.15,64912.98,974.52056
2026-06-03 23:00:00+00:00,1780527600000,64912.97,64979.99,64092.49,64142.75,1820.23083
2026-06-04 00:00:00+00:00,1780531200000,64142.75,64428.0,63000.0,63344.97,3512.79677
2026-06-04 01:00:00+00:00,1780534800000,63344.98,63500.0,62100.01,62178.1,4759.0413
2026-06-04 02:00:00+00:00,1780538400000,62178.1,63622.7,61383.56,63231.99,6283.29826
2026-06-04 03:00:00+00:00,1780542000000,63232.0,64540.3,63218.48,64363.49,2402.09774
2026-06-04 04:00:00+00:00,1780545600000,64363.49,64764.32,64265.73,64399.99,1421.62502
2026-06-04 05:00:00+00:00,1780549200000,64399.99,64400.0,63648.01,63955.47,1272.84935
2026-06-04 06:00:00+00:00,1780552800000,63955.48,64481.22,63892.0,64027.99,802.33437
2026-06-04 07:00:00+00:00,1780556400000,64027.99,64062.81,63492.89,63603.15,1503.87893
2026-06-04 08:00:00+00:00,1780560000000,63603.15,63904.63,63245.9,63629.99,1570.23316
2026-06-04 09:00:00+00:00,1780563600000,63629.99,63644.0,62703.33,63266.0,2329.3282
2026-06-04 10:00:00+00:00,1780567200000,63266.01,63276.0,62301.21,62420.0,3046.35677
2026-06-04 11:00:00+00:00,1780570800000,62420.01,62833.82,62205.0,62545.99,1649.57305
2026-06-04 12:00:00+00:00,1780574400000,62546.0,63966.48,62392.0,63766.82,1740.31399
2026-06-04 13:00:00+00:00,1780578000000,63766.82,64244.0,63068.41,64230.0,2087.69891
2026-06-04 14:00:00+00:00,1780581600000,64230.0,64494.92,63785.33,63958.97,1314.7717
2026-06-04 15:00:00+00:00,1780585200000,63958.97,64404.0,63691.7,63896.17,1043.20477
2026-06-04 16:00:00+00:00,1780588800000,63896.16,63920.0,63456.0,63563.51,778.5809
2026-06-04 17:00:00+00:00,1780592400000,63563.51,63722.0,62944.91,63540.97,1048.08269
2026-06-04 18:00:00+00:00,1780596000000,63540.96,64110.28,63149.76,63819.62,1198.01807
2026-06-04 19:00:00+00:00,1780599600000,63819.62,64163.93,63544.0,63629.38,699.04403
2026-06-04 20:00:00+00:00,1780603200000,63629.38,63653.2,63182.84,63638.4,753.64631
2026-06-04 21:00:00+00:00,1780606800000,63638.4,63876.0,63106.04,63286.21,982.36997
2026-06-04 22:00:00+00:00,1780610400000,63286.21,63772.0,63194.0,63735.43,816.54763
2026-06-04 23:00:00+00:00,1780614000000,63735.42,63918.0,63376.0,63885.99,561.48382
2026-06-05 00:00:00+00:00,1780617600000,63885.99,63978.0,63396.57,63426.72,799.55012
2026-06-05 01:00:00+00:00,1780621200000,63426.73,63566.0,63052.0,63374.67,974.10885
2026-06-05 02:00:00+00:00,1780624800000,63374.67,63436.0,62588.77,62617.72,1167.70132
2026-06-05 03:00:00+00:00,1780628400000,62617.72,62888.0,62339.0,62730.0,1221.6378
2026-06-05 04:00:00+00:00,1780632000000,62730.0,63646.0,62487.24,63615.23,1133.49083
2026-06-05 05:00:00+00:00,1780635600000,63615.22,63688.0,62278.0,62329.35,1503.31179
2026-06-05 06:00:00+00:00,1780639200000,62329.36,62634.53,61126.01,61946.57,5277.47749
2026-06-05 07:00:00+00:00,1780642800000,61946.57,63116.0,61378.38,63115.99,2819.14343
2026-06-05 08:00:00+00:00,1780646400000,63115.99,63120.98,62288.88,62454.64,1381.33567
2026-06-05 09:00:00+00:00,1780650000000,62454.64,63259.9,62442.0,62860.09,970.2531
2026-06-05 10:00:00+00:00,1780653600000,62860.09,62931.81,62375.0,62536.87,753.84533
2026-06-05 11:00:00+00:00,1780657200000,62536.87,62644.48,61964.98,61964.99,1191.72996
2026-06-05 12:00:00+00:00,1780660800000,61964.99,62457.86,61620.47,61959.73,1931.26312
2026-06-05 13:00:00+00:00,1780664400000,61959.72,62326.0,60732.35,60732.36,3644.72891
2026-06-05 14:00:00+00:00,1780668000000,60732.36,61227.98,60334.97,60868.97,4753.25938
2026-06-05 15:00:00+00:00,1780671600000,60868.98,61126.0,60000.0,60438.01,4471.76201
2026-06-05 16:00:00+00:00,1780675200000,60438.0,61547.24,59786.0,61394.39,5595.70288
2026-06-05 17:00:00+00:00,1780678800000,61394.38,61508.85,60660.0,60813.99,1735.74281
2026-06-05 18:00:00+00:00,1780682400000,60814.0,60950.0,59141.0,59395.99,3853.37743
2026-06-05 19:00:00+00:00,1780686000000,59396.0,60459.41,59130.91,60300.24,2562.76919
2026-06-05 20:00:00+00:00,1780689600000,60300.24,61787.01,59940.01,61620.01,2519.32621
2026-06-05 21:00:00+00:00,1780693200000,61620.01,62000.0,61444.2,61670.38,1754.60125
2026-06-05 22:00:00+00:00,1780696800000,61670.38,61966.0,61207.82,61584.49,1799.61028
2026-06-05 23:00:00+00:00,1780700400000,61584.49,61776.0,60518.0,61056.47,1211.55891
2026-06-06 00:00:00+00:00,1780704000000,61056.47,61530.05,61045.01,61273.29,769.28059
2026-06-06 01:00:00+00:00,1780707600000,61273.29,61380.0,60954.36,61058.95,701.07746
2026-06-06 02:00:00+00:00,1780711200000,61058.95,61176.0,60678.0,60951.64,778.33004
2026-06-06 03:00:00+00:00,1780714800000,60951.63,60966.86,60520.0,60687.04,696.39105
2026-06-06 04:00:00+00:00,1780718400000,60687.05,60866.0,59500.0,60101.27,2161.93035
2026-06-06 05:00:00+00:00,1780722000000,60101.28,61062.0,59621.22,60942.38,2141.23088
2026-06-06 06:00:00+00:00,1780725600000,60942.37,61276.95,60681.0,60786.96,2095.10137
2026-06-06 07:00:00+00:00,1780729200000,60786.96,61229.17,60733.14,61004.95,664.31126
2026-06-06 08:00:00+00:00,1780732800000,61004.95,61500.0,60884.0,61264.0,724.69988
2026-06-06 09:00:00+00:00,1780736400000,61264.0,61322.0,60875.55,60981.24,580.05282
2026-06-06 10:00:00+00:00,1780740000000,60981.24,60981.24,60198.0,60593.0,1404.76206
2026-06-06 11:00:00+00:00,1780743600000,60593.0,60968.0,60552.95,60802.91,764.0429
2026-06-06 12:00:00+00:00,1780747200000,60802.9,61185.26,60641.2,61030.63,669.86406
2026-06-06 13:00:00+00:00,1780750800000,61030.63,61100.0,60701.41,60801.2,565.41708
2026-06-06 14:00:00+00:00,1780754400000,60801.2,61016.0,60768.0,60791.05,409.85585
2026-06-06 15:00:00+00:00,1780758000000,60791.06,60929.2,60396.0,60784.0,646.3582
2026-06-06 16:00:00+00:00,1780761600000,60784.01,60971.24,60466.56,60774.0,524.00441
2026-06-06 17:00:00+00:00,1780765200000,60774.0,60844.0,60501.0,60576.2,599.85374
2026-06-06 18:00:00+00:00,1780768800000,60576.19,60754.74,60393.96,60637.21,975.00187
2026-06-06 19:00:00+00:00,1780772400000,60637.2,60786.0,60536.0,60600.01,348.13504
2026-06-06 20:00:00+00:00,1780776000000,60600.0,60756.0,60522.0,60711.69,328.01265
2026-06-06 21:00:00+00:00,1780779600000,60711.69,61000.0,60707.93,60751.21,311.33205
2026-06-06 22:00:00+00:00,1780783200000,60751.22,60818.0,60429.09,60543.53,374.15284
2026-06-06 23:00:00+00:00,1780786800000,60543.52,60942.75,60543.52,60884.62,562.39032
2026-06-07 00:00:00+00:00,1780790400000,60884.62,60987.99,60746.0,60782.01,680.4546
2026-06-07 01:00:00+00:00,1780794000000,60782.0,61664.13,60758.0,61479.75,1285.5692
2026-06-07 02:00:00+00:00,1780797600000,61479.75,61568.0,61184.0,61506.74,523.36778
2026-06-07 03:00:00+00:00,1780801200000,61506.73,61778.33,61416.1,61701.07,469.79753
2026-06-07 04:00:00+00:00,1780804800000,61701.06,61907.07,61482.46,61890.92,486.27163
2026-06-07 05:00:00+00:00,1780808400000,61890.92,62159.0,61647.0,61748.1,1139.66042
2026-06-07 06:00:00+00:00,1780812000000,61748.11,62272.0,61619.4,62101.0,1749.1221
2026-06-07 07:00:00+00:00,1780815600000,62101.01,62416.26,61983.46,62404.73,1528.1498
2026-06-07 08:00:00+00:00,1780819200000,62404.72,62960.0,62259.37,62855.01,2005.84536
2026-06-07 09:00:00+00:00,1780822800000,62855.0,62900.0,62374.63,62530.0,1248.753
2026-06-07 10:00:00+00:00,1780826400000,62530.0,62570.31,62298.39,62370.52,674.16526
2026-06-07 11:00:00+00:00,1780830000000,62370.53,62754.45,62359.44,62621.96,794.29873
2026-06-07 12:00:00+00:00,1780833600000,62621.97,62643.97,61577.12,61900.67,1957.0674
2026-06-07 13:00:00+00:00,1780837200000,61900.66,61907.64,61649.12,61700.13,1146.18923
2026-06-07 14:00:00+00:00,1780840800000,61700.14,62312.67,61696.98,61905.49,923.54392
2026-06-07 15:00:00+00:00,1780844400000,61905.49,62219.92,61674.51,62093.99,527.33835
2026-06-07 16:00:00+00:00,1780848000000,62093.99,62332.0,61966.0,62083.64,482.9603
2026-06-07 17:00:00+00:00,1780851600000,62083.64,62330.0,62046.62,62160.01,573.97699
2026-06-07 18:00:00+00:00,1780855200000,62160.01,62296.0,62022.0,62030.14,373.61361
2026-06-07 19:00:00+00:00,1780858800000,62030.15,62036.78,61184.0,61328.0,1046.65633
2026-06-07 20:00:00+00:00,1780862400000,61327.99,61962.47,61217.17,61878.01,569.10903
2026-06-07 21:00:00+00:00,1780866000000,61878.0,62017.71,61652.01,61778.41,374.19369
2026-06-07 22:00:00+00:00,1780869600000,61778.42,64234.68,61728.11,62865.87,4892.75492
2026-06-07 23:00:00+00:00,1780873200000,62865.87,63444.11,62803.42,63332.01,1159.24525
2026-06-08 00:00:00+00:00,1780876800000,63332.01,63863.06,63138.37,63631.42,1255.61981
2026-06-08 01:00:00+00:00,1780880400000,63631.43,63643.99,62720.86,63211.41,1129.10442
2026-06-08 02:00:00+00:00,1780884000000,63211.41,63260.0,62918.0,63129.93,502.88284
2026-06-08 03:00:00+00:00,1780887600000,63129.94,63458.0,62978.36,63130.12,427.85473
2026-06-08 04:00:00+00:00,1780891200000,63130.12,63171.1,62657.07,62684.61,553.63898
2026-06-08 05:00:00+00:00,1780894800000,62684.61,62825.27,62408.0,62764.0,674.10723
2026-06-08 06:00:00+00:00,1780898400000,62763.99,63144.0,62734.0,62988.03,629.53051
2026-06-08 07:00:00+00:00,1780902000000,62988.58,63350.0,62812.0,63283.99,976.9078
2026-06-08 08:00:00+00:00,1780905600000,63284.0,63284.0,62992.01,63132.83,490.75057
2026-06-08 09:00:00+00:00,1780909200000,63132.84,63577.86,63128.47,63502.0,706.93226
2026-06-08 10:00:00+00:00,1780912800000,63501.99,63568.19,63096.88,63172.3,982.6729
2026-06-08 11:00:00+00:00,1780916400000,63172.3,63873.08,63058.0,63479.61,1572.11873
2026-06-08 12:00:00+00:00,1780920000000,63479.62,63933.18,62718.3,63872.0,2589.09295
2026-06-08 13:00:00+00:00,1780923600000,63872.0,63943.56,63362.1,63758.0,1304.57724
2026-06-08 14:00:00+00:00,1780927200000,63758.0,64077.57,63560.68,63964.08,1937.84618
2026-06-08 15:00:00+00:00,1780930800000,63964.07,64200.0,63711.0,63774.48,2295.29096
2026-06-08 16:00:00+00:00,1780934400000,63774.48,64046.86,63472.0,63532.01,873.93622
2026-06-08 17:00:00+00:00,1780938000000,63532.01,63646.0,63268.01,63550.0,1044.76064
2026-06-08 18:00:00+00:00,1780941600000,63549.99,63690.0,63339.98,63466.83,414.77155
2026-06-08 19:00:00+00:00,1780945200000,63466.83,63596.0,63356.0,63372.01,379.67287
2026-06-08 20:00:00+00:00,1780948800000,63372.01,63485.49,63160.31,63485.49,793.95609
2026-06-08 21:00:00+00:00,1780952400000,63485.49,63850.0,63483.41,63728.96,413.19539
2026-06-08 22:00:00+00:00,1780956000000,63728.96,63728.96,63210.0,63440.01,571.04903
2026-06-08 23:00:00+00:00,1780959600000,63440.0,63594.0,62978.66,63085.99,533.11634
2026-06-09 00:00:00+00:00,1780963200000,63086.0,63184.0,62423.07,62562.0,1868.43384
2026-06-09 01:00:00+00:00,1780966800000,62562.0,62879.1,62546.62,62764.01,752.22836
2026-06-09 02:00:00+00:00,1780970400000,62764.0,62874.0,62544.11,62868.0,357.79841
2026-06-09 03:00:00+00:00,1780974000000,62867.99,62979.94,62702.0,62875.17,780.82683
2026-06-09 04:00:00+00:00,1780977600000,62875.18,63424.0,62748.0,63242.36,1115.32376
2026-06-09 05:00:00+00:00,1780981200000,63242.36,63526.01,63120.24,63338.68,946.88593
2026-06-09 06:00:00+00:00,1780984800000,63338.69,63506.0,63230.0,63300.0,975.96129
2026-06-09 07:00:00+00:00,1780988400000,63300.0,63443.6,63012.0,63198.44,669.83742
2026-06-09 08:00:00+00:00,1780992000000,63198.44,63208.86,62769.52,62849.75,844.01531
2026-06-09 09:00:00+00:00,1780995600000,62849.75,62944.43,62590.0,62715.37,709.2584
2026-06-09 10:00:00+00:00,1780999200000,62715.37,62835.37,62596.0,62786.01,503.06926
2026-06-09 11:00:00+00:00,1781002800000,62786.0,62818.0,62498.75,62711.12,472.29218
2026-06-09 12:00:00+00:00,1781006400000,62711.12,62895.18,62421.24,62645.15,693.6037
2026-06-09 13:00:00+00:00,1781010000000,62645.14,62738.0,62140.0,62273.61,1172.01624
2026-06-09 14:00:00+00:00,1781013600000,62273.62,62395.01,61148.07,61541.95,2741.42922
2026-06-09 15:00:00+00:00,1781017200000,61541.95,61706.86,61037.0,61131.84,1576.3984
2026-06-09 16:00:00+00:00,1781020800000,61131.85,61484.67,60780.0,61390.51,2117.17514
2026-06-09 17:00:00+00:00,1781024400000,61390.51,61889.0,61390.51,61692.01,925.52892
2026-06-09 18:00:00+00:00,1781028000000,61692.01,61964.0,61602.0,61792.01,528.51144
2026-06-09 19:00:00+00:00,1781031600000,61792.0,62103.39,61722.0,62098.09,436.3094
2026-06-09 20:00:00+00:00,1781035200000,62098.09,62272.0,61954.39,62160.0,406.81988
2026-06-09 21:00:00+00:00,1781038800000,62159.99,62176.86,61698.0,61761.2,425.20913
2026-06-09 22:00:00+00:00,1781042400000,61761.21,61976.0,61666.66,61717.5,276.69194
2026-06-09 23:00:00+00:00,1781046000000,61717.5,61878.0,61556.0,61730.0,340.59519
2026-06-10 00:00:00+00:00,1781049600000,61730.0,61930.0,61440.0,61923.16,538.2675
2026-06-10 01:00:00+00:00,1781053200000,61923.16,61974.7,61590.0,61714.0,336.41204
2026-06-10 02:00:00+00:00,1781056800000,61714.0,61837.67,61235.29,61302.36,512.06602
2026-06-10 03:00:00+00:00,1781060400000,61302.37,61594.0,61286.0,61549.64,334.76343
2026-06-10 04:00:00+00:00,1781064000000,61549.64,61560.0,61182.65,61295.99,306.03442
2026-06-10 05:00:00+00:00,1781067600000,61296.0,61400.01,61080.0,61361.17,464.90737
2026-06-10 06:00:00+00:00,1781071200000,61361.17,61521.99,61145.5,61472.89,511.66925
2026-06-10 07:00:00+00:00,1781074800000,61472.89,61813.34,61440.0,61687.56,937.80783
2026-06-10 08:00:00+00:00,1781078400000,61687.56,61736.0,61168.0,61261.55,739.92297
2026-06-10 09:00:00+00:00,1781082000000,61261.56,61421.46,60755.0,61334.94,906.84186
2026-06-10 10:00:00+00:00,1781085600000,61334.95,61456.0,61151.4,61386.09,340.43647
2026-06-10 11:00:00+00:00,1781089200000,61386.09,61430.0,60867.19,61034.04,826.04256
2026-06-10 12:00:00+00:00,1781092800000,61034.04,61950.0,60960.0,61564.01,1340.16125
2026-06-10 13:00:00+00:00,1781096400000,61564.0,62446.0,61444.87,62146.42,1199.64944
2026-06-10 14:00:00+00:00,1781100000000,62146.43,62258.01,61814.79,62195.99,902.47236
2026-06-10 15:00:00+00:00,1781103600000,62195.99,62857.99,61852.0,62639.23,1341.51604
2026-06-10 16:00:00+00:00,1781107200000,62639.23,62646.0,61930.0,62219.33,748.11357
2026-06-10 17:00:00+00:00,1781110800000,62219.33,62360.0,61654.54,61969.99,885.28682
2026-06-10 18:00:00+00:00,1781114400000,61969.99,62162.9,61588.8,61882.0,641.1773
2026-06-10 19:00:00+00:00,1781118000000,61881.99,62062.98,61673.79,61942.44,400.79146
2026-06-10 20:00:00+00:00,1781121600000,61942.45,61949.21,61688.0,61805.51,307.34434
2026-06-10 21:00:00+00:00,1781125200000,61805.5,61805.51,61179.19,61356.18,571.34637
2026-06-10 22:00:00+00:00,1781128800000,61356.18,61574.0,61104.24,61381.46,578.03926
2026-06-10 23:00:00+00:00,1781132400000,61381.46,61604.0,61166.0,61510.99,327.64659
2026-06-11 00:00:00+00:00,1781136000000,61510.99,61974.7,61510.99,61812.0,597.44488
2026-06-11 01:00:00+00:00,1781139600000,61812.0,62378.0,61812.0,62206.01,839.43174
2026-06-11 02:00:00+00:00,1781143200000,62206.01,62304.0,61944.19,62148.0,429.18601
2026-06-11 03:00:00+00:00,1781146800000,62148.01,62848.0,62012.0,62689.48,986.08995
2026-06-11 04:00:00+00:00,1781150400000,62689.47,62854.0,62546.34,62726.86,589.32674
2026-06-11 05:00:00+00:00,1781154000000,62726.85,62726.86,62556.84,62610.0,295.46093
2026-06-11 06:00:00+00:00,1781157600000,62610.0,62997.53,62544.89,62772.0,1198.75098
2026-06-11 07:00:00+00:00,1781161200000,62772.01,62842.92,62612.01,62719.39,399.47563
2026-06-11 08:00:00+00:00,1781164800000,62719.39,63050.0,62719.38,62957.99,546.92925
2026-06-11 09:00:00+00:00,1781168400000,62958.0,62989.97,62790.0,62927.49,401.22464
2026-06-11 10:00:00+00:00,1781172000000,62927.49,63214.97,62789.62,63148.0,666.36315
2026-06-11 11:00:00+00:00,1781175600000,63148.0,63257.21,63040.01,63108.0,563.58106
2026-06-11 12:00:00+00:00,1781179200000,63108.01,63190.0,62500.0,63010.01,1835.01045
2026-06-11 13:00:00+00:00,1781182800000,63010.0,63239.43,62677.84,63077.57,1087.23984
2026-06-11 14:00:00+00:00,1781186400000,63077.71,63100.0,62732.6,62734.02,782.87001
2026-06-11 15:00:00+00:00,1781190000000,62734.02,62887.88,62518.1,62749.44,633.18968
2026-06-11 16:00:00+00:00,1781193600000,62749.44,62842.0,62548.79,62582.45,564.46406
2026-06-11 17:00:00+00:00,1781197200000,62582.45,63655.83,62348.0,63644.19,1821.97042
2026-06-11 18:00:00+00:00,1781200800000,63644.18,63788.0,63324.35,63461.12,793.20489
2026-06-11 19:00:00+00:00,1781204400000,63461.12,63933.02,63390.0,63605.68,946.18552
2026-06-11 20:00:00+00:00,1781208000000,63605.69,63663.4,63270.0,63393.67,556.54606
2026-06-11 21:00:00+00:00,1781211600000,63393.67,63599.99,63393.66,63519.99,269.29173
2026-06-11 22:00:00+00:00,1781215200000,63519.99,63670.0,63462.0,63500.01,226.24918
2026-06-11 23:00:00+00:00,1781218800000,63500.0,63700.0,63362.0,63625.99,351.45962
2026-06-12 00:00:00+00:00,1781222400000,63626.0,63810.01,63520.86,63648.8,1229.6005
2026-06-12 01:00:00+00:00,1781226000000,63648.8,63648.8,63301.53,63426.2,745.50942
2026-06-12 02:00:00+00:00,1781229600000,63426.21,63779.11,63426.2,63624.07,398.45121
2026-06-12 03:00:00+00:00,1781233200000,63624.07,63649.99,63357.7,63524.82,280.54894
2026-06-12 04:00:00+00:00,1781236800000,63524.81,63863.98,63426.48,63700.0,742.01132
2026-06-12 05:00:00+00:00,1781240400000,63700.0,63721.31,63310.0,63358.2,603.70673
2026-06-12 06:00:00+00:00,1781244000000,63358.2,63411.5,62829.81,62980.45,1027.41759
2026-06-12 07:00:00+00:00,1781247600000,62980.46,63211.74,62956.0,63100.8,852.55681
2026-06-12 08:00:00+00:00,1781251200000,63100.8,63615.84,63100.8,63470.81,600.81984
2026-06-12 09:00:00+00:00,1781254800000,63470.81,63953.84,63438.0,63752.93,524.52211
2026-06-12 10:00:00+00:00,1781258400000,63752.93,63852.0,63588.34,63702.01,872.53513
2026-06-12 11:00:00+00:00,1781262000000,63702.01,63884.49,63684.44,63766.01,380.80932
2026-06-12 12:00:00+00:00,1781265600000,63766.01,63775.0,63378.0,63465.51,515.59574
2026-06-12 13:00:00+00:00,1781269200000,63465.52,63532.59,63045.29,63229.1,851.49099
2026-06-12 14:00:00+00:00,1781272800000,63229.1,64000.0,63190.0,63999.99,1065.08825
2026-06-12 15:00:00+00:00,1781276400000,63999.99,64394.44,63551.9,63593.02,1669.96199
2026-06-12 16:00:00+00:00,1781280000000,63593.02,63996.0,63510.16,63982.48,776.01025
2026-06-12 17:00:00+00:00,1781283600000,63982.48,64111.1,63745.99,63865.44,456.29271
2026-06-12 18:00:00+00:00,1781287200000,63865.45,63934.34,63686.0,63694.0,561.84193
2026-06-12 19:00:00+00:00,1781290800000,63694.01,63830.93,63589.27,63589.27,462.65176
2026-06-12 20:00:00+00:00,1781294400000,63589.28,63696.41,63400.0,63449.0,328.72463
2026-06-12 21:00:00+00:00,1781298000000,63449.01,63624.62,63440.01,63472.0,330.50626
2026-06-12 22:00:00+00:00,1781301600000,63471.99,63658.0,63471.99,63502.0,711.15075
2026-06-12 23:00:00+00:00,1781305200000,63502.0,63580.01,63426.83,63580.01,409.24822
2026-06-13 00:00:00+00:00,1781308800000,63580.0,63652.11,63507.39,63600.01,578.94188
2026-06-13 01:00:00+00:00,1781312400000,63600.01,63840.0,63600.01,63837.89,509.63359
2026-06-13 02:00:00+00:00,1781316000000,63837.88,63837.89,63558.0,63646.01,450.79285
2026-06-13 03:00:00+00:00,1781319600000,63646.01,63720.88,63418.66,63532.0,268.55023
2026-06-13 04:00:00+00:00,1781323200000,63532.0,63663.91,63484.0,63512.01,144.15296
2026-06-13 05:00:00+00:00,1781326800000,63512.01,63596.0,63493.16,63584.03,658.62782
2026-06-13 06:00:00+00:00,1781330400000,63584.03,63740.0,63550.51,63735.74,299.54013
2026-06-13 07:00:00+00:00,1781334000000,63736.0,63883.47,63674.98,63846.0,436.97737
2026-06-13 08:00:00+00:00,1781337600000,63845.99,63910.0,63766.18,63806.0,227.43934
2026-06-13 09:00:00+00:00,1781341200000,63806.0,63867.65,63742.57,63743.12,301.95833
2026-06-13 10:00:00+00:00,1781344800000,63743.13,63908.48,63726.57,63843.01,188.76787
2026-06-13 11:00:00+00:00,1781348400000,63843.01,63984.53,63843.01,63971.28,479.05156
2026-06-13 12:00:00+00:00,1781352000000,63971.28,64214.0,63921.33,64133.12,878.04841
2026-06-13 13:00:00+00:00,1781355600000,64133.12,64245.88,64060.0,64102.69,499.73169
2026-06-13 14:00:00+00:00,1781359200000,64102.61,64233.73,64090.09,64220.97,206.46033
2026-06-13 15:00:00+00:00,1781362800000,64220.96,64350.0,64186.97,64296.15,584.92205
2026-06-13 16:00:00+00:00,1781366400000,64296.15,64307.52,63920.05,64029.17,720.7481
2026-06-13 17:00:00+00:00,1781370000000,64029.17,64120.0,63944.0,63971.19,301.75645
2026-06-13 18:00:00+00:00,1781373600000,63971.2,64282.19,63971.19,64161.46,278.72154
2026-06-13 19:00:00+00:00,1781377200000,64161.46,64333.62,64152.0,64296.59,308.7181
2026-06-13 20:00:00+00:00,1781380800000,64296.59,64296.6,64226.83,64278.31,179.3189
2026-06-13 21:00:00+00:00,1781384400000,64278.31,64762.77,64226.38,64471.04,552.39519
2026-06-13 22:00:00+00:00,1781388000000,64471.04,64556.0,64383.61,64456.47,316.2712
2026-06-13 23:00:00+00:00,1781391600000,64456.46,64596.99,64382.42,64458.01,589.21574
2026-06-14 00:00:00+00:00,1781395200000,64458.01,64579.03,64380.7,64565.0,595.05205
2026-06-14 01:00:00+00:00,1781398800000,64565.01,64710.0,64507.25,64563.0,821.19702
2026-06-14 02:00:00+00:00,1781402400000,64563.0,64636.0,64476.01,64490.01,260.23317
2026-06-14 03:00:00+00:00,1781406000000,64490.01,64545.4,64466.0,64545.3,155.67419
2026-06-14 04:00:00+00:00,1781409600000,64545.3,64563.48,64325.61,64339.07,253.74802
2026-06-14 05:00:00+00:00,1781413200000,64339.07,64411.2,64293.41,64338.0,429.46847
2026-06-14 06:00:00+00:00,1781416800000,64338.0,64487.8,64232.12,64286.1,839.75348
2026-06-14 07:00:00+00:00,1781420400000,64286.1,64445.95,64214.0,64429.39,256.82492
2026-06-14 08:00:00+00:00,1781424000000,64429.39,64513.82,64392.0,64456.33,192.66954
2026-06-14 09:00:00+00:00,1781427600000,64456.33,64617.99,64321.18,64616.0,237.3813
2026-06-14 10:00:00+00:00,1781431200000,64616.0,64664.0,64498.01,64521.13,184.13016
2026-06-14 11:00:00+00:00,1781434800000,64521.13,64641.9,64460.0,64546.0,228.11339
2026-06-14 12:00:00+00:00,1781438400000,64546.01,64560.66,64295.06,64327.53,334.09454
2026-06-14 13:00:00+00:00,1781442000000,64327.54,64398.14,64244.0,64317.99,308.61157
2026-06-14 14:00:00+00:00,1781445600000,64318.0,64341.43,63866.66,63983.55,781.47067
2026-06-14 15:00:00+00:00,1781449200000,63983.56,64153.75,63980.35,64025.07,366.74561
2026-06-14 16:00:00+00:00,1781452800000,64025.06,64208.92,63936.0,63942.63,256.58722
2026-06-14 17:00:00+00:00,1781456400000,63942.63,64019.38,63694.11,63732.64,617.57994
2026-06-14 18:00:00+00:00,1781460000000,63732.65,63813.3,63678.83,63813.3,258.88821
2026-06-14 19:00:00+00:00,1781463600000,63813.3,63861.86,63734.71,63802.0,107.594
2026-06-14 20:00:00+00:00,1781467200000,63801.99,64092.4,63794.09,64008.64,243.2036
2026-06-14 21:00:00+00:00,1781470800000,64008.64,65666.0,64007.24,65311.59,2955.01268
2026-06-14 22:00:00+00:00,1781474400000,65311.59,65580.0,64946.12,65426.78,1554.15469
2026-06-14 23:00:00+00:00,1781478000000,65426.78,65800.0,65256.21,65746.45,964.84531
2026-06-15 00:00:00+00:00,1781481600000,65746.45,65923.0,65480.69,65625.99,1043.52596
2026-06-15 01:00:00+00:00,1781485200000,65626.0,65734.87,65354.0,65525.0,855.38843
2026-06-15 02:00:00+00:00,1781488800000,65525.01,65775.15,65415.02,65472.01,587.73145
2026-06-15 03:00:00+00:00,1781492400000,65472.01,65995.0,65422.83,65927.1,767.65798
2026-06-15 04:00:00+00:00,1781496000000,65927.11,65927.11,65633.28,65644.01,564.25779
2026-06-15 05:00:00+00:00,1781499600000,65644.0,65872.0,65611.01,65858.01,477.26671
2026-06-15 06:00:00+00:00,1781503200000,65858.0,65967.27,65775.45,65812.01,365.24859
2026-06-15 07:00:00+00:00,1781506800000,65812.01,66000.0,65628.45,65674.76,574.31747
2026-06-15 08:00:00+00:00,1781510400000,65674.76,65800.0,65620.0,65662.01,363.0048
2026-06-15 09:00:00+00:00,1781514000000,65662.0,65779.5,65512.0,65596.86,344.30264
2026-06-15 10:00:00+00:00,1781517600000,65596.86,65973.15,65584.37,65917.37,544.78922
2026-06-15 11:00:00+00:00,1781521200000,65917.37,66385.12,65832.78,66233.9,1293.72734
2026-06-15 12:00:00+00:00,1781524800000,66233.89,66600.91,66106.0,66563.49,987.26981
2026-06-15 13:00:00+00:00,1781528400000,66563.48,66949.22,66412.0,66447.05,1919.26303
2026-06-15 14:00:00+00:00,1781532000000,66447.06,66675.83,66251.58,66591.55,940.8464
2026-06-15 15:00:00+00:00,1781535600000,66591.54,67292.15,66580.42,67292.14,1466.9579
2026-06-15 16:00:00+00:00,1781539200000,67292.15,67292.15,67088.83,67157.99,1096.95936
2026-06-15 17:00:00+00:00,1781542800000,67158.0,67158.0,66585.26,66851.79,1340.24388
2026-06-15 18:00:00+00:00,1781546400000,66851.8,66933.86,66715.61,66766.12,590.69175
2026-06-15 19:00:00+00:00,1781550000000,66766.13,66889.85,66348.0,66614.35,780.39583
2026-06-15 20:00:00+00:00,1781553600000,66615.98,66681.3,66489.86,66519.98,339.47285
2026-06-15 21:00:00+00:00,1781557200000,66519.99,66567.38,66314.34,66368.15,347.81382
2026-06-15 22:00:00+00:00,1781560800000,66368.15,66476.64,66076.56,66206.34,520.15584
2026-06-15 23:00:00+00:00,1781564400000,66206.34,66368.0,66116.59,66328.74,448.51217
2026-06-16 00:00:00+00:00,1781568000000,66328.74,66463.26,66242.0,66250.0,457.62239
2026-06-16 01:00:00+00:00,1781571600000,66250.0,66418.01,66248.93,66346.52,456.63949
2026-06-16 02:00:00+00:00,1781575200000,66346.51,66367.69,65678.14,65741.99,964.73227
2026-06-16 03:00:00+00:00,1781578800000,65742.0,66166.61,65650.0,66165.21,802.10485
2026-06-16 04:00:00+00:00,1781582400000,66165.21,66301.83,65802.0,65840.09,694.50218
2026-06-16 05:00:00+00:00,1781586000000,65840.1,66150.22,65840.09,66045.0,739.41945
2026-06-16 06:00:00+00:00,1781589600000,66044.99,66572.99,66044.99,66446.0,556.56171
2026-06-16 07:00:00+00:00,1781593200000,66446.01,66527.23,66300.1,66372.0,385.79165
2026-06-16 08:00:00+00:00,1781596800000,66372.0,66992.0,66345.06,66899.61,688.96018
2026-06-16 09:00:00+00:00,1781600400000,66899.61,66923.99,66474.74,66510.0,600.75927
2026-06-16 10:00:00+00:00,1781604000000,66510.01,66778.0,66486.38,66514.0,387.22813
2026-06-16 11:00:00+00:00,1781607600000,66514.01,66643.23,66368.36,66481.73,467.239
2026-06-16 12:00:00+00:00,1781611200000,66481.73,66818.0,66368.0,66429.83,562.31913
2026-06-16 13:00:00+00:00,1781614800000,66429.84,66463.13,65928.16,66052.0,1347.85119
2026-06-16 14:00:00+00:00,1781618400000,66052.01,66265.8,65360.92,65654.9,1491.76291
2026-06-16 15:00:00+00:00,1781622000000,65654.9,65999.78,65614.3,65859.76,788.81576
2026-06-16 16:00:00+00:00,1781625600000,65859.76,65953.97,65706.0,65758.07,338.72091
2026-06-16 17:00:00+00:00,1781629200000,65758.07,66011.47,65710.34,65978.79,383.38742
2026-06-16 18:00:00+00:00,1781632800000,65978.78,66248.69,65802.0,65847.99,522.72648
2026-06-16 19:00:00+00:00,1781636400000,65848.0,65848.0,65560.0,65675.88,617.37667
2026-06-16 20:00:00+00:00,1781640000000,65675.89,65865.92,65592.0,65854.0,261.11445
2026-06-16 21:00:00+00:00,1781643600000,65854.0,65938.0,65654.9,65776.97,351.42219
2026-06-16 22:00:00+00:00,1781647200000,65776.97,65882.0,65680.0,65780.0,228.62751
2026-06-16 23:00:00+00:00,1781650800000,65780.01,65834.19,65626.9,65675.01,206.37282
2026-06-17 00:00:00+00:00,1781654400000,65675.02,65848.0,65675.02,65700.0,332.30374
2026-06-17 01:00:00+00:00,1781658000000,65700.0,65956.56,65477.5,65940.0,549.42502
2026-06-17 02:00:00+00:00,1781661600000,65940.0,66200.0,65788.0,65904.0,974.93815
2026-06-17 03:00:00+00:00,1781665200000,65903.99,65904.0,65703.45,65851.99,563.57309
2026-06-17 04:00:00+00:00,1781668800000,65852.0,66048.19,65788.31,65892.0,473.33682
2026-06-17 05:00:00+00:00,1781672400000,65892.01,65978.0,65746.51,65836.3,536.04504
2026-06-17 06:00:00+00:00,1781676000000,65836.3,65896.45,65582.63,65624.0,378.80773
2026-06-17 07:00:00+00:00,1781679600000,65624.01,65710.0,65251.0,65539.5,697.28548
2026-06-17 08:00:00+00:00,1781683200000,65539.51,65574.0,64833.07,64926.02,992.25057
2026-06-17 09:00:00+00:00,1781686800000,64926.02,65076.76,64842.01,64909.44,859.97592
2026-06-17 10:00:00+00:00,1781690400000,64909.44,64993.97,64768.0,64798.0,597.7384
2026-06-17 11:00:00+00:00,1781694000000,64798.0,64868.21,64565.0,64810.01,641.24645
2026-06-17 12:00:00+00:00,1781697600000,64810.01,65108.0,64590.53,65040.88,557.73466
2026-06-17 13:00:00+00:00,1781701200000,65040.88,65369.53,64850.0,65278.0,961.56723
2026-06-17 14:00:00+00:00,1781704800000,65278.0,65461.38,64772.72,65101.45,799.61288
2026-06-17 15:00:00+00:00,1781708400000,65101.45,65855.66,64987.74,65752.0,1172.17515
2026-06-17 16:00:00+00:00,1781712000000,65751.99,66445.93,65722.0,65864.12,1421.90632
2026-06-17 17:00:00+00:00,1781715600000,65864.13,66191.98,65800.0,66104.08,377.59846
2026-06-17 18:00:00+00:00,1781719200000,66107.99,66107.99,64800.0,65516.0,2242.57142
2026-06-17 19:00:00+00:00,1781722800000,65516.0,65666.0,63998.35,64301.85,2173.5643
2026-06-17 20:00:00+00:00,1781726400000,64301.85,64488.96,64181.33,64434.36,504.85432
2026-06-17 21:00:00+00:00,1781730000000,64434.36,64452.0,64142.0,64257.77,458.08471
2026-06-17 22:00:00+00:00,1781733600000,64257.77,64434.84,63915.77,64300.01,492.23769
2026-06-17 23:00:00+00:00,1781737200000,64300.01,64529.2,64248.0,64509.4,289.82054
2026-06-18 00:00:00+00:00,1781740800000,64509.4,64702.0,64457.67,64468.01,396.7915
2026-06-18 01:00:00+00:00,1781744400000,64468.01,64806.0,64466.3,64548.74,382.95414
2026-06-18 02:00:00+00:00,1781748000000,64548.75,64776.66,64488.0,64689.5,323.93999
2026-06-18 03:00:00+00:00,1781751600000,64689.5,64689.5,64267.86,64282.82,548.57792
2026-06-18 04:00:00+00:00,1781755200000,64282.82,64347.09,63826.93,63883.41,831.20199
2026-06-18 05:00:00+00:00,1781758800000,63883.26,64020.0,63696.29,63994.0,597.91477
2026-06-18 06:00:00+00:00,1781762400000,63994.0,64134.33,63850.0,64083.41,767.55142
2026-06-18 07:00:00+00:00,1781766000000,64084.0,64510.5,64015.42,64510.44,524.85633
2026-06-18 08:00:00+00:00,1781769600000,64510.45,64646.75,64378.25,64399.92,714.20438
2026-06-18 09:00:00+00:00,1781773200000,64399.93,64478.0,64196.14,64199.53,300.31875
2026-06-18 10:00:00+00:00,1781776800000,64199.53,64223.79,63910.0,64078.61,445.57306
2026-06-18 11:00:00+00:00,1781780400000,64078.61,64196.0,63878.14,63974.4,378.00473
2026-06-18 12:00:00+00:00,1781784000000,63974.4,64402.01,63922.0,64378.07,417.60478
2026-06-18 13:00:00+00:00,1781787600000,64378.06,64445.19,63800.0,63984.0,984.80789
2026-06-18 14:00:00+00:00,1781791200000,63983.99,64203.66,63587.3,63816.61,998.41474
2026-06-18 15:00:00+00:00,1781794800000,63816.61,63825.99,62293.76,62369.44,2793.66043
2026-06-18 16:00:00+00:00,1781798400000,62369.43,62814.0,62349.42,62688.0,1271.71361
2026-06-18 17:00:00+00:00,1781802000000,62688.0,62750.0,62272.07,62606.0,1003.68212
2026-06-18 18:00:00+00:00,1781805600000,62606.0,62959.75,62580.01,62708.92,727.06223
2026-06-18 19:00:00+00:00,1781809200000,62708.93,63008.33,62636.0,62950.79,577.63764
2026-06-18 20:00:00+00:00,1781812800000,62950.79,63274.19,62950.79,63086.0,684.93429
2026-06-18 21:00:00+00:00,1781816400000,63086.0,63121.81,62870.39,62971.32,466.34172
2026-06-18 22:00:00+00:00,1781820000000,62971.32,62990.0,62742.0,62885.85,290.36064
2026-06-18 23:00:00+00:00,1781823600000,62885.84,62985.12,62756.6,62958.01,507.48754
2026-06-19 00:00:00+00:00,1781827200000,62958.01,63086.0,62840.0,63020.0,786.22825
2026-06-19 01:00:00+00:00,1781830800000,63020.0,63100.0,62852.01,63021.86,542.43308
2026-06-19 02:00:00+00:00,1781834400000,63021.86,63110.29,62893.71,63006.0,304.818
2026-06-19 03:00:00+00:00,1781838000000,63006.01,63029.64,62386.9,62773.51,835.4402
2026-06-19 04:00:00+00:00,1781841600000,62773.52,62916.66,62409.55,62452.01,390.96231
2026-06-19 05:00:00+00:00,1781845200000,62452.01,62744.92,62452.0,62739.2,361.83315
2026-06-19 06:00:00+00:00,1781848800000,62739.2,62914.73,62728.0,62894.08,252.94439
2026-06-19 07:00:00+00:00,1781852400000,62894.09,62917.32,62504.27,62629.99,636.21109
2026-06-19 08:00:00+00:00,1781856000000,62630.0,62782.0,62533.33,62603.99,431.84041
2026-06-19 09:00:00+00:00,1781859600000,62604.0,62654.0,62316.44,62390.0,921.6732
2026-06-19 10:00:00+00:00,1781863200000,62390.01,62587.27,62383.76,62533.25,761.99981
2026-06-19 11:00:00+00:00,1781866800000,62533.24,62684.0,62452.52,62626.0,1001.15104
2026-06-19 12:00:00+00:00,1781870400000,62626.0,62872.99,62353.0,62830.01,630.52118
2026-06-19 13:00:00+00:00,1781874000000,62830.01,63415.0,62666.0,63210.0,1078.35943
2026-06-19 14:00:00+00:00,1781877600000,63210.0,63419.27,63010.0,63203.53,665.42698
2026-06-19 15:00:00+00:00,1781881200000,63203.54,63283.86,63019.26,63214.01,527.206
2026-06-19 16:00:00+00:00,1781884800000,63214.01,63387.8,62918.98,62971.99,1021.4111
2026-06-19 17:00:00+00:00,1781888400000,62972.0,63263.49,62866.99,63198.01,840.75861
2026-06-19 18:00:00+00:00,1781892000000,63198.0,63201.95,62991.37,63110.01,341.96414
2026-06-19 19:00:00+00:00,1781895600000,63110.01,63140.0,62942.0,63021.6,283.46164
2026-06-19 20:00:00+00:00,1781899200000,63021.6,63274.0,62958.59,63250.01,217.92541
2026-06-19 21:00:00+00:00,1781902800000,63250.01,63275.64,63060.0,63075.98,181.69443
2026-06-19 22:00:00+00:00,1781906400000,63075.99,63369.48,63048.0,63315.28,541.93138
2026-06-19 23:00:00+00:00,1781910000000,63315.29,63666.0,63276.0,63543.91,689.22877
2026-06-20 00:00:00+00:00,1781913600000,63543.9,63777.0,63470.0,63530.01,640.14667
2026-06-20 01:00:00+00:00,1781917200000,63530.01,63616.23,63404.0,63586.28,348.64849
2026-06-20 02:00:00+00:00,1781920800000,63586.27,63586.27,63336.01,63340.57,358.87789
2026-06-20 03:00:00+00:00,1781924400000,63340.58,63510.0,63320.14,63476.79,268.88477
2026-06-20 04:00:00+00:00,1781928000000,63476.79,63613.59,63402.0,63583.53,228.62975
2026-06-20 05:00:00+00:00,1781931600000,63583.53,63907.07,63543.46,63678.07,477.24749
2026-06-20 06:00:00+00:00,1781935200000,63678.07,63761.99,63640.36,63744.61,191.88822
2026-06-20 07:00:00+00:00,1781938800000,63744.61,63800.0,63594.37,63655.21,448.4829
2026-06-20 08:00:00+00:00,1781942400000,63655.21,63664.39,63392.41,63417.97,547.04803
2026-06-20 09:00:00+00:00,1781946000000,63417.98,63787.74,63417.98,63741.16,349.02093
2026-06-20 10:00:00+00:00,1781949600000,63741.16,63777.5,63592.44,63674.7,270.1692
2026-06-20 11:00:00+00:00,1781953200000,63674.71,63798.76,63620.74,63688.0,315.13807
2026-06-20 12:00:00+00:00,1781956800000,63688.0,63785.76,63537.99,63655.09,292.10361
2026-06-20 13:00:00+00:00,1781960400000,63655.1,63655.1,63278.0,63397.78,412.69589
2026-06-20 14:00:00+00:00,1781964000000,63397.77,64150.0,63184.21,63949.9,1101.98952
2026-06-20 15:00:00+00:00,1781967600000,63949.9,64388.0,63836.0,64160.04,916.57166
2026-06-20 16:00:00+00:00,1781971200000,64160.04,64167.26,63902.58,64034.31,403.42996
2026-06-20 17:00:00+00:00,1781974800000,64034.31,64041.07,63730.21,63834.7,482.18112
2026-06-20 18:00:00+00:00,1781978400000,63834.7,63928.4,63788.0,63805.89,119.99479
2026-06-20 19:00:00+00:00,1781982000000,63805.9,63968.0,63798.0,63936.0,173.41555
2026-06-20 20:00:00+00:00,1781985600000,63935.99,63981.09,63853.31,63925.99,210.00109
2026-06-20 21:00:00+00:00,1781989200000,63926.0,64092.91,63918.29,64012.4,272.00511
2026-06-20 22:00:00+00:00,1781992800000,64012.39,64350.0,63978.12,64272.01,446.43904
2026-06-20 23:00:00+00:00,1781996400000,64272.0,64336.91,64250.02,64298.01,247.09349
2026-06-21 00:00:00+00:00,1782000000000,64298.01,64322.91,64237.31,64294.0,425.19081
2026-06-21 01:00:00+00:00,1782003600000,64294.0,64323.68,64206.17,64248.0,486.06931
2026-06-21 02:00:00+00:00,1782007200000,64248.0,64275.12,64216.05,64241.25,230.0633
2026-06-21 03:00:00+00:00,1782010800000,64241.26,64472.99,64234.0,64426.0,409.22163
2026-06-21 04:00:00+00:00,1782014400000,64426.0,64588.0,64269.45,64276.12,379.39058
2026-06-21 05:00:00+00:00,1782018000000,64276.12,64365.43,64225.6,64256.55,166.55047
2026-06-21 06:00:00+00:00,1782021600000,64256.56,64323.99,64200.0,64303.46,142.55901
2026-06-21 07:00:00+00:00,1782025200000,64303.47,64303.47,64173.08,64191.07,302.97907
2026-06-21 08:00:00+00:00,1782028800000,64191.06,64228.0,63900.17,64014.0,328.07237
2026-06-21 09:00:00+00:00,1782032400000,64014.0,64246.0,63961.28,64209.16,221.03822
2026-06-21 10:00:00+00:00,1782036000000,64209.16,64408.0,64204.0,64365.99,286.23088
2026-06-21 11:00:00+00:00,1782039600000,64366.0,64483.95,64112.01,64176.0,438.27788
2026-06-21 12:00:00+00:00,1782043200000,64176.0,64235.13,63952.0,64200.0,359.32606
2026-06-21 13:00:00+00:00,1782046800000,64200.0,64200.0,64020.01,64146.0,161.65202
2026-06-21 14:00:00+00:00,1782050400000,64146.0,64154.0,64004.0,64145.97,189.32902
2026-06-21 15:00:00+00:00,1782054000000,64145.97,64355.88,64120.0,64224.0,390.79222
2026-06-21 16:00:00+00:00,1782057600000,64224.0,64254.38,64046.0,64145.31,236.79134
2026-06-21 17:00:00+00:00,1782061200000,64145.32,64221.44,64080.0,64151.46,205.04149
2026-06-21 18:00:00+00:00,1782064800000,64151.47,64240.0,63933.47,64213.81,270.92869
2026-06-21 19:00:00+00:00,1782068400000,64213.82,64298.84,64168.73,64207.12,189.28721
2026-06-21 20:00:00+00:00,1782072000000,64207.13,64271.21,63700.0,63848.0,420.72845
2026-06-21 21:00:00+00:00,1782075600000,63848.0,63969.59,63510.0,63808.01,752.88497
2026-06-21 22:00:00+00:00,1782079200000,63808.0,63864.0,63575.04,63801.59,437.50041
2026-06-21 23:00:00+00:00,1782082800000,63801.6,63801.6,63270.0,63311.99,604.75792
2026-06-22 00:00:00+00:00,1782086400000,63312.0,64094.0,63312.0,63896.01,709.82748
2026-06-22 01:00:00+00:00,1782090000000,63896.0,64823.52,63850.8,64606.0,1331.90666
2026-06-22 02:00:00+00:00,1782093600000,64606.0,64663.99,64250.0,64257.99,370.38632
2026-06-22 03:00:00+00:00,1782097200000,64258.0,64459.44,63894.98,63974.01,796.48727
2026-06-22 04:00:00+00:00,1782100800000,63974.01,64116.44,63868.41,64100.02,327.45142
2026-06-22 05:00:00+00:00,1782104400000,64100.01,64344.17,64088.64,64247.74,1091.63692
2026-06-22 06:00:00+00:00,1782108000000,64247.74,64326.0,63946.0,63989.95,416.9007
2026-06-22 07:00:00+00:00,1782111600000,63989.96,64397.57,63968.23,64211.19,352.4108
2026-06-22 08:00:00+00:00,1782115200000,64211.2,64350.58,64044.0,64165.99,368.11506
2026-06-22 09:00:00+00:00,1782118800000,64166.0,64256.2,64052.17,64145.39,200.06309
2026-06-22 10:00:00+00:00,1782122400000,64145.4,64272.0,64065.18,64139.21,240.0862
2026-06-22 11:00:00+00:00,1782126000000,64139.21,64768.46,64097.08,64657.22,1063.60877
2026-06-22 12:00:00+00:00,1782129600000,64657.22,65222.45,64579.08,65149.57,1156.05989
2026-06-22 13:00:00+00:00,1782133200000,65149.58,65589.76,64945.53,65578.0,1368.64481
2026-06-22 14:00:00+00:00,1782136800000,65577.99,65622.83,64835.0,64980.39,1096.28772
2026-06-22 15:00:00+00:00,1782140400000,64980.39,65146.0,64757.11,64836.95,593.12998
2026-06-22 16:00:00+00:00,1782144000000,64836.95,64862.0,64519.0,64719.77,680.43904
2026-06-22 17:00:00+00:00,1782147600000,64719.77,64769.98,64388.16,64602.0,523.74444
2026-06-22 18:00:00+00:00,1782151200000,64602.0,64730.15,64311.0,64334.01,548.78709
2026-06-22 19:00:00+00:00,1782154800000,64334.01,64499.28,64276.0,64472.0,579.92511
2026-06-22 20:00:00+00:00,1782158400000,64472.51,64659.43,64356.95,64433.8,399.51938
2026-06-22 21:00:00+00:00,1782162000000,64433.8,64480.0,64134.39,64320.57,263.4342
2026-06-22 22:00:00+00:00,1782165600000,64320.57,64396.45,63804.59,63971.12,510.07647
2026-06-22 23:00:00+00:00,1782169200000,63971.13,64053.33,63877.61,64020.01,434.17969
2026-06-23 00:00:00+00:00,1782172800000,64020.01,64162.02,63828.93,64154.99,679.20038
2026-06-23 01:00:00+00:00,1782176400000,64154.99,64273.09,63893.33,64156.0,540.18098
2026-06-23 02:00:00+00:00,1782180000000,64156.0,64275.38,64042.01,64204.01,319.7542
2026-06-23 03:00:00+00:00,1782183600000,64204.01,64204.01,63968.42,64065.35,236.76285
2026-06-23 04:00:00+00:00,1782187200000,64065.34,64095.55,63612.62,63623.02,408.1299
2026-06-23 05:00:00+00:00,1782190800000,63623.03,63728.0,63342.34,63400.0,850.99416
2026-06-23 06:00:00+00:00,1782194400000,63400.0,63400.0,62568.9,62936.01,1620.65692
2026-06-23 07:00:00+00:00,1782198000000,62936.01,63095.0,62872.0,62886.03,1074.96381
2026-06-23 08:00:00+00:00,1782201600000,62886.04,62945.08,61938.0,62385.99,4988.90507
2026-06-23 09:00:00+00:00,1782205200000,62386.0,62528.13,62350.44,62386.0,613.23414
2026-06-23 10:00:00+00:00,1782208800000,62386.0,62586.0,62247.2,62328.01,387.47153
2026-06-23 11:00:00+00:00,1782212400000,62328.01,62643.99,62328.0,62507.06,456.80185
2026-06-23 12:00:00+00:00,1782216000000,62507.05,62558.0,62189.42,62256.6,873.94501
2026-06-23 13:00:00+00:00,1782219600000,62256.61,62538.72,61960.0,62475.99,1294.09387
2026-06-23 14:00:00+00:00,1782223200000,62476.0,62855.98,62406.25,62493.63,1302.27666
2026-06-23 15:00:00+00:00,1782226800000,62493.63,62507.99,62198.0,62487.79,630.16435
2026-06-23 16:00:00+00:00,1782230400000,62487.79,62846.0,62428.01,62558.0,728.22737
2026-06-23 17:00:00+00:00,1782234000000,62558.0,62693.48,62327.95,62358.02,533.28034
2026-06-23 18:00:00+00:00,1782237600000,62358.03,62445.21,62104.7,62241.99,492.79838
2026-06-23 19:00:00+00:00,1782241200000,62242.0,62480.0,62230.0,62388.49,707.45732
2026-06-23 20:00:00+00:00,1782244800000,62388.49,62531.27,62380.25,62470.7,373.02429
2026-06-23 21:00:00+00:00,1782248400000,62470.7,62658.93,62470.7,62599.77,367.76027
2026-06-23 22:00:00+00:00,1782252000000,62599.77,62779.82,62526.0,62590.0,430.92568
2026-06-23 23:00:00+00:00,1782255600000,62590.0,62799.99,62480.39,62734.57,311.98359
2026-06-24 00:00:00+00:00,1782259200000,62734.57,63024.4,62733.29,63014.0,799.18478
2026-06-24 01:00:00+00:00,1782262800000,63014.0,63119.45,62772.15,62932.19,599.06927
2026-06-24 02:00:00+00:00,1782266400000,62932.19,63013.12,62606.09,62630.0,593.50541
2026-06-24 03:00:00+00:00,1782270000000,62630.01,62830.0,62461.87,62729.78,770.64134
2026-06-24 04:00:00+00:00,1782273600000,62729.78,62799.62,62525.49,62744.42,650.06924
2026-06-24 05:00:00+00:00,1782277200000,62744.41,63073.44,62706.0,62890.0,366.0273
2026-06-24 06:00:00+00:00,1782280800000,62889.99,62909.98,62728.73,62780.0,219.5109
2026-06-24 07:00:00+00:00,1782284400000,62780.01,62844.0,62610.11,62657.99,589.75592
2026-06-24 08:00:00+00:00,1782288000000,62658.0,62807.46,62605.28,62800.0,475.30761
2026-06-24 09:00:00+00:00,1782291600000,62800.0,62800.01,62637.08,62681.7,493.71643
2026-06-24 10:00:00+00:00,1782295200000,62681.7,62681.7,62412.05,62445.99,530.71886
2026-06-24 11:00:00+00:00,1782298800000,62445.99,63239.06,62318.88,62921.19,815.18681
2026-06-24 12:00:00+00:00,1782302400000,62921.19,62973.2,62585.2,62618.31,517.25346
2026-06-24 13:00:00+00:00,1782306000000,62618.31,62628.75,61255.74,61338.01,2775.24015
2026-06-24 14:00:00+00:00,1782309600000,61338.0,61456.0,60888.0,61113.1,2839.40106
2026-06-24 15:00:00+00:00,1782313200000,61113.1,61150.13,60249.82,60250.0,3237.99155
2026-06-24 16:00:00+00:00,1782316800000,60250.0,60678.1,59622.0,59850.0,4274.39737
2026-06-24 17:00:00+00:00,1782320400000,59850.0,60057.18,59102.7,59404.0,3790.1806
2026-06-24 18:00:00+00:00,1782324000000,59404.0,59930.0,59310.85,59599.99,1583.51728
2026-06-24 19:00:00+00:00,1782327600000,59600.0,60000.0,59530.0,59958.3,1195.52715
2026-06-24 20:00:00+00:00,1782331200000,59958.3,61208.48,59854.0,60956.0,1821.39287
2026-06-24 21:00:00+00:00,1782334800000,60956.0,61144.63,60665.75,61110.0,801.00882
2026-06-24 22:00:00+00:00,1782338400000,61109.99,61276.0,60802.66,60873.99,523.65642
2026-06-24 23:00:00+00:00,1782342000000,60874.0,61112.0,60830.01,61077.99,416.02483
2026-06-25 00:00:00+00:00,1782345600000,61078.0,61163.16,60726.77,60832.0,766.62145
2026-06-25 01:00:00+00:00,1782349200000,60832.0,60988.0,60720.23,60928.0,615.84376
2026-06-25 02:00:00+00:00,1782352800000,60928.0,60966.0,60700.01,60799.08,580.03112
2026-06-25 03:00:00+00:00,1782356400000,60799.08,60910.63,60684.94,60883.65,479.47033
2026-06-25 04:00:00+00:00,1782360000000,60883.66,61410.0,60792.0,61357.63,536.03927
2026-06-25 05:00:00+00:00,1782363600000,61357.63,61807.04,61280.0,61600.01,1223.4059
2026-06-25 06:00:00+00:00,1782367200000,61600.02,61869.02,61600.01,61732.06,539.2877
2026-06-25 07:00:00+00:00,1782370800000,61732.06,61962.4,61670.0,61911.04,937.71339
2026-06-25 08:00:00+00:00,1782374400000,61911.03,61920.0,61684.87,61712.35,337.43778
2026-06-25 09:00:00+00:00,1782378000000,61712.36,61792.0,61614.32,61739.29,327.48572
2026-06-25 10:00:00+00:00,1782381600000,61739.29,61751.07,61257.79,61269.94,686.26895
2026-06-25 11:00:00+00:00,1782385200000,61269.95,61422.52,61066.0,61282.01,605.95603
2026-06-25 12:00:00+00:00,1782388800000,61282.0,61761.35,61080.0,61244.01,1124.99959
2026-06-25 13:00:00+00:00,1782392400000,61244.01,61369.18,58115.01,58290.17,6396.00513
2026-06-25 14:00:00+00:00,1782396000000,58291.7,60485.51,58291.7,59471.5,6002.27451
2026-06-25 15:00:00+00:00,1782399600000,59471.49,59655.86,58874.85,59557.99,2456.01373
2026-06-25 16:00:00+00:00,1782403200000,59557.99,60067.0,59157.63,59312.64,1765.10919
2026-06-25 17:00:00+00:00,1782406800000,59312.64,59740.9,59139.96,59676.01,1062.87634
2026-06-25 18:00:00+00:00,1782410400000,59676.0,59793.34,59364.0,59512.71,978.75101
2026-06-25 19:00:00+00:00,1782414000000,59512.71,59516.0,59168.82,59320.0,917.28893
2026-06-25 20:00:00+00:00,1782417600000,59319.99,59741.95,59319.99,59456.62,539.40098
2026-06-25 21:00:00+00:00,1782421200000,59456.62,60273.81,59452.01,60211.87,617.22274
2026-06-25 22:00:00+00:00,1782424800000,60211.86,60211.86,59740.0,59851.27,431.60976
2026-06-25 23:00:00+00:00,1782428400000,59851.27,60191.55,59739.99,59794.0,458.89363
2026-06-26 00:00:00+00:00,1782432000000,59794.64,59906.71,59642.77,59667.09,875.61527
2026-06-26 01:00:00+00:00,1782435600000,59667.09,59789.07,59228.0,59431.5,833.71293
2026-06-26 02:00:00+00:00,1782439200000,59431.49,59456.0,58358.77,58561.99,2633.6835
2026-06-26 03:00:00+00:00,1782442800000,58562.0,60131.37,58337.0,60036.01,1886.07235
2026-06-26 04:00:00+00:00,1782446400000,60036.0,60238.77,59836.17,59920.47,843.9784
2026-06-26 05:00:00+00:00,1782450000000,59920.47,60047.68,59736.0,59953.3,883.13649
2026-06-26 06:00:00+00:00,1782453600000,59953.3,60459.55,59702.0,60324.0,1504.97927
2026-06-26 07:00:00+00:00,1782457200000,60324.0,60759.99,60283.08,60532.0,2153.07079
2026-06-26 08:00:00+00:00,1782460800000,60532.0,60580.0,60150.56,60245.67,803.85464
2026-06-26 09:00:00+00:00,1782464400000,60245.9,60259.37,59583.33,59736.01,832.22202
2026-06-26 10:00:00+00:00,1782468000000,59736.01,59858.93,59239.78,59313.26,1050.97441
2026-06-26 11:00:00+00:00,1782471600000,59313.26,59588.0,59259.78,59413.24,1048.3329
2026-06-26 12:00:00+00:00,1782475200000,59413.24,60007.91,58969.9,59185.02,1710.35381
2026-06-26 13:00:00+00:00,1782478800000,59185.02,60216.14,58500.1,60175.43,2730.33879
2026-06-26 14:00:00+00:00,1782482400000,60175.42,60294.0,59390.0,59590.73,1745.27867
2026-06-26 15:00:00+00:00,1782486000000,59590.73,60500.0,59584.01,60328.32,1582.87088
2026-06-26 16:00:00+00:00,1782489600000,60328.18,60583.0,59970.0,60041.75,1128.46917
2026-06-26 17:00:00+00:00,1782493200000,60041.76,60287.9,59952.0,60023.97,546.63522
2026-06-26 18:00:00+00:00,1782496800000,60023.96,60158.0,59556.0,59668.01,504.21141
2026-06-26 19:00:00+00:00,1782500400000,59668.01,60098.0,59617.37,59751.97,708.47753
2026-06-26 20:00:00+00:00,1782504000000,59751.96,59994.0,59571.31,59718.0,454.05927
2026-06-26 21:00:00+00:00,1782507600000,59717.99,60050.0,59678.0,59918.7,287.90036
2026-06-26 22:00:00+00:00,1782511200000,59918.7,60080.0,59754.0,60048.0,335.92054
2026-06-26 23:00:00+00:00,1782514800000,60048.0,60117.64,59923.27,60097.27,319.40861
2026-06-27 00:00:00+00:00,1782518400000,60097.27,60197.0,59876.22,60059.07,360.77885
2026-06-27 01:00:00+00:00,1782522000000,60059.09,60068.0,59936.07,59945.53,245.35114
2026-06-27 02:00:00+00:00,1782525600000,59945.53,60378.23,59921.68,60290.01,695.38686
2026-06-27 03:00:00+00:00,1782529200000,60290.01,60412.0,60159.91,60305.73,438.61125
2026-06-27 04:00:00+00:00,1782532800000,60305.73,60482.0,60217.26,60239.99,303.30454
2026-06-27 05:00:00+00:00,1782536400000,60240.0,60311.0,60136.0,60236.76,444.9193
2026-06-27 06:00:00+00:00,1782540000000,60236.75,60500.0,60093.33,60370.62,581.81791
2026-06-27 07:00:00+00:00,1782543600000,60370.63,60574.0,60300.0,60548.07,825.68653
2026-06-27 08:00:00+00:00,1782547200000,60548.06,60548.74,60371.62,60456.0,470.55782
2026-06-27 09:00:00+00:00,1782550800000,60456.0,60511.99,60289.55,60414.62,307.96541
2026-06-27 10:00:00+00:00,1782554400000,60414.62,60487.31,60380.0,60420.28,137.8511
2026-06-27 11:00:00+00:00,1782558000000,60420.28,60447.8,60198.94,60363.65,275.39332
2026-06-27 12:00:00+00:00,1782561600000,60363.65,60430.01,60257.03,60430.0,349.0457
2026-06-27 13:00:00+00:00,1782565200000,60430.0,60665.74,60394.0,60588.35,434.13389
2026-06-27 14:00:00+00:00,1782568800000,60588.35,60728.0,60510.0,60611.5,306.64293
2026-06-27 15:00:00+00:00,1782572400000,60611.49,60941.17,60570.0,60840.06,606.25294
2026-06-27 16:00:00+00:00,1782576000000,60840.06,60855.03,60673.64,60807.99,239.6938
2026-06-27 17:00:00+00:00,1782579600000,60808.0,60818.76,60413.15,60524.88,548.67896
2026-06-27 18:00:00+00:00,1782583200000,60524.89,60576.03,60446.25,60570.86,229.00634
2026-06-27 19:00:00+00:00,1782586800000,60570.86,60605.41,60085.88,60175.95,414.61342
2026-06-27 20:00:00+00:00,1782590400000,60175.95,60306.0,60173.07,60300.0,220.12001
2026-06-27 21:00:00+00:00,1782594000000,60300.0,60482.18,60142.0,60203.82,280.50282
2026-06-27 22:00:00+00:00,1782597600000,60203.83,60256.56,59855.16,60228.95,377.17485
2026-06-27 23:00:00+00:00,1782601200000,60228.96,60320.0,59952.0,60029.0,493.73947
2026-06-28 00:00:00+00:00,1782604800000,60029.01,60190.0,60018.0,60146.0,462.24707
2026-06-28 01:00:00+00:00,1782608400000,60146.0,60273.38,59986.0,60222.22,267.56528
2026-06-28 02:00:00+00:00,1782612000000,60222.21,60339.99,60054.0,60150.45,403.64282
2026-06-28 03:00:00+00:00,1782615600000,60150.46,60275.0,60150.45,60197.04,255.71231
2026-06-28 04:00:00+00:00,1782619200000,60197.03,60231.83,60088.04,60133.0,191.50597
2026-06-28 05:00:00+00:00,1782622800000,60133.01,60140.0,59753.48,59989.17,345.08439
2026-06-28 06:00:00+00:00,1782626400000,59989.18,60030.0,59808.0,60002.82,217.95005
2026-06-28 07:00:00+00:00,1782630000000,60002.82,60259.68,60000.0,60219.99,361.83587
2026-06-28 08:00:00+00:00,1782633600000,60220.0,60545.01,60140.14,60370.0,491.6084
2026-06-28 09:00:00+00:00,1782637200000,60370.01,60462.0,60250.81,60258.84,222.4062
2026-06-28 10:00:00+00:00,1782640800000,60258.85,60292.48,60068.0,60166.71,181.18756
2026-06-28 11:00:00+00:00,1782644400000,60166.71,60374.05,60100.0,60342.0,225.05378
2026-06-28 12:00:00+00:00,1782648000000,60341.99,60457.02,60190.0,60293.51,212.9354
2026-06-28 13:00:00+00:00,1782651600000,60293.5,60293.51,59963.86,60071.88,369.88204
2026-06-28 14:00:00+00:00,1782655200000,60071.89,60250.0,60018.0,60033.0,318.13606
2026-06-28 15:00:00+00:00,1782658800000,60033.01,60130.0,59817.28,59890.0,467.03244
2026-06-28 16:00:00+00:00,1782662400000,59890.35,59943.9,59582.34,59690.62,567.70369
2026-06-28 17:00:00+00:00,1782666000000,59690.62,59848.0,59403.77,59586.01,519.06441
2026-06-28 18:00:00+00:00,1782669600000,59586.0,59700.0,59502.0,59614.46,272.01169
2026-06-28 19:00:00+00:00,1782673200000,59614.46,59682.0,59270.26,59481.79,301.99561
2026-06-28 20:00:00+00:00,1782676800000,59481.78,59765.9,59474.28,59660.0,227.14803
2026-06-28 21:00:00+00:00,1782680400000,59660.0,59796.66,59333.33,59445.95,531.65984
2026-06-28 22:00:00+00:00,1782684000000,59445.96,59906.0,58905.0,59067.01,983.67622
2026-06-28 23:00:00+00:00,1782687600000,59067.0,59848.0,59011.99,59577.01,510.09283
2026-06-29 00:00:00+00:00,1782691200000,59577.01,59700.0,59000.01,59667.01,549.31747
2026-06-29 01:00:00+00:00,1782694800000,59667.0,59697.0,59206.0,59440.95,647.05387
2026-06-29 02:00:00+00:00,1782698400000,59440.95,59812.0,58900.01,59757.46,1223.86338
2026-06-29 03:00:00+00:00,1782702000000,59757.47,60233.0,59757.47,60049.46,780.88525
2026-06-29 04:00:00+00:00,1782705600000,60049.45,60053.99,59746.0,59830.0,361.46912
2026-06-29 05:00:00+00:00,1782709200000,59830.01,60102.8,59392.02,60102.8,496.75535
2026-06-29 06:00:00+00:00,1782712800000,60102.8,60346.27,60050.67,60075.49,683.16036
2026-06-29 07:00:00+00:00,1782716400000,60075.5,60186.94,59936.0,60026.0,536.94262
2026-06-29 08:00:00+00:00,1782720000000,60026.01,60093.99,59745.46,59840.0,550.67382
2026-06-29 09:00:00+00:00,1782723600000,59840.01,60104.0,59778.76,60057.0,747.08903
2026-06-29 10:00:00+00:00,1782727200000,60057.0,60311.95,60056.99,60088.0,441.90219
2026-06-29 11:00:00+00:00,1782730800000,60088.0,60216.0,59796.0,59956.05,515.67042
2026-06-29 12:00:00+00:00,1782734400000,59956.05,60780.57,59595.09,59948.78,2600.10754
2026-06-29 13:00:00+00:00,1782738000000,59948.79,60340.0,59319.9,59580.0,2144.2543
2026-06-29 14:00:00+00:00,1782741600000,59580.0,59699.99,59011.0,59469.67,1999.07246
2026-06-29 15:00:00+00:00,1782745200000,59469.45,59960.0,59097.58,59824.01,1368.0568
2026-06-29 16:00:00+00:00,1782748800000,59824.01,60030.0,59584.48,59892.86,663.03532
2026-06-29 17:00:00+00:00,1782752400000,59892.87,60683.84,59892.0,60413.99,1795.75633
2026-06-29 18:00:00+00:00,1782756000000,60413.99,60520.0,60193.87,60295.0,525.48841
2026-06-29 19:00:00+00:00,1782759600000,60295.0,60557.5,60153.35,60433.49,501.01522
2026-06-29 20:00:00+00:00,1782763200000,60433.5,60553.06,60295.32,60296.0,312.86249
2026-06-29 21:00:00+00:00,1782766800000,60296.01,60585.99,60261.89,60479.72,294.76243
2026-06-29 22:00:00+00:00,1782770400000,60479.71,60516.0,60350.0,60352.31,211.76202
2026-06-29 23:00:00+00:00,1782774000000,60352.31,60379.23,60194.01,60260.21,252.18558
2026-06-30 00:00:00+00:00,1782777600000,60260.2,60276.54,59700.0,59838.01,709.83194
2026-06-30 01:00:00+00:00,1782781200000,59838.01,60048.98,59771.0,59939.94,341.19535
2026-06-30 02:00:00+00:00,1782784800000,59939.94,60042.54,59755.0,59948.24,424.27619
2026-06-30 03:00:00+00:00,1782788400000,59948.24,60031.75,59600.0,59627.48,381.85931
2026-06-30 04:00:00+00:00,1782792000000,59627.47,59700.0,59433.36,59492.01,774.8482
2026-06-30 05:00:00+00:00,1782795600000,59492.01,59656.89,59360.0,59652.13,807.92024
2026-06-30 06:00:00+00:00,1782799200000,59652.13,59712.88,59513.72,59592.0,708.76994
2026-06-30 07:00:00+00:00,1782802800000,59592.0,59632.0,59444.0,59524.01,762.40668
2026-06-30 08:00:00+00:00,1782806400000,59524.01,59551.03,59189.0,59311.92,879.64073
2026-06-30 09:00:00+00:00,1782810000000,59311.26,59420.0,59252.0,59374.96,442.65865
2026-06-30 10:00:00+00:00,1782813600000,59374.96,59420.0,59286.36,59334.01,300.40182
2026-06-30 11:00:00+00:00,1782817200000,59334.01,59413.27,59123.01,59192.7,466.77156
2026-06-30 12:00:00+00:00,1782820800000,59192.71,59192.71,58403.51,58412.0,2043.39825
2026-06-30 13:00:00+00:00,1782824400000,58411.99,58802.66,58228.33,58737.18,2504.50868
2026-06-30 14:00:00+00:00,1782828000000,58737.17,59276.6,58433.0,58482.81,1779.99006
2026-06-30 15:00:00+00:00,1782831600000,58482.81,58796.0,58201.0,58381.99,1563.15031
2026-06-30 16:00:00+00:00,1782835200000,58382.0,58632.0,58241.79,58497.65,1178.89718
2026-06-30 17:00:00+00:00,1782838800000,58497.65,58618.65,58310.72,58417.99,632.53618
2026-06-30 18:00:00+00:00,1782842400000,58417.99,58699.98,58351.56,58680.87,605.07781
2026-06-30 19:00:00+00:00,1782846000000,58680.86,58839.16,58586.01,58818.05,678.6415
2026-06-30 20:00:00+00:00,1782849600000,58818.0,58874.99,58648.26,58732.01,428.82351
2026-06-30 21:00:00+00:00,1782853200000,58732.0,58770.0,58509.99,58639.99,398.14222
2026-06-30 22:00:00+00:00,1782856800000,58639.99,58806.91,58513.8,58607.99,274.43078
2026-06-30 23:00:00+00:00,1782860400000,58607.99,58664.0,58555.0,58624.71,551.65078
2026-07-01 00:00:00+00:00,1782864000000,58624.71,58750.68,58310.0,58576.0,670.64661
2026-07-01 01:00:00+00:00,1782867600000,58575.99,59022.81,57800.19,58770.57,2987.12539
2026-07-01 02:00:00+00:00,1782871200000,58770.58,59171.63,58663.95,59085.0,692.74758
2026-07-01 03:00:00+00:00,1782874800000,59085.0,59318.0,58850.0,59197.13,715.44075
2026-07-01 04:00:00+00:00,1782878400000,59197.12,59457.0,59062.0,59339.99,480.11636
2026-07-01 05:00:00+00:00,1782882000000,59339.99,59376.48,59126.42,59154.33,432.30487
2026-07-01 06:00:00+00:00,1782885600000,59154.33,59156.0,58534.31,58755.8,794.13401
2026-07-01 07:00:00+00:00,1782889200000,58755.8,58823.9,58600.0,58768.65,479.85852
2026-07-01 08:00:00+00:00,1782892800000,58768.64,58984.0,58500.0,58973.99,381.93254
2026-07-01 09:00:00+00:00,1782896400000,58973.99,59091.99,58825.61,58944.55,417.79405
2026-07-01 10:00:00+00:00,1782900000000,58944.55,58948.47,58624.0,58659.98,405.70309
2026-07-01 11:00:00+00:00,1782903600000,58659.97,58755.9,58550.0,58622.03,396.69177
2026-07-01 12:00:00+00:00,1782907200000,58622.02,58676.0,58326.0,58538.01,1716.61119
2026-07-01 13:00:00+00:00,1782910800000,58538.0,59508.0,58536.0,59498.03,2321.79547
2026-07-01 14:00:00+00:00,1782914400000,59498.03,60092.0,59278.0,59542.0,3726.2091
2026-07-01 15:00:00+00:00,1782918000000,59541.99,60536.55,59520.51,60147.15,2322.06211
2026-07-01 16:00:00+00:00,1782921600000,60147.15,60267.17,59865.75,59920.0,862.80045
2026-07-01 17:00:00+00:00,1782925200000,59920.0,60239.84,59787.35,60190.6,480.08928
2026-07-01 18:00:00+00:00,1782928800000,60190.59,60298.0,60016.4,60171.16,343.31457
2026-07-01 19:00:00+00:00,1782932400000,60171.16,60352.93,60000.0,60028.67,548.14825
2026-07-01 20:00:00+00:00,1782936000000,60029.39,60198.0,59876.0,60126.0,313.10277
2026-07-01 21:00:00+00:00,1782939600000,60126.0,60846.95,60124.89,60815.99,1153.57611
2026-07-01 22:00:00+00:00,1782943200000,60815.99,61334.0,60339.0,60478.01,1877.61599
2026-07-01 23:00:00+00:00,1782946800000,60478.0,60478.0,59984.86,60024.0,573.62579
2026-07-02 00:00:00+00:00,1782950400000,60024.0,60028.0,59588.0,59761.73,857.93081
2026-07-02 01:00:00+00:00,1782954000000,59761.74,60324.99,59715.8,60175.92,634.42084
2026-07-02 02:00:00+00:00,1782957600000,60175.91,60495.24,60015.68,60423.1,520.9397
2026-07-02 03:00:00+00:00,1782961200000,60423.11,61121.78,60300.02,61058.0,891.65369
2026-07-02 04:00:00+00:00,1782964800000,61057.99,61058.0,60728.0,60787.98,793.20588
2026-07-02 05:00:00+00:00,1782968400000,60787.98,60877.69,60488.0,60504.54,836.16486
2026-07-02 06:00:00+00:00,1782972000000,60504.54,60652.74,60260.0,60274.01,838.53408
2026-07-02 07:00:00+00:00,1782975600000,60274.01,60315.93,60104.0,60149.99,593.99067
2026-07-02 08:00:00+00:00,1782979200000,60149.99,60555.06,60132.51,60511.99,573.38622
2026-07-02 09:00:00+00:00,1782982800000,60512.0,61437.49,60376.13,61184.0,1895.63178
2026-07-02 10:00:00+00:00,1782986400000,61184.0,61350.0,61051.07,61263.68,711.1086
2026-07-02 11:00:00+00:00,1782990000000,61263.93,61388.0,61125.58,61358.01,823.29588
2026-07-02 12:00:00+00:00,1782993600000,61358.0,61614.0,61147.23,61542.53,1476.64291
2026-07-02 13:00:00+00:00,1782997200000,61542.53,62053.0,61506.0,61939.04,2503.04906
2026-07-02 14:00:00+00:00,1783000800000,61939.04,62200.0,61394.49,61696.61,1834.43153
2026-07-02 15:00:00+00:00,1783004400000,61696.61,61850.86,61427.39,61612.93,955.089
2026-07-02 16:00:00+00:00,1783008000000,61612.93,61790.13,61108.99,61682.34,1526.68052
2026-07-02 17:00:00+00:00,1783011600000,61682.34,61962.43,61619.69,61667.39,742.84693
2026-07-02 18:00:00+00:00,1783015200000,61667.4,61900.29,61664.39,61761.36,457.24217
2026-07-02 19:00:00+00:00,1783018800000,61761.36,61763.81,61424.0,61479.6,567.93379
2026-07-02 20:00:00+00:00,1783022400000,61479.59,61596.0,61342.0,61584.78,435.70751
2026-07-02 21:00:00+00:00,1783026000000,61584.77,61653.43,61516.0,61592.26,335.09994
2026-07-02 22:00:00+00:00,1783029600000,61592.26,61596.62,61406.28,61465.26,313.41399
2026-07-02 23:00:00+00:00,1783033200000,61465.26,61606.0,61350.02,61560.0,263.74127
2026-07-03 00:00:00+00:00,1783036800000,61560.0,61578.0,61248.86,61308.75,803.35853
2026-07-03 01:00:00+00:00,1783040400000,61308.75,61733.11,61286.0,61588.0,365.29608
2026-07-03 02:00:00+00:00,1783044000000,61588.0,61664.62,61294.0,61440.01,718.15053
2026-07-03 03:00:00+00:00,1783047600000,61440.01,61575.15,61324.0,61434.0,592.37701
2026-07-03 04:00:00+00:00,1783051200000,61434.0,61524.01,61332.76,61448.0,597.68744
2026-07-03 05:00:00+00:00,1783054800000,61448.0,61808.0,61430.0,61700.49,669.42027
2026-07-03 06:00:00+00:00,1783058400000,61700.49,61850.0,61612.0,61710.01,821.5655
2026-07-03 07:00:00+00:00,1783062000000,61710.01,61864.99,61659.32,61750.47,1075.23435
2026-07-03 08:00:00+00:00,1783065600000,61750.47,61896.99,61554.07,61584.0,341.60269
2026-07-03 09:00:00+00:00,1783069200000,61583.99,61783.89,61510.01,61718.68,336.50784
2026-07-03 10:00:00+00:00,1783072800000,61718.69,62038.0,61663.98,61916.46,481.39402
2026-07-03 11:00:00+00:00,1783076400000,61916.46,62103.1,61840.0,62024.02,549.87382
2026-07-03 12:00:00+00:00,1783080000000,62024.01,62174.47,61871.66,61983.99,627.72129
2026-07-03 13:00:00+00:00,1783083600000,61984.0,62282.0,61944.0,62116.01,790.28341
2026-07-03 14:00:00+00:00,1783087200000,62116.0,62280.0,61700.0,62167.48,768.79968
2026-07-03 15:00:00+00:00,1783090800000,62167.47,62400.0,61820.0,61922.72,627.67216
2026-07-03 16:00:00+00:00,1783094400000,61922.71,62125.99,61911.65,62104.81,308.0973
2026-07-03 17:00:00+00:00,1783098000000,62104.81,62292.51,62068.78,62194.0,345.47791
2026-07-03 18:00:00+00:00,1783101600000,62193.99,62250.0,62118.0,62204.01,298.61687
2026-07-03 19:00:00+00:00,1783105200000,62204.0,62317.64,62146.0,62210.0,345.20311
2026-07-03 20:00:00+00:00,1783108800000,62210.0,62907.77,62186.01,62776.92,1103.81636
2026-07-03 21:00:00+00:00,1783112400000,62776.91,62979.86,62518.72,62732.0,530.36622
2026-07-03 22:00:00+00:00,1783116000000,62732.0,62748.01,62538.47,62578.0,461.77097
2026-07-03 23:00:00+00:00,1783119600000,62578.0,62707.67,62529.03,62583.26,488.69291
2026-07-04 00:00:00+00:00,1783123200000,62583.26,62946.0,62578.55,62756.29,451.82518
2026-07-04 01:00:00+00:00,1783126800000,62756.29,62756.29,62404.25,62468.44,740.55394
2026-07-04 02:00:00+00:00,1783130400000,62468.44,62576.0,62432.0,62538.96,288.40853
2026-07-04 03:00:00+00:00,1783134000000,62538.96,62750.0,62484.01,62627.29,272.8732
2026-07-04 04:00:00+00:00,1783137600000,62627.28,62749.97,62590.06,62700.0,372.06056
2026-07-04 05:00:00+00:00,1783141200000,62700.0,62700.01,62441.29,62471.52,289.90978
2026-07-04 06:00:00+00:00,1783144800000,62471.53,62559.43,62328.24,62500.01,328.21302
2026-07-04 07:00:00+00:00,1783148400000,62500.01,62634.24,62470.0,62576.0,488.37245
2026-07-04 08:00:00+00:00,1783152000000,62576.0,62674.47,62516.46,62553.78,325.39629
2026-07-04 09:00:00+00:00,1783155600000,62553.78,62583.99,62415.87,62494.0,256.44372
2026-07-04 10:00:00+00:00,1783159200000,62494.01,62545.02,62445.38,62513.0,261.05012
2026-07-04 11:00:00+00:00,1783162800000,62512.99,62563.84,62456.24,62482.01,236.75332
2026-07-04 12:00:00+00:00,1783166400000,62482.0,62696.78,62482.0,62664.01,160.12973
2026-07-04 13:00:00+00:00,1783170000000,62664.01,62776.92,62542.0,62588.84,234.91268
2026-07-04 14:00:00+00:00,1783173600000,62588.84,62738.28,62585.53,62693.99,214.12592
2026-07-04 15:00:00+00:00,1783177200000,62693.99,63075.46,62687.89,62943.29,746.82104
2026-07-04 16:00:00+00:00,1783180800000,62943.29,62968.29,62786.0,62927.29,446.2616
2026-07-04 17:00:00+00:00,1783184400000,62927.3,63439.62,62803.0,63280.38,752.34234
2026-07-04 18:00:00+00:00,1783188000000,63280.38,63346.0,63092.02,63172.78,347.58599
2026-07-04 19:00:00+00:00,1783191600000,63172.79,63461.99,63123.49,63294.72,328.68996
2026-07-04 20:00:00+00:00,1783195200000,63294.72,63392.0,63155.37,63233.78,287.12408
2026-07-04 21:00:00+00:00,1783198800000,63233.79,63448.0,63202.0,63297.84,239.07967
2026-07-04 22:00:00+00:00,1783202400000,63297.83,63310.0,63160.0,63184.99,486.87752
2026-07-04 23:00:00+00:00,1783206000000,63185.0,63241.33,62927.98,63144.01,584.01676
2026-07-05 00:00:00+00:00,1783209600000,63144.01,63144.01,62888.86,62991.29,348.66174
2026-07-05 01:00:00+00:00,1783213200000,62991.3,63043.15,62800.0,62887.94,447.61772
2026-07-05 02:00:00+00:00,1783216800000,62887.93,62926.0,62596.08,62693.56,307.64194
2026-07-05 03:00:00+00:00,1783220400000,62693.57,62796.39,62658.0,62769.04,211.72564
2026-07-05 04:00:00+00:00,1783224000000,62769.03,62952.93,62712.0,62815.99,288.42759
2026-07-05 05:00:00+00:00,1783227600000,62815.99,62815.99,62659.65,62740.5,312.61219
2026-07-05 06:00:00+00:00,1783231200000,62740.5,62819.91,62669.99,62782.18,269.63913
2026-07-05 07:00:00+00:00,1783234800000,62782.18,63059.99,62718.31,63020.21,393.71695
2026-07-05 08:00:00+00:00,1783238400000,63020.21,63104.0,62900.0,62915.0,337.45972
2026-07-05 09:00:00+00:00,1783242000000,62915.0,62930.16,62436.59,62622.18,562.27226
2026-07-05 10:00:00+00:00,1783245600000,62622.18,62756.25,62536.57,62756.12,183.32618
2026-07-05 11:00:00+00:00,1783249200000,62756.12,62812.0,62600.03,62658.92,268.20384
2026-07-05 12:00:00+00:00,1783252800000,62658.92,62772.0,62569.37,62745.01,294.54856
2026-07-05 13:00:00+00:00,1783256400000,62745.0,62819.66,62644.12,62792.0,337.44331
2026-07-05 14:00:00+00:00,1783260000000,62791.99,62818.37,62656.02,62812.25,219.35892
2026-07-05 15:00:00+00:00,1783263600000,62812.25,62943.59,62679.76,62740.01,243.82359
2026-07-05 16:00:00+00:00,1783267200000,62740.01,62772.86,62590.02,62637.48,344.55738
2026-07-05 17:00:00+00:00,1783270800000,62637.48,62820.0,62594.38,62624.93,275.09476
2026-07-05 18:00:00+00:00,1783274400000,62624.93,62880.0,62616.0,62820.33,372.13939
2026-07-05 19:00:00+00:00,1783278000000,62820.33,62888.14,62714.98,62768.88,297.34041
2026-07-05 20:00:00+00:00,1783281600000,62768.87,62836.01,62700.0,62730.61,164.5638
2026-07-05 21:00:00+00:00,1783285200000,62730.61,63220.0,62609.47,63092.01,428.51084
2026-07-05 22:00:00+00:00,1783288800000,63092.0,63964.48,63005.04,63736.0,1512.51245
2026-07-05 23:00:00+00:00,1783292400000,63735.99,63999.0,63577.36,63650.0,750.87927
2026-07-06 00:00:00+00:00,1783296000000,63650.01,63772.52,63350.0,63761.99,854.38324
2026-07-06 01:00:00+00:00,1783299600000,63761.98,63920.0,63550.0,63576.0,432.9767
2026-07-06 02:00:00+00:00,1783303200000,63576.0,63669.45,63373.13,63460.01,398.01222
2026-07-06 03:00:00+00:00,1783306800000,63460.01,63495.14,63136.01,63294.0,420.90012
2026-07-06 04:00:00+00:00,1783310400000,63294.0,63402.77,63187.98,63267.99,278.63053
2026-07-06 05:00:00+00:00,1783314000000,63267.99,63268.0,62950.0,63114.0,702.75025
2026-07-06 06:00:00+00:00,1783317600000,63113.99,63152.7,62972.0,62976.0,622.44998
2026-07-06 07:00:00+00:00,1783321200000,62976.0,63120.0,62890.0,63089.42,529.35201
2026-07-06 08:00:00+00:00,1783324800000,63089.42,63244.0,62800.13,62904.01,536.0688
2026-07-06 09:00:00+00:00,1783328400000,62904.01,62914.0,62630.85,62664.77,432.26087
2026-07-06 10:00:00+00:00,1783332000000,62664.77,63030.0,62664.76,62822.06,454.82776
2026-07-06 11:00:00+00:00,1783335600000,62822.07,63000.0,62483.83,62483.84,610.79996
2026-07-06 12:00:00+00:00,1783339200000,62483.84,62487.98,61668.2,61754.01,2426.65551
2026-07-06 13:00:00+00:00,1783342800000,61754.01,62034.0,61306.84,61768.21,3623.91016
2026-07-06 14:00:00+00:00,1783346400000,61768.2,62411.41,61712.54,62052.0,1203.78704
2026-07-06 15:00:00+00:00,1783350000000,62052.0,63550.0,62052.0,63545.98,2153.37389
2026-07-06 16:00:00+00:00,1783353600000,63545.98,63863.0,63386.01,63732.0,1748.98599
2026-07-06 17:00:00+00:00,1783357200000,63732.0,63976.16,63570.16,63587.38,885.44922
2026-07-06 18:00:00+00:00,1783360800000,63587.38,63886.0,63560.0,63696.4,345.76423
2026-07-06 19:00:00+00:00,1783364400000,63696.4,63887.93,63652.42,63738.52,308.11427
2026-07-06 20:00:00+00:00,1783368000000,63738.52,63892.65,63589.41,63828.0,314.93037
2026-07-06 21:00:00+00:00,1783371600000,63828.0,64700.0,63810.0,64489.98,1489.51024
2026-07-06 22:00:00+00:00,1783375200000,64489.97,64500.0,64151.01,64244.0,313.47871
2026-07-06 23:00:00+00:00,1783378800000,64244.0,64340.76,64017.78,64042.02,347.9123
2026-07-07 00:00:00+00:00,1783382400000,64042.93,64314.0,63997.5,64203.99,545.80462
2026-07-07 01:00:00+00:00,1783386000000,64203.99,64204.0,63767.04,63840.0,600.7847
2026-07-07 02:00:00+00:00,1783389600000,63840.0,63908.0,63288.01,63322.01,624.33941
2026-07-07 03:00:00+00:00,1783393200000,63322.01,63414.0,63150.0,63191.01,378.30046
2026-07-07 04:00:00+00:00,1783396800000,63191.01,63288.33,63064.0,63100.01,658.55856
2026-07-07 05:00:00+00:00,1783400400000,63100.0,63278.99,62800.0,63128.01,725.48406
2026-07-07 06:00:00+00:00,1783404000000,63128.0,63400.0,62984.42,63340.0,869.08707
2026-07-07 07:00:00+00:00,1783407600000,63340.01,63445.7,63072.1,63083.18,615.24857
2026-07-07 08:00:00+00:00,1783411200000,63083.19,63184.0,62984.58,63104.0,444.0167
2026-07-07 09:00:00+00:00,1783414800000,63104.0,63348.73,63063.28,63256.0,320.22634
2026-07-07 10:00:00+00:00,1783418400000,63256.01,63467.15,63228.17,63284.0,496.91971
2026-07-07 11:00:00+00:00,1783422000000,63284.0,63452.0,63116.02,63406.0,399.36572
2026-07-07 12:00:00+00:00,1783425600000,63405.99,63872.0,63396.58,63481.39,618.18499
2026-07-07 13:00:00+00:00,1783429200000,63481.39,63482.5,63000.0,63056.0,1055.47861
2026-07-07 14:00:00+00:00,1783432800000,63056.0,63634.0,62671.39,63562.05,1684.44273
2026-07-07 15:00:00+00:00,1783436400000,63562.05,64105.0,63376.22,63930.51,2129.05569
2026-07-07 16:00:00+00:00,1783440000000,63930.5,64243.75,63810.0,63983.27,825.1364
2026-07-07 17:00:00+00:00,1783443600000,63983.28,64232.0,63896.21,64186.0,713.19138
2026-07-07 18:00:00+00:00,1783447200000,64185.99,64188.0,63672.01,63679.99,804.35069
2026-07-07 19:00:00+00:00,1783450800000,63679.99,63894.58,63379.69,63817.99,809.87318
2026-07-07 20:00:00+00:00,1783454400000,63818.0,63901.75,63585.0,63697.99,461.15497
2026-07-07 21:00:00+00:00,1783458000000,63698.0,63866.0,63313.1,63423.94,445.13714
2026-07-07 22:00:00+00:00,1783461600000,63423.93,63660.0,63218.0,63551.02,344.82337
2026-07-07 23:00:00+00:00,1783465200000,63551.02,63708.0,63320.0,63363.99,265.24316
2026-07-08 00:00:00+00:00,1783468800000,63364.0,63761.99,63307.36,63612.77,656.59812
2026-07-08 01:00:00+00:00,1783472400000,63612.78,63649.5,62921.78,63038.01,690.76172
2026-07-08 02:00:00+00:00,1783476000000,63038.0,63066.0,62525.47,62979.99,1271.45366
2026-07-08 03:00:00+00:00,1783479600000,62979.98,63094.0,62700.18,62766.0,326.19539
2026-07-08 04:00:00+00:00,1783483200000,62766.0,62901.49,62676.0,62800.0,435.16461
2026-07-08 05:00:00+00:00,1783486800000,62800.01,62876.95,62558.0,62637.88,716.63481
2026-07-08 06:00:00+00:00,1783490400000,62637.88,62746.0,62477.04,62657.81,457.84929
2026-07-08 07:00:00+00:00,1783494000000,62657.82,62894.89,62550.0,62888.35,483.7238
2026-07-08 08:00:00+00:00,1783497600000,62888.34,62941.46,61855.26,62018.36,1707.6886
2026-07-08 09:00:00+00:00,1783501200000,62018.36,62190.01,61743.83,62057.67,2058.44174
2026-07-08 10:00:00+00:00,1783504800000,62057.68,62199.97,61903.45,62183.12,934.16537
2026-07-08 11:00:00+00:00,1783508400000,62183.11,62392.04,62055.63,62299.99,576.86496
2026-07-08 12:00:00+00:00,1783512000000,62300.0,62451.08,61953.58,61957.73,877.49143
2026-07-08 13:00:00+00:00,1783515600000,61957.74,62090.0,61632.23,61945.49,1130.9924
2026-07-08 14:00:00+00:00,1783519200000,61945.49,62173.56,61712.0,61889.83,1415.74086
2026-07-08 15:00:00+00:00,1783522800000,61889.83,61922.0,61544.56,61704.01,1055.91275
2026-07-08 16:00:00+00:00,1783526400000,61704.01,62164.6,61692.0,62113.03,762.49481
2026-07-08 17:00:00+00:00,1783530000000,62113.02,62394.32,62032.0,62104.62,518.57431
2026-07-08 18:00:00+00:00,1783533600000,62104.62,62351.97,62045.2,62185.32,301.10629
2026-07-08 19:00:00+00:00,1783537200000,62185.33,62292.19,62068.0,62277.98,295.91802
2026-07-08 20:00:00+00:00,1783540800000,62277.98,62306.54,62082.8,62099.61,601.65946
2026-07-08 21:00:00+00:00,1783544400000,62099.62,62251.22,61956.0,62187.17,844.23046
2026-07-08 22:00:00+00:00,1783548000000,62187.17,62350.63,62178.0,62330.4,268.9098
2026-07-08 23:00:00+00:00,1783551600000,62330.4,62346.6,62174.0,62290.0,231.5253
2026-07-09 00:00:00+00:00,1783555200000,62290.01,62309.88,62058.51,62129.99,419.84137
2026-07-09 01:00:00+00:00,1783558800000,62129.99,62642.0,61837.1,61916.0,891.27709
2026-07-09 02:00:00+00:00,1783562400000,61916.0,62121.21,61705.29,61788.8,588.18699
2026-07-09 03:00:00+00:00,1783566000000,61788.79,62062.99,61730.0,61974.34,608.39784
2026-07-09 04:00:00+00:00,1783569600000,61974.34,62456.29,61956.46,62453.74,475.51774
2026-07-09 05:00:00+00:00,1783573200000,62453.74,62624.61,62236.0,62589.61,907.8536
2026-07-09 06:00:00+00:00,1783576800000,62589.61,62980.0,62485.58,62959.96,790.33126
2026-07-09 07:00:00+00:00,1783580400000,62959.96,63283.26,62788.06,63000.0,902.61366
2026-07-09 08:00:00+00:00,1783584000000,62999.99,63100.1,62855.63,62903.65,872.78917
2026-07-09 09:00:00+00:00,1783587600000,62903.66,63002.0,62786.82,62953.4,549.43771
2026-07-09 10:00:00+00:00,1783591200000,62953.4,63056.98,62688.0,62786.04,490.23056
2026-07-09 11:00:00+00:00,1783594800000,62786.05,62830.0,62614.66,62786.34,613.79257
2026-07-09 12:00:00+00:00,1783598400000,62786.33,62952.0,62465.39,62614.02,2694.46367
2026-07-09 13:00:00+00:00,1783602000000,62614.01,63240.15,62523.08,63028.35,732.96491
2026-07-09 14:00:00+00:00,1783605600000,63028.36,63144.79,62666.66,63016.0,598.40365
2026-07-09 15:00:00+00:00,1783609200000,63016.0,63261.0,62811.1,62868.05,857.13379
2026-07-09 16:00:00+00:00,1783612800000,62868.06,62996.0,62559.59,62700.01,532.13757
2026-07-09 17:00:00+00:00,1783616400000,62700.01,63165.12,62668.0,63142.79,730.95491
2026-07-09 18:00:00+00:00,1783620000000,63142.79,63500.0,63080.0,63219.03,776.88222
2026-07-09 19:00:00+00:00,1783623600000,63219.03,63375.73,63118.45,63248.1,606.23375
2026-07-09 20:00:00+00:00,1783627200000,63248.09,63330.85,63177.36,63313.38,236.61262
2026-07-09 21:00:00+00:00,1783630800000,63313.38,63397.94,63208.91,63274.59,261.44616
2026-07-09 22:00:00+00:00,1783634400000,63274.6,63418.0,63218.77,63218.78,274.28375
2026-07-09 23:00:00+00:00,1783638000000,63218.78,63325.0,63060.91,63230.0,331.02016
2026-07-10 00:00:00+00:00,1783641600000,63230.01,63255.49,62926.01,63113.93,626.86453
2026-07-10 01:00:00+00:00,1783645200000,63113.92,63999.99,62962.0,63749.86,1229.10229
2026-07-10 02:00:00+00:00,1783648800000,63749.86,64050.23,63692.76,63961.99,1017.85326
2026-07-10 03:00:00+00:00,1783652400000,63961.99,64050.0,63822.8,63947.2,410.93478
2026-07-10 04:00:00+00:00,1783656000000,63947.2,64176.86,63857.64,64047.88,567.80609
2026-07-10 05:00:00+00:00,1783659600000,64047.89,64200.0,63944.05,64115.99,507.936
2026-07-10 06:00:00+00:00,1783663200000,64116.0,64162.0,63836.0,63854.71,352.90834
2026-07-10 07:00:00+00:00,1783666800000,63854.71,64011.9,63802.02,63963.0,566.0984
2026-07-10 08:00:00+00:00,1783670400000,63963.0,64392.0,63962.99,64246.01,945.88564
2026-07-10 09:00:00+00:00,1783674000000,64246.0,64480.01,64102.0,64385.09,1051.0085
2026-07-10 10:00:00+00:00,1783677600000,64385.09,64494.84,64274.47,64407.8,400.85807
2026-07-10 11:00:00+00:00,1783681200000,64407.8,64480.0,64341.83,64425.18,337.28843
2026-07-10 12:00:00+00:00,1783684800000,64425.18,64608.0,63999.0,64286.64,1081.95063
2026-07-10 13:00:00+00:00,1783688400000,64286.65,64692.83,64152.84,64484.0,826.67946
2026-07-10 14:00:00+00:00,1783692000000,64484.0,64516.0,63793.43,63914.87,1338.73193
2026-07-10 15:00:00+00:00,1783695600000,63914.88,64210.0,63898.0,64040.0,737.82713
2026-07-10 16:00:00+00:00,1783699200000,64039.99,64220.0,63826.57,64140.01,671.46586
2026-07-10 17:00:00+00:00,1783702800000,64140.0,64158.58,63821.88,63823.99,491.57909
2026-07-10 18:00:00+00:00,1783706400000,63824.0,64003.99,63732.66,63810.0,566.18067
2026-07-10 19:00:00+00:00,1783710000000,63809.99,64077.56,63780.0,63917.88,1227.53052
2026-07-10 20:00:00+00:00,1783713600000,63917.88,63946.36,63656.0,63841.25,1126.81538
2026-07-10 21:00:00+00:00,1783717200000,63841.25,64099.56,63835.05,64011.99,307.30047
2026-07-10 22:00:00+00:00,1783720800000,64012.0,64169.39,63981.37,64112.29,508.14182
2026-07-10 23:00:00+00:00,1783724400000,64112.3,64222.61,64024.0,64161.72,690.25393
2026-07-11 00:00:00+00:00,1783728000000,64161.72,64168.49,64028.43,64124.0,315.78502
2026-07-11 01:00:00+00:00,1783731600000,64123.99,64310.0,64004.01,64012.95,405.42387
2026-07-11 02:00:00+00:00,1783735200000,64012.95,64166.0,63984.07,64158.04,205.49018
2026-07-11 03:00:00+00:00,1783738800000,64158.04,64195.04,64068.0,64150.42,174.79238
2026-07-11 04:00:00+00:00,1783742400000,64150.42,64213.55,64080.26,64152.0,223.52551
2026-07-11 05:00:00+00:00,1783746000000,64152.0,64221.99,64121.07,64176.01,535.97468
2026-07-11 06:00:00+00:00,1783749600000,64176.0,64278.0,64124.0,64219.1,302.84507
2026-07-11 07:00:00+00:00,1783753200000,64219.09,64256.55,64152.0,64162.18,422.67072
2026-07-11 08:00:00+00:00,1783756800000,64162.18,64300.0,64153.87,64265.98,169.11443
2026-07-11 09:00:00+00:00,1783760400000,64265.98,64300.0,64159.7,64167.34,347.53946
2026-07-11 10:00:00+00:00,1783764000000,64167.35,64204.02,64129.99,64196.0,421.25234
2026-07-11 11:00:00+00:00,1783767600000,64196.0,64215.32,64167.99,64198.0,417.44096
2026-07-11 12:00:00+00:00,1783771200000,64197.99,64228.0,64130.65,64195.49,408.31399
2026-07-11 13:00:00+00:00,1783774800000,64195.48,64266.0,64159.99,64235.66,352.18455
2026-07-11 14:00:00+00:00,1783778400000,64235.67,64504.11,64235.66,64350.07,551.43161
2026-07-11 15:00:00+00:00,1783782000000,64350.07,64484.01,63896.18,64175.75,1185.62457
2026-07-11 16:00:00+00:00,1783785600000,64175.75,64273.63,64084.0,64180.01,468.52631
2026-07-11 17:00:00+00:00,1783789200000,64180.0,64402.0,64164.08,64315.53,272.95245
2026-07-11 18:00:00+00:00,1783792800000,64315.53,64395.17,64288.91,64327.99,274.24491
2026-07-11 19:00:00+00:00,1783796400000,64327.99,64338.0,64233.23,64286.0,202.32307
2026-07-11 20:00:00+00:00,1783800000000,64286.0,64463.83,64285.99,64382.45,197.23083
2026-07-11 21:00:00+00:00,1783803600000,64382.44,64427.56,64338.09,64355.99,116.51883
2026-07-11 22:00:00+00:00,1783807200000,64355.99,64424.03,64144.47,64203.08,303.31895
2026-07-11 23:00:00+00:00,1783810800000,64203.09,64246.0,63819.0,63819.0,877.44963
2026-07-12 00:00:00+00:00,1783814400000,63819.01,63909.92,63702.16,63828.47,2302.50352
2026-07-12 01:00:00+00:00,1783818000000,63828.48,64172.66,63812.0,64133.61,394.25068
2026-07-12 02:00:00+00:00,1783821600000,64133.61,64133.62,64029.51,64070.39,908.56961
2026-07-12 03:00:00+00:00,1783825200000,64070.4,64223.74,64035.68,64223.73,488.95119
2026-07-12 04:00:00+00:00,1783828800000,64223.73,64245.87,63943.68,63999.93,412.9132
2026-07-12 05:00:00+00:00,1783832400000,63999.94,64024.48,63900.0,63959.93,291.33944
2026-07-12 06:00:00+00:00,1783836000000,63959.93,63962.85,63640.83,63762.46,526.52081
2026-07-12 07:00:00+00:00,1783839600000,63762.47,63908.39,63740.12,63885.27,506.72582
2026-07-12 08:00:00+00:00,1783843200000,63885.28,64100.32,63884.2,63983.18,1349.77159
2026-07-12 09:00:00+00:00,1783846800000,63983.18,64062.17,63764.0,63961.61,3089.49803
2026-07-12 10:00:00+00:00,1783850400000,63961.6,63961.6,63843.4,63865.76,250.37178
2026-07-12 11:00:00+00:00,1783854000000,63865.76,64030.0,63826.01,64018.01,158.66802
2026-07-12 12:00:00+00:00,1783857600000,64018.0,64135.0,63970.55,64026.0,320.06272
2026-07-12 13:00:00+00:00,1783861200000,64026.01,64097.99,63987.4,64023.14,369.91648
2026-07-12 14:00:00+00:00,1783864800000,64023.13,64290.11,63958.71,64203.08,261.44826
2026-07-12 15:00:00+00:00,1783868400000,64203.08,64262.15,64117.97,64176.0,230.70025
2026-07-12 16:00:00+00:00,1783872000000,64176.0,64209.64,64042.0,64177.7,260.32939
2026-07-12 17:00:00+00:00,1783875600000,64177.7,64177.74,64029.12,64078.0,243.96602
2026-07-12 18:00:00+00:00,1783879200000,64078.0,64150.0,64018.69,64147.99,207.74726
2026-07-12 19:00:00+00:00,1783882800000,64148.0,64270.0,64147.3,64228.59,178.3269
2026-07-12 20:00:00+00:00,1783886400000,64228.59,64254.0,64178.03,64198.89,158.2404
2026-07-12 21:00:00+00:00,1783890000000,64198.9,64232.02,63891.84,63920.4,317.29013
2026-07-12 22:00:00+00:00,1783893600000,63920.4,63923.99,63668.0,63886.87,425.91972
2026-07-12 23:00:00+00:00,1783897200000,63886.86,63914.85,63726.62,63780.0,260.80581
2026-07-13 00:00:00+00:00,1783900800000,63780.0,64425.0,63568.0,64072.01,1134.90308
2026-07-13 01:00:00+00:00,1783904400000,64072.0,64072.01,63376.53,63412.01,1113.66129
2026-07-13 02:00:00+00:00,1783908000000,63412.01,63541.94,63237.26,63375.99,621.99474
2026-07-13 03:00:00+00:00,1783911600000,63376.0,63382.95,62741.04,62806.41,1068.82271
2026-07-13 04:00:00+00:00,1783915200000,62806.41,62911.94,62620.13,62672.0,670.25607
2026-07-13 05:00:00+00:00,1783918800000,62672.0,62905.68,62500.76,62799.0,816.14848
2026-07-13 06:00:00+00:00,1783922400000,62799.01,62880.0,62710.45,62797.55,385.11506
2026-07-13 07:00:00+00:00,1783926000000,62797.55,63070.01,62753.69,62985.52,1476.1879
2026-07-13 08:00:00+00:00,1783929600000,62985.53,63302.88,62935.92,63206.97,1893.03927
2026-07-13 09:00:00+00:00,1783933200000,63206.98,63210.0,63086.12,63100.02,663.43575
2026-07-13 10:00:00+00:00,1783936800000,63100.02,63157.85,62862.28,62867.89,788.29364
2026-07-13 11:00:00+00:00,1783940400000,62867.9,63135.55,62867.9,62901.99,458.30123
2026-07-13 12:00:00+00:00,1783944000000,62901.99,62990.04,62570.0,62625.15,689.69237
2026-07-13 13:00:00+00:00,1783947600000,62625.15,62766.37,62164.0,62318.0,2175.34811
2026-07-13 14:00:00+00:00,1783951200000,62318.01,62794.97,62101.0,62791.85,1780.86024
2026-07-13 15:00:00+00:00,1783954800000,62791.85,62983.83,62559.58,62618.01,1226.00074
2026-07-13 16:00:00+00:00,1783958400000,62618.0,62629.35,62212.0,62276.0,970.69108
2026-07-13 17:00:00+00:00,1783962000000,62276.01,62370.0,61900.0,61904.99,1161.78052
2026-07-13 18:00:00+00:00,1783965600000,61904.99,62100.0,61824.97,62020.0,662.51495
2026-07-13 19:00:00+00:00,1783969200000,62020.0,62292.84,61990.0,62288.23,503.43262
2026-07-13 20:00:00+00:00,1783972800000,62288.23,62324.74,62050.71,62210.99,294.43026
2026-07-13 21:00:00+00:00,1783976400000,62211.0,62216.35,61897.45,62065.06,385.18322
2026-07-13 22:00:00+00:00,1783980000000,62065.05,62224.0,61911.31,61924.0,386.45256
2026-07-13 23:00:00+00:00,1783983600000,61924.0,62347.46,61882.88,62334.52,355.95615
2026-07-14 00:00:00+00:00,1783987200000,62334.52,62666.66,62272.2,62549.54,827.98236
2026-07-14 01:00:00+00:00,1783990800000,62549.55,62640.0,62460.03,62540.42,471.32047
2026-07-14 02:00:00+00:00,1783994400000,62540.41,62645.0,62329.98,62544.0,510.10327
2026-07-14 03:00:00+00:00,1783998000000,62544.0,62604.0,62314.0,62572.89,439.89615
2026-07-14 04:00:00+00:00,1784001600000,62572.88,62768.95,62539.71,62745.23,314.71779
2026-07-14 05:00:00+00:00,1784005200000,62745.24,62872.0,62697.69,62737.0,625.4247
2026-07-14 06:00:00+00:00,1784008800000,62737.0,62772.48,62566.01,62624.05,742.03175
2026-07-14 07:00:00+00:00,1784012400000,62624.06,62655.99,62516.93,62560.92,406.16223
2026-07-14 08:00:00+00:00,1784016000000,62560.92,62807.94,62500.0,62713.85,377.86259
2026-07-14 09:00:00+00:00,1784019600000,62713.85,62742.0,62534.29,62629.55,614.55321
2026-07-14 10:00:00+00:00,1784023200000,62629.56,62908.8,62609.47,62800.0,437.22084
2026-07-14 11:00:00+00:00,1784026800000,62800.01,62923.06,62713.6,62844.99,302.90008
2026-07-14 12:00:00+00:00,1784030400000,62844.99,63989.54,62780.84,63960.0,3109.78866
2026-07-14 13:00:00+00:00,1784034000000,63959.99,64181.99,63699.03,63840.01,1522.71413
2026-07-14 14:00:00+00:00,1784037600000,63840.01,64346.49,63580.99,64305.02,1089.85313
2026-07-14 15:00:00+00:00,1784041200000,64305.01,64966.43,64194.64,64743.99,3074.26518
2026-07-14 16:00:00+00:00,1784044800000,64744.0,64896.86,64606.0,64730.0,1264.07966
2026-07-14 17:00:00+00:00,1784048400000,64730.01,64730.01,64231.77,64621.43,1156.00933
2026-07-14 18:00:00+00:00,1784052000000,64621.43,64648.88,64477.23,64571.98,502.24971
2026-07-14 19:00:00+00:00,1784055600000,64571.99,64704.0,64487.38,64569.59,367.96179
2026-07-14 20:00:00+00:00,1784059200000,64569.59,64599.0,64419.99,64572.02,281.25074
2026-07-14 21:00:00+00:00,1784062800000,64572.02,64893.92,64526.0,64676.9,427.49727
2026-07-14 22:00:00+00:00,1784066400000,64676.89,65100.0,64516.0,64860.89,1268.06322
2026-07-14 23:00:00+00:00,1784070000000,64860.89,65048.0,64782.0,65043.98,418.50558
2026-07-15 00:00:00+00:00,1784073600000,65043.99,65065.01,64765.12,64824.58,352.45343
2026-07-15 01:00:00+00:00,1784077200000,64824.57,64853.08,64644.48,64674.35,610.20031
2026-07-15 02:00:00+00:00,1784080800000,64674.35,64755.99,64488.0,64490.87,350.99185
2026-07-15 03:00:00+00:00,1784084400000,64490.87,64840.0,64490.86,64792.01,379.79444
2026-07-15 04:00:00+00:00,1784088000000,64792.0,64885.99,64714.0,64746.01,289.24746
2026-07-15 05:00:00+00:00,1784091600000,64746.01,64964.96,64602.5,64944.06,686.5094
2026-07-15 06:00:00+00:00,1784095200000,64944.06,65277.37,64814.0,64814.0,974.06143
2026-07-15 07:00:00+00:00,1784098800000,64814.01,64876.0,64485.0,64549.34,1209.74716
2026-07-15 08:00:00+00:00,1784102400000,64549.33,64797.02,64549.33,64768.01,958.47053
2026-07-15 09:00:00+00:00,1784106000000,64768.0,64917.94,64653.18,64671.83,542.47841
2026-07-15 10:00:00+00:00,1784109600000,64671.84,64855.56,64614.0,64663.0,316.30209
2026-07-15 11:00:00+00:00,1784113200000,64663.0,64767.37,64616.11,64732.15,500.13863
2026-07-15 12:00:00+00:00,1784116800000,64732.15,65249.9,64606.0,65164.0,1837.40143
2026-07-15 13:00:00+00:00,1784120400000,65164.0,65577.0,64888.0,65117.99,1942.12357
2026-07-15 14:00:00+00:00,1784124000000,65118.0,65517.05,65070.0,65399.81,1187.13269
2026-07-15 15:00:00+00:00,1784127600000,65399.8,65600.0,65261.71,65427.61,1153.25811
2026-07-15 16:00:00+00:00,1784131200000,65427.6,65470.0,64784.83,65120.79,1423.19665
2026-07-15 17:00:00+00:00,1784134800000,65120.8,65194.72,64972.95,65056.1,1119.69712
2026-07-15 18:00:00+00:00,1784138400000,65056.1,65143.57,64847.42,64860.0,1076.85531
2026-07-15 19:00:00+00:00,1784142000000,64860.0,65000.0,64738.49,64977.34,377.96921
2026-07-15 20:00:00+00:00,1784145600000,64977.34,65055.39,64899.0,64968.01,239.51973
2026-07-15 21:00:00+00:00,1784149200000,64968.02,65018.74,64789.89,64834.31,289.23644
2026-07-15 22:00:00+00:00,1784152800000,64834.31,64982.47,64772.0,64866.93,275.16571
2026-07-15 23:00:00+00:00,1784156400000,64866.93,64938.0,64691.89,64756.28,309.9463
2026-07-16 00:00:00+00:00,1784160000000,64756.28,64845.5,64500.0,64584.07,762.20624
2026-07-16 01:00:00+00:00,1784163600000,64584.07,64830.0,64392.01,64730.01,462.87658
2026-07-16 02:00:00+00:00,1784167200000,64730.0,64735.09,64574.02,64642.01,327.49099
2026-07-16 03:00:00+00:00,1784170800000,64642.0,64745.55,64555.0,64619.95,221.04888
2026-07-16 04:00:00+00:00,1784174400000,64619.96,64692.0,64544.04,64650.05,615.61718
2026-07-16 05:00:00+00:00,1784178000000,64650.05,64997.52,64592.67,64917.99,618.6053
2026-07-16 06:00:00+00:00,1784181600000,64917.99,64978.0,64630.01,64777.32,355.62558
2026-07-16 07:00:00+00:00,1784185200000,64777.33,64777.33,64086.12,64238.0,1138.76345
2026-07-16 08:00:00+00:00,1784188800000,64238.0,64380.0,63888.0,64126.85,3967.6065
2026-07-16 09:00:00+00:00,1784192400000,64126.86,64186.83,64019.02,64090.0,3387.73889
2026-07-16 10:00:00+00:00,1784196000000,64090.0,64269.42,64077.75,64221.34,351.18175
2026-07-16 11:00:00+00:00,1784199600000,64221.34,64269.42,64101.0,64256.53,377.01841
2026-07-16 12:00:00+00:00,1784203200000,64256.52,64256.52,63838.28,63966.01,728.30687
2026-07-16 13:00:00+00:00,1784206800000,63966.01,64480.0,63961.14,64376.0,827.04997
2026-07-16 14:00:00+00:00,1784210400000,64375.99,64863.07,64332.57,64543.51,993.97642
2026-07-16 15:00:00+00:00,1784214000000,64543.51,64896.0,64320.0,64704.73,620.57363
2026-07-16 16:00:00+00:00,1784217600000,64704.73,64712.0,64333.33,64484.0,523.57946
2026-07-16 17:00:00+00:00,1784221200000,64484.01,64484.01,63984.09,64069.03,616.12218
2026-07-16 18:00:00+00:00,1784224800000,64069.04,64330.0,64052.14,64246.01,275.58322
2026-07-16 19:00:00+00:00,1784228400000,64246.01,64301.99,64152.0,64271.84,368.59969
2026-07-16 20:00:00+00:00,1784232000000,64271.85,64276.0,64108.0,64114.27,169.71905
2026-07-16 21:00:00+00:00,1784235600000,64114.25,64253.25,64101.18,64161.99,188.0978
2026-07-16 22:00:00+00:00,1784239200000,64162.0,64240.12,63950.01,63968.0,351.60652
2026-07-16 23:00:00+00:00,1784242800000,63968.01,64010.58,63748.74,63830.2,515.53223
2026-07-17 00:00:00+00:00,1784246400000,63830.2,63912.0,63612.62,63886.0,435.36884
2026-07-17 01:00:00+00:00,1784250000000,63886.0,64067.69,63476.0,63546.24,735.77497
2026-07-17 02:00:00+00:00,1784253600000,63546.25,63657.99,63380.28,63482.0,818.39465
2026-07-17 03:00:00+00:00,1784257200000,63482.0,63720.0,63482.0,63570.0,676.04775
2026-07-17 04:00:00+00:00,1784260800000,63570.0,63576.0,63320.0,63486.01,490.83509
2026-07-17 05:00:00+00:00,1784264400000,63486.01,63486.01,62804.3,62839.76,1190.44758
2026-07-17 06:00:00+00:00,1784268000000,62839.77,62998.52,62710.0,62948.0,1200.24888
2026-07-17 07:00:00+00:00,1784271600000,62948.0,62983.99,62800.0,62828.11,1288.47496
2026-07-17 08:00:00+00:00,1784275200000,62828.11,62939.04,62666.0,62888.0,838.1557
2026-07-17 09:00:00+00:00,1784278800000,62888.01,63069.06,62852.89,62989.46,603.45822
2026-07-17 10:00:00+00:00,1784282400000,62989.47,63201.91,62989.47,63179.92,534.56662
2026-07-17 11:00:00+00:00,1784286000000,63179.91,63361.7,63063.67,63298.01,617.19974
2026-07-17 12:00:00+00:00,1784289600000,63298.0,63348.0,63069.09,63099.75,618.64826
2026-07-17 13:00:00+00:00,1784293200000,63099.75,63180.0,62537.56,63153.99,1381.50027
2026-07-17 14:00:00+00:00,1784296800000,63154.0,63518.0,63051.77,63174.0,1199.38162
2026-07-17 15:00:00+00:00,1784300400000,63174.01,63452.0,62856.16,63452.0,702.84059
2026-07-17 16:00:00+00:00,1784304000000,63452.0,63706.75,63312.01,63594.0,881.75053
2026-07-17 17:00:00+00:00,1784307600000,63594.0,64228.27,63594.0,64049.86,1210.18889
2026-07-17 18:00:00+00:00,1784311200000,64049.85,64387.99,63894.0,64259.73,761.86335
2026-07-17 19:00:00+00:00,1784314800000,64259.73,64259.73,63981.2,64160.8,578.45246
2026-07-17 20:00:00+00:00,1784318400000,64160.8,64192.57,63958.19,64120.0,456.18305
2026-07-17 21:00:00+00:00,1784322000000,64120.01,64216.61,64064.0,64110.0,284.21145
2026-07-17 22:00:00+00:00,1784325600000,64110.01,64147.0,63903.63,63986.0,255.88006
2026-07-17 23:00:00+00:00,1784329200000,63986.01,64011.08,63884.35,63931.67,430.02036
2026-07-18 00:00:00+00:00,1784332800000,63931.67,64012.39,63895.33,63910.04,217.92923
2026-07-18 01:00:00+00:00,1784336400000,63910.05,64000.0,63886.65,63952.98,200.93158
2026-07-18 02:00:00+00:00,1784340000000,63952.97,64032.6,63930.54,63967.61,372.4998
2026-07-18 03:00:00+00:00,1784343600000,63967.61,64017.85,63928.15,64017.84,578.99589
2026-07-18 04:00:00+00:00,1784347200000,64017.84,64017.85,63947.09,63967.99,311.74394
2026-07-18 05:00:00+00:00,1784350800000,63968.0,63998.0,63926.39,63967.95,153.28461
2026-07-18 06:00:00+00:00,1784354400000,63967.95,64005.99,63950.0,63979.67,193.68533
2026-07-18 07:00:00+00:00,1784358000000,63979.67,64026.03,63974.94,64002.75,290.3862
2026-07-18 08:00:00+00:00,1784361600000,64002.75,64019.64,63960.0,64006.01,293.43528
2026-07-18 09:00:00+00:00,1784365200000,64006.01,64006.01,63887.73,63987.76,286.53507
2026-07-18 10:00:00+00:00,1784368800000,63987.77,64026.39,63982.34,64016.43,264.0947
2026-07-18 11:00:00+00:00,1784372400000,64016.43,64097.22,64010.99,64069.89,259.43503
2026-07-18 12:00:00+00:00,1784376000000,64069.89,64274.47,64057.27,64218.0,554.94465
2026-07-18 13:00:00+00:00,1784379600000,64218.01,64218.01,63963.0,64106.0,300.90627
2026-07-18 14:00:00+00:00,1784383200000,64105.99,64195.01,64101.42,64126.0,182.82691
2026-07-18 15:00:00+00:00,1784386800000,64126.0,64163.99,64037.45,64123.12,202.91031
2026-07-18 16:00:00+00:00,1784390400000,64123.13,64314.0,64091.48,64303.47,325.76583
2026-07-18 17:00:00+00:00,1784394000000,64303.48,64492.0,64280.22,64480.29,572.40254
2026-07-18 18:00:00+00:00,1784397600000,64480.28,64669.5,64462.0,64512.41,531.00754
2026-07-18 19:00:00+00:00,1784401200000,64512.41,64597.9,64482.0,64552.79,294.01495
2026-07-18 20:00:00+00:00,1784404800000,64552.8,64739.64,64528.69,64693.01,554.55726
2026-07-18 21:00:00+00:00,1784408400000,64693.02,64846.83,64614.36,64731.72,365.29033
2026-07-18 22:00:00+00:00,1784412000000,64731.73,64865.0,64712.29,64805.05,503.12891
2026-07-18 23:00:00+00:00,1784415600000,64805.04,64843.3,64709.28,64834.22,220.46796
2026-07-19 00:00:00+00:00,1784419200000,64834.21,64906.4,64769.47,64792.08,443.04046
2026-07-19 01:00:00+00:00,1784422800000,64792.08,64792.09,64765.99,64765.99,211.03912
2026-07-19 02:00:00+00:00,1784426400000,64766.0,64967.25,64700.84,64826.01,574.09127
2026-07-19 03:00:00+00:00,1784430000000,64826.01,64842.92,64620.44,64706.18,416.11384
2026-07-19 04:00:00+00:00,1784433600000,64706.18,64795.43,64610.89,64720.17,249.31584
2026-07-19 05:00:00+00:00,1784437200000,64720.17,64815.65,64676.0,64724.01,206.27533
2026-07-19 06:00:00+00:00,1784440800000,64724.0,64759.33,64694.66,64711.69,244.79532
2026-07-19 07:00:00+00:00,1784444400000,64711.69,64784.0,64675.0,64711.05,401.27453
2026-07-19 08:00:00+00:00,1784448000000,64711.04,64743.0,64631.54,64707.49,602.66232
2026-07-19 09:00:00+00:00,1784451600000,64707.48,64725.74,64500.0,64509.99,392.93472
2026-07-19 10:00:00+00:00,1784455200000,64510.0,64700.0,64482.0,64595.0,334.64364
2026-07-19 11:00:00+00:00,1784458800000,64595.0,64636.28,64445.0,64467.64,208.69371
2026-07-19 12:00:00+00:00,1784462400000,64467.65,64467.65,64285.24,64441.15,549.2859
2026-07-19 13:00:00+00:00,1784466000000,64441.16,64516.33,64307.72,64483.31,325.94592
2026-07-19 14:00:00+00:00,1784469600000,64483.32,64663.04,64425.24,64593.07,328.9706
2026-07-19 15:00:00+00:00,1784473200000,64593.07,64620.0,64500.0,64585.32,260.30458
2026-07-19 16:00:00+00:00,1784476800000,64585.33,64644.0,64505.21,64538.72,321.63819
2026-07-19 17:00:00+00:00,1784480400000,64538.72,64752.0,64406.3,64547.86,402.19584
2026-07-19 18:00:00+00:00,1784484000000,64547.86,64554.0,64280.0,64419.99,321.71164
2026-07-19 19:00:00+00:00,1784487600000,64420.0,64467.82,64352.0,64462.58,115.02705
2026-07-19 20:00:00+00:00,1784491200000,64462.58,64560.0,64462.57,64535.99,100.52602
2026-07-19 21:00:00+00:00,1784494800000,64536.0,64562.55,64350.0,64415.75,221.49991
2026-07-19 22:00:00+00:00,1784498400000,64415.75,64900.0,64347.89,64674.67,828.28879
2026-07-19 23:00:00+00:00,1784502000000,64674.66,64772.0,64572.0,64722.54,319.6402
2026-07-20 00:00:00+00:00,1784505600000,64722.55,65107.99,64416.0,64553.84,736.05935
2026-07-20 01:00:00+00:00,1784509200000,64553.85,65029.4,64506.0,64628.01,401.29098
2026-07-20 02:00:00+00:00,1784512800000,64628.01,64964.0,64585.0,64827.2,378.92701
2026-07-20 03:00:00+00:00,1784516400000,64827.19,64914.93,64644.01,64869.8,340.53514
2026-07-20 04:00:00+00:00,1784520000000,64869.79,64869.99,64540.0,64540.01,333.38076
2026-07-20 05:00:00+00:00,1784523600000,64540.0,64562.0,64082.7,64128.0,978.47191
2026-07-20 06:00:00+00:00,1784527200000,64128.01,64220.0,63765.83,63917.98,852.13818
2026-07-20 07:00:00+00:00,1784530800000,63917.99,64315.96,63896.0,64280.01,998.28115
2026-07-20 08:00:00+00:00,1784534400000,64280.01,64356.0,63100.0,64049.99,3901.45477
2026-07-20 09:00:00+00:00,1784538000000,64050.0,64276.0,64012.8,64199.5,508.64903
2026-07-20 10:00:00+00:00,1784541600000,64199.51,64415.42,64162.0,64301.18,339.54836
2026-07-20 11:00:00+00:00,1784545200000,64301.18,65068.0,64273.33,65002.01,1040.02207
2026-07-20 12:00:00+00:00,1784548800000,65002.0,65002.83,64599.89,64640.0,1301.45682
2026-07-20 13:00:00+00:00,1784552400000,64640.0,64763.67,64208.0,64344.01,1171.73283
2026-07-20 14:00:00+00:00,1784556000000,64344.01,64575.37,64077.76,64416.01,811.23879
2026-07-20 15:00:00+00:00,1784559600000,64416.01,65666.8,64398.15,65598.75,2563.16846
2026-07-20 16:00:00+00:00,1784563200000,65598.75,65637.7,65336.0,65508.5,1056.62117
2026-07-20 17:00:00+00:00,1784566800000,65508.5,65646.55,65342.52,65587.98,673.41436
2026-07-20 18:00:00+00:00,1784570400000,65587.99,65799.0,65204.0,65240.01,708.20295
2026-07-20 19:00:00+00:00,1784574000000,65240.01,65274.58,65041.05,65142.0,856.15121
2026-07-20 20:00:00+00:00,1784577600000,65142.0,65438.0,65061.92,65367.58,339.09983
2026-07-20 21:00:00+00:00,1784581200000,65367.57,65445.27,65272.32,65286.02,264.99229
2026-07-20 22:00:00+00:00,1784584800000,65286.02,65286.02,65092.66,65141.99,333.37114
2026-07-20 23:00:00+00:00,1784588400000,65142.0,65272.21,65128.17,65255.51,435.27846
2026-07-21 00:00:00+00:00,1784592000000,65255.51,65585.0,65148.75,65568.01,685.78688
2026-07-21 01:00:00+00:00,1784595600000,65568.0,65658.78,65232.65,65235.55,421.8846
2026-07-21 02:00:00+00:00,1784599200000,65235.56,65500.0,65176.2,65414.01,382.21075
2026-07-21 03:00:00+00:00,1784602800000,65414.01,65593.11,65411.74,65566.78,795.51369
2026-07-21 04:00:00+00:00,1784606400000,65566.77,65742.58,65471.69,65522.01,600.76388
2026-07-21 05:00:00+00:00,1784610000000,65522.0,65933.24,65485.55,65751.56,864.8195
2026-07-21 06:00:00+00:00,1784613600000,65751.56,65991.05,65634.0,65913.0,733.43884
2026-07-21 07:00:00+00:00,1784617200000,65913.0,66245.64,65866.0,66186.86,1338.71722
2026-07-21 08:00:00+00:00,1784620800000,66186.86,66354.0,66129.19,66226.44,1032.71252
2026-07-21 09:00:00+00:00,1784624400000,66226.43,66350.0,66144.0,66291.99,472.96398
2026-07-21 10:00:00+00:00,1784628000000,66292.0,66420.65,66176.55,66180.0,1179.04438
2026-07-21 11:00:00+00:00,1784631600000,66180.0,66350.0,66147.82,66345.59,752.24871
2026-07-21 12:00:00+00:00,1784635200000,66345.59,66640.0,66255.73,66558.82,1002.49408
2026-07-21 13:00:00+00:00,1784638800000,66558.81,66810.97,66315.62,66786.0,1358.43796
2026-07-21 14:00:00+00:00,1784642400000,66786.0,66956.15,66648.27,66842.3,1722.33044
2026-07-21 15:00:00+00:00,1784646000000,66842.29,66842.3,66517.52,66676.54,948.73464
2026-07-21 16:00:00+00:00,1784649600000,66676.53,66764.0,66462.32,66542.01,672.73654
2026-07-21 17:00:00+00:00,1784653200000,66542.01,66567.59,66052.63,66207.95,1024.8098
2026-07-21 18:00:00+00:00,1784656800000,66207.96,66358.0,66098.71,66319.95,619.31647
2026-07-21 19:00:00+00:00,1784660400000,66319.96,66502.8,66264.12,66444.76,623.55174
2026-07-21 20:00:00+00:00,1784664000000,66444.76,66496.0,66359.3,66406.57,288.41886
2026-07-21 21:00:00+00:00,1784667600000,66406.58,66408.26,66290.0,66385.0,330.71956
2026-07-21 22:00:00+00:00,1784671200000,66385.0,66388.35,66204.0,66304.02,432.0724
2026-07-21 23:00:00+00:00,1784674800000,66304.02,66576.0,66228.55,66556.16,334.55343
2026-07-22 00:00:00+00:00,1784678400000,66556.15,66739.89,66525.54,66620.97,961.25987
2026-07-22 01:00:00+00:00,1784682000000,66620.97,66661.79,66282.65,66433.3,801.8459
2026-07-22 02:00:00+00:00,1784685600000,66433.29,66532.26,66298.0,66314.12,584.2039
2026-07-22 03:00:00+00:00,1784689200000,66314.12,66371.27,66176.0,66210.0,535.35393
2026-07-22 04:00:00+00:00,1784692800000,66209.99,66424.0,66198.0,66381.05,1016.50384
2026-07-22 05:00:00+00:00,1784696400000,66381.05,66381.05,65944.51,65974.9,732.84767
2026-07-22 06:00:00+00:00,1784700000000,65974.9,66026.93,65830.94,65934.33,677.13061
2026-07-22 07:00:00+00:00,1784703600000,65934.34,65968.9,65701.0,65843.48,1698.20928
2026-07-22 08:00:00+00:00,1784707200000,65843.48,66164.57,65843.47,65987.96,1762.03259
2026-07-22 09:00:00+00:00,1784710800000,65987.97,66082.5,65850.0,65928.0,1983.57551
2026-07-22 10:00:00+00:00,1784714400000,65928.01,66116.36,65898.0,66046.02,636.27622
2026-07-22 11:00:00+00:00,1784718000000,66046.01,66092.59,65909.16,66013.36,789.42664
2026-07-22 12:00:00+00:00,1784721600000,66013.36,66013.37,65553.67,65636.01,572.31956
2026-07-22 13:00:00+00:00,1784725200000,65636.01,65982.28,65559.66,65951.39,762.44551
2026-07-22 14:00:00+00:00,1784728800000,65951.38,66204.98,65588.0,65793.98,977.66799
2026-07-22 15:00:00+00:00,1784732400000,65793.98,66125.0,65793.98,66047.39,689.66439
2026-07-22 16:00:00+00:00,1784736000000,66047.38,66384.0,65911.6,66229.01,531.34681
2026-07-22 17:00:00+00:00,1784739600000,66229.01,66275.29,65944.0,66024.03,332.68865
2026-07-22 18:00:00+00:00,1784743200000,66024.02,66075.91,65726.08,65895.46,372.67709
2026-07-22 19:00:00+00:00,1784746800000,65895.46,65958.56,65691.93,65923.19,284.49057
2026-07-22 20:00:00+00:00,1784750400000,65923.19,65986.0,65791.79,65919.68,303.33342
2026-07-22 21:00:00+00:00,1784754000000,65919.67,66133.98,65892.64,66072.47,345.28683
2026-07-22 22:00:00+00:00,1784757600000,66072.48,66080.94,65932.0,66044.17,283.8249
2026-07-22 23:00:00+00:00,1784761200000,66044.17,66138.24,65844.3,66114.49,440.45434
2026-07-23 00:00:00+00:00,1784764800000,66114.5,66313.14,66054.58,66058.19,818.52742
2026-07-23 01:00:00+00:00,1784768400000,66058.2,66208.0,65751.0,65830.0,911.89269
2026-07-23 02:00:00+00:00,1784772000000,65830.0,65843.25,65653.23,65805.34,489.67764
2026-07-23 03:00:00+00:00,1784775600000,65805.35,65816.0,65585.11,65662.53,518.12407
2026-07-23 04:00:00+00:00,1784779200000,65662.53,65738.99,65590.12,65616.48,673.83221
2026-07-23 05:00:00+00:00,1784782800000,65616.49,65797.93,65570.12,65691.01,258.16071
2026-07-23 06:00:00+00:00,1784786400000,65691.01,65821.17,65625.2,65790.0,198.22051
2026-07-23 07:00:00+00:00,1784790000000,65790.0,65790.0,65351.02,65442.13,625.4986
2026-07-23 08:00:00+00:00,1784793600000,65442.12,65665.99,65419.75,65633.0,617.22753
2026-07-23 09:00:00+00:00,1784797200000,65632.99,65757.99,65608.18,65638.92,505.16907
2026-07-23 10:00:00+00:00,1784800800000,65638.92,65792.09,65589.69,65740.0,314.19369
2026-07-23 11:00:00+00:00,1784804400000,65740.0,65740.01,65540.93,65555.21,260.87827
2026-07-23 12:00:00+00:00,1784808000000,65555.21,65589.41,64988.05,65167.04,1080.21623
2026-07-23 13:00:00+00:00,1784811600000,65167.05,65221.29,64863.62,64880.0,1019.68548
2026-07-23 14:00:00+00:00,1784815200000,64880.0,65216.24,64822.13,64909.99,1122.58373
2026-07-23 15:00:00+00:00,1784818800000,64910.0,65023.68,64728.0,64958.36,1087.45523
2026-07-23 16:00:00+00:00,1784822400000,64958.37,64961.15,64704.57,64756.84,823.97347
2026-07-23 17:00:00+00:00,1784826000000,64756.84,64900.0,64650.0,64681.27,610.54166
2026-07-23 18:00:00+00:00,1784829600000,64681.26,64948.05,64680.0,64869.12,473.57506
2026-07-23 19:00:00+00:00,1784833200000,64869.13,64934.75,64686.56,64846.94,525.37224
2026-07-23 20:00:00+00:00,1784836800000,64846.93,65217.93,64834.52,65147.5,435.69297
2026-07-23 21:00:00+00:00,1784840400000,65147.5,65210.35,65014.0,65169.81,348.6782
2026-07-23 22:00:00+00:00,1784844000000,65169.82,65227.99,65013.94,65195.43,465.02672
2026-07-23 23:00:00+00:00,1784847600000,65195.43,65235.43,65052.01,65098.97,514.02333
2026-07-24 00:00:00+00:00,1784851200000,65098.98,65113.86,64762.18,64973.99,343.41298
2026-07-24 01:00:00+00:00,1784854800000,64974.0,65168.0,64944.37,65086.0,666.39562
2026-07-24 02:00:00+00:00,1784858400000,65086.0,65187.57,64925.45,65116.99,432.3739
2026-07-24 03:00:00+00:00,1784862000000,65116.99,65464.35,65078.0,65456.7,382.6998
2026-07-24 04:00:00+00:00,1784865600000,65456.7,65469.86,65272.26,65318.0,299.6958
2026-07-24 05:00:00+00:00,1784869200000,65318.01,65394.0,65248.0,65325.0,372.30415
2026-07-24 06:00:00+00:00,1784872800000,65325.01,65519.93,65278.07,65472.0,914.26438
2026-07-24 07:00:00+00:00,1784876400000,65472.0,65808.59,65320.69,65499.95,1219.60281
2026-07-24 08:00:00+00:00,1784880000000,65499.94,65508.17,65302.18,65302.18,306.26025
2026-07-24 09:00:00+00:00,1784883600000,65302.18,65314.66,64952.38,65113.13,478.93491
2026-07-24 10:00:00+00:00,1784887200000,65113.13,65157.99,64906.85,64950.0,716.12782
2026-07-24 11:00:00+00:00,1784890800000,64950.01,65099.99,64857.14,65083.43,751.17375
2026-07-24 12:00:00+00:00,1784894400000,65083.42,65133.99,64766.0,64780.01,507.45117
2026-07-24 13:00:00+00:00,1784898000000,64780.0,64802.0,63920.01,64155.46,2007.68582
2026-07-24 14:00:00+00:00,1784901600000,64155.47,64198.3,63739.75,64055.12,1591.08926
2026-07-24 15:00:00+00:00,1784905200000,64055.11,64333.33,63858.0,64093.85,1939.18979
2026-07-24 16:00:00+00:00,1784908800000,64093.86,64200.0,63881.46,63958.0,529.35925
2026-07-24 17:00:00+00:00,1784912400000,63958.01,64202.91,63905.51,64180.0,525.47557
2026-07-24 18:00:00+00:00,1784916000000,64180.0,64290.1,64129.75,64272.0,390.98725
2026-07-24 19:00:00+00:00,1784919600000,64272.01,64292.44,64141.18,64225.32,579.59462
2026-07-24 20:00:00+00:00,1784923200000,64225.32,64288.02,64128.89,64170.23,214.82759
2026-07-24 21:00:00+00:00,1784926800000,64170.24,64258.73,64122.29,64155.0,651.81342
2026-07-24 22:00:00+00:00,1784930400000,64155.0,64216.27,64121.86,64169.01,587.59798
2026-07-24 23:00:00+00:00,1784934000000,64169.01,64187.4,64134.71,64139.99,412.95391
2026-07-25 00:00:00+00:00,1784937600000,64140.0,64179.03,64033.18,64073.61,386.54772
2026-07-25 01:00:00+00:00,1784941200000,64073.61,64160.0,64006.55,64068.01,493.07694
2026-07-25 02:00:00+00:00,1784944800000,64068.0,64099.99,64017.87,64052.0,479.58839
2026-07-25 03:00:00+00:00,1784948400000,64052.01,64105.61,64016.65,64085.36,469.51581
2026-07-25 04:00:00+00:00,1784952000000,64085.36,64205.67,64085.15,64181.46,171.38031
2026-07-25 05:00:00+00:00,1784955600000,64181.45,64199.76,63980.01,64024.0,245.62438
2026-07-25 06:00:00+00:00,1784959200000,64024.0,64063.37,63964.57,64010.0,248.54758
2026-07-25 07:00:00+00:00,1784962800000,64010.0,64038.52,64000.0,64003.2,408.36611
2026-07-25 08:00:00+00:00,1784966400000,64003.2,64010.01,63810.0,63876.06,507.52898
2026-07-25 09:00:00+00:00,1784970000000,63876.07,64024.72,63830.0,63999.99,1813.6121
2026-07-25 10:00:00+00:00,1784973600000,64000.0,64070.0,63996.0,64070.0,200.57959
2026-07-25 11:00:00+00:00,1784977200000,64069.99,64113.0,64047.09,64064.01,226.46632
2026-07-25 12:00:00+00:00,1784980800000,64064.01,64123.8,64043.0,64123.8,179.4102
2026-07-25 13:00:00+00:00,1784984400000,64123.8,64267.78,64106.74,64172.0,285.46591
2026-07-25 14:00:00+00:00,1784988000000,64172.01,64217.09,64126.0,64214.04,270.20323
2026-07-25 15:00:00+00:00,1784991600000,64214.05,64272.0,64169.99,64182.0,193.98029
2026-07-25 16:00:00+00:00,1784995200000,64182.01,64241.71,64123.0,64206.6,126.61028
2026-07-25 17:00:00+00:00,1784998800000,64206.61,64356.0,64194.37,64267.4,187.81706
2026-07-25 18:00:00+00:00,1785002400000,64267.41,64475.28,64267.41,64415.99,314.52068
2026-07-25 19:00:00+00:00,1785006000000,64415.99,64438.12,64388.38,64388.38,219.4973
2026-07-25 20:00:00+00:00,1785009600000,64388.39,64392.74,64313.0,64339.75,213.90166
2026-07-25 21:00:00+00:00,1785013200000,64339.75,64430.0,64263.03,64344.02,177.06463
2026-07-25 22:00:00+00:00,1785016800000,64344.02,64426.0,64344.01,64412.0,625.93723
2026-07-25 23:00:00+00:00,1785020400000,64412.01,64429.38,64363.0,64375.0,417.8076
2026-07-26 00:00:00+00:00,1785024000000,64375.01,64507.0,64350.0,64506.99,256.73658
2026-07-26 01:00:00+00:00,1785027600000,64506.99,64541.66,64456.67,64462.0,277.18148
2026-07-26 02:00:00+00:00,1785031200000,64462.0,64527.59,64427.59,64527.56,117.0226
2026-07-26 03:00:00+00:00,1785034800000,64527.57,64582.0,64488.73,64557.0,304.96319
2026-07-26 04:00:00+00:00,1785038400000,64557.0,64599.95,64491.73,64530.06,425.16453
2026-07-26 05:00:00+00:00,1785042000000,64530.06,64530.07,64403.95,64417.69,131.14508
2026-07-26 06:00:00+00:00,1785045600000,64417.68,64457.55,64293.81,64438.0,408.23581
2026-07-26 07:00:00+00:00,1785049200000,64438.01,64460.0,64341.99,64370.0,273.49735
2026-07-26 08:00:00+00:00,1785052800000,64370.0,64493.99,64353.0,64480.01,204.14991
2026-07-26 09:00:00+00:00,1785056400000,64480.02,64549.02,64478.38,64538.0,164.82486
2026-07-26 10:00:00+00:00,1785060000000,64538.01,64573.73,64497.62,64515.4,137.0474
2026-07-26 11:00:00+00:00,1785063600000,64515.39,64535.99,64495.17,64507.35,174.84399
2026-07-26 12:00:00+00:00,1785067200000,64507.36,64662.99,64434.0,64466.67,319.29329
2026-07-26 13:00:00+00:00,1785070800000,64466.68,64571.42,64414.0,64518.0,319.1541
2026-07-26 14:00:00+00:00,1785074400000,64517.99,64768.23,64517.99,64712.99,504.24215
2026-07-26 15:00:00+00:00,1785078000000,64713.0,64827.0,64673.42,64768.0,313.86895
2026-07-26 16:00:00+00:00,1785081600000,64768.0,64940.51,64703.23,64734.17,420.05042
2026-07-26 17:00:00+00:00,1785085200000,64734.17,64794.45,64668.91,64697.2,347.81315
2026-07-26 18:00:00+00:00,1785088800000,64697.21,64769.99,64668.91,64734.38,114.76281
2026-07-26 19:00:00+00:00,1785092400000,64734.39,64753.0,64671.91,64695.52,369.55718
2026-07-26 20:00:00+00:00,1785096000000,64695.52,64703.36,64631.57,64649.04,120.01782
2026-07-26 21:00:00+00:00,1785099600000,64649.04,64924.0,64649.03,64858.02,268.26505
2026-07-26 22:00:00+00:00,1785103200000,64858.03,65502.6,64858.03,65412.68,1331.07392
2026-07-26 23:00:00+00:00,1785106800000,65412.69,65577.0,65273.76,65399.99,630.14927
2026-07-27 00:00:00+00:00,1785110400000,65400.0,65418.81,65065.46,65131.95,465.77387
2026-07-27 01:00:00+00:00,1785114000000,65131.96,65225.75,64892.03,65206.21,478.78723
2026-07-27 02:00:00+00:00,1785117600000,65206.21,65281.64,65118.08,65172.0,475.81825
2026-07-27 03:00:00+00:00,1785121200000,65172.02,65367.73,65161.99,65284.0,519.18282
2026-07-27 04:00:00+00:00,1785124800000,65284.0,65500.0,65242.69,65282.8,331.55981
2026-07-27 05:00:00+00:00,1785128400000,65282.81,65493.38,65282.8,65468.38,284.79372
2026-07-27 06:00:00+00:00,1785132000000,65468.38,65744.6,65404.9,65416.76,867.3473
2026-07-27 07:00:00+00:00,1785135600000,65416.77,65447.02,65217.16,65221.99,1066.09119
2026-07-27 08:00:00+00:00,1785139200000,65221.99,65258.0,65128.85,65162.98,724.97518
2026-07-27 09:00:00+00:00,1785142800000,65162.98,65348.17,65100.0,65262.17,1478.16072
2026-07-27 10:00:00+00:00,1785146400000,65262.18,65432.0,65230.01,65333.35,412.29993
2026-07-27 11:00:00+00:00,1785150000000,65333.35,65333.36,65092.0,65100.79,287.15002
2026-07-27 12:00:00+00:00,1785153600000,65100.79,65255.76,64836.0,65086.0,587.73231
2026-07-27 13:00:00+00:00,1785157200000,65086.0,65718.0,64913.12,65217.37,1076.54142
2026-07-27 14:00:00+00:00,1785160800000,65217.38,65431.9,64459.82,64687.45,1132.47674
2026-07-27 15:00:00+00:00,1785164400000,64687.45,64776.0,64418.01,64554.01,596.28993
2026-07-27 16:00:00+00:00,1785168000000,64554.0,64970.93,64517.78,64898.52,473.37301
2026-07-27 17:00:00+00:00,1785171600000,64898.53,65090.0,64794.37,65019.81,404.49207
2026-07-27 18:00:00+00:00,1785175200000,65019.81,65058.32,64755.67,64878.0,323.26344
2026-07-27 19:00:00+00:00,1785178800000,64878.0,65078.0,64810.9,64984.0,291.82434
2026-07-27 20:00:00+00:00,1785182400000,64983.99,65056.0,64908.01,64960.65,197.69959
2026-07-27 21:00:00+00:00,1785186000000,64960.64,64960.65,64790.28,64821.25,238.07403
2026-07-27 22:00:00+00:00,1785189600000,64821.26,64821.26,63792.0,63792.0,1130.54656
2026-07-27 23:00:00+00:00,1785193200000,63792.01,63940.27,63605.56,63755.86,947.65195
2026-07-28 00:00:00+00:00,1785196800000,63755.86,63827.49,63469.3,63487.88,711.04544
2026-07-28 01:00:00+00:00,1785200400000,63487.88,63529.89,63059.39,63230.83,1245.20979
2026-07-28 02:00:00+00:00,1785204000000,63230.82,63305.94,63108.0,63185.59,429.21894
2026-07-28 03:00:00+00:00,1785207600000,63185.59,63375.39,63168.01,63343.83,728.50056
2026-07-28 04:00:00+00:00,1785211200000,63343.82,63361.85,63221.26,63350.95,343.17382
2026-07-28 05:00:00+00:00,1785214800000,63350.95,63623.5,63323.09,63451.61,390.51839
2026-07-28 06:00:00+00:00,1785218400000,63451.62,63660.72,63395.13,63640.63,460.72288
2026-07-28 07:00:00+00:00,1785222000000,63640.63,63668.71,63455.58,63505.99,985.9853
2026-07-28 08:00:00+00:00,1785225600000,63506.0,63546.36,63406.11,63428.08,281.48766
2026-07-28 09:00:00+00:00,1785229200000,63428.07,63581.33,63368.81,63393.99,315.43759
2026-07-28 10:00:00+00:00,1785232800000,63393.99,63555.18,63294.0,63473.47,416.0357
2026-07-28 11:00:00+00:00,1785236400000,63473.48,63593.0,63352.0,63450.0,405.45329
2026-07-28 12:00:00+00:00,1785240000000,63449.99,63570.0,63364.96,63546.65,440.98415
2026-07-28 13:00:00+00:00,1785243600000,63546.65,63588.0,62742.47,63104.0,1615.91422
2026-07-28 14:00:00+00:00,1785247200000,63104.0,63550.0,62965.38,63412.45,868.98588
2026-07-28 15:00:00+00:00,1785250800000,63412.45,64026.62,63269.28,63928.47,945.11572
2026-07-28 16:00:00+00:00,1785254400000,63928.46,64100.0,63773.65,64043.26,517.94749
2026-07-28 17:00:00+00:00,1785258000000,64043.27,64043.27,63504.0,63685.88,527.24876
2026-07-28 18:00:00+00:00,1785261600000,63685.88,63849.09,63672.26,63734.49,311.5129
2026-07-28 19:00:00+00:00,1785265200000,63734.49,63904.0,63675.93,63904.0,333.27009
2026-07-28 20:00:00+00:00,1785268800000,63904.0,64018.39,63880.0,63917.55,300.22119
2026-07-28 21:00:00+00:00,1785272400000,63917.55,64073.3,63892.0,63972.44,227.23863
2026-07-28 22:00:00+00:00,1785276000000,63972.44,64020.76,63768.47,63783.71,319.67019
2026-07-28 23:00:00+00:00,1785279600000,63783.72,63956.4,63562.0,63915.0,768.93138
2026-07-29 00:00:00+00:00,1785283200000,63915.0,64200.0,63873.54,63953.99,862.01004
2026-07-29 01:00:00+00:00,1785286800000,63954.0,63999.0,63690.0,63705.06,643.74129
2026-07-29 02:00:00+00:00,1785290400000,63705.07,64132.42,63658.0,63979.96,459.75103
2026-07-29 03:00:00+00:00,1785294000000,63979.96,64002.0,63710.0,63753.03,381.54189
2026-07-29 04:00:00+00:00,1785297600000,63753.04,63970.92,63598.0,63968.34,635.48596
2026-07-29 05:00:00+00:00,1785301200000,63968.34,64094.2,63890.07,64067.32,612.17163
2026-07-29 06:00:00+00:00,1785304800000,64067.32,64471.0,64026.64,64435.62,959.62083
2026-07-29 07:00:00+00:00,1785308400000,64435.63,64575.99,64402.67,64561.0,512.31101
2026-07-29 08:00:00+00:00,1785312000000,64561.01,64588.0,64283.83,64417.31,442.88681
2026-07-29 09:00:00+00:00,1785315600000,64417.31,64744.81,64386.94,64698.0,689.93306
2026-07-29 10:00:00+00:00,1785319200000,64698.01,64718.0,64410.24,64469.83,337.46395
2026-07-29 11:00:00+00:00,1785322800000,64469.84,64591.73,64422.5,64507.54,317.77588
2026-07-29 12:00:00+00:00,1785326400000,64507.53,64507.54,64215.93,64276.81,475.5158
2026-07-29 13:00:00+00:00,1785330000000,64276.82,64667.18,64139.68,64664.7,795.5697
2026-07-29 14:00:00+00:00,1785333600000,64664.69,64718.87,64047.71,64108.01,736.50705
2026-07-29 15:00:00+00:00,1785337200000,64108.01,64195.0,63886.0,63964.01,727.70384
2026-07-29 16:00:00+00:00,1785340800000,63964.01,64146.53,63624.15,63808.33,758.02868
2026-07-29 17:00:00+00:00,1785344400000,63808.33,64286.71,63709.19,64269.83,486.13508
2026-07-29 18:00:00+00:00,1785348000000,64269.83,64648.79,63758.0,64501.52,1896.70634
2026-07-29 19:00:00+00:00,1785351600000,64501.52,64600.0,63511.0,63589.46,1453.05091
2026-07-29 20:00:00+00:00,1785355200000,63589.46,63746.42,63378.09,63522.01,788.59239
2026-07-29 21:00:00+00:00,1785358800000,63522.01,63860.0,63267.34,63860.0,771.02443
2026-07-29 22:00:00+00:00,1785362400000,63860.0,64131.44,63859.99,63942.5,704.70887
2026-07-29 23:00:00+00:00,1785366000000,63942.5,64067.12,63899.0,63984.28,331.88265
2026-07-30 00:00:00+00:00,1785369600000,63984.29,64125.61,63603.92,63696.72,649.94769
2026-07-30 01:00:00+00:00,1785373200000,63696.73,64370.0,63690.0,64266.0,686.07285
2026-07-30 02:00:00+00:00,1785376800000,64266.01,64411.76,64159.63,64189.99,575.1734
2026-07-30 03:00:00+00:00,1785380400000,64190.0,64300.91,64133.99,64161.98,422.8264
2026-07-30 04:00:00+00:00,1785384000000,64161.98,64180.0,64008.5,64023.99,927.45873
2026-07-30 05:00:00+00:00,1785387600000,64024.0,64182.0,63907.85,64033.89,766.12333
2026-07-30 06:00:00+00:00,1785391200000,64033.9,64080.0,63957.2,64002.0,642.99866
2026-07-30 07:00:00+00:00,1785394800000,64001.99,64144.06,63943.29,64026.0,710.04842
2026-07-30 08:00:00+00:00,1785398400000,64026.0,64358.99,63980.54,64308.01,1143.21426
2026-07-30 09:00:00+00:00,1785402000000,64308.01,64641.37,64283.8,64567.56,2560.14823
2026-07-30 10:00:00+00:00,1785405600000,64567.55,64631.99,64562.0,64570.72,459.04462
2026-07-30 11:00:00+00:00,1785409200000,64570.72,64885.18,64542.73,64788.0,630.38864
2026-07-30 12:00:00+00:00,1785412800000,64788.01,65043.94,64788.0,64925.0,819.62205
2026-07-30 13:00:00+00:00,1785416400000,64925.0,65176.6,64689.02,65022.01,1173.19736
2026-07-30 14:00:00+00:00,1785420000000,65022.0,65042.0,64620.0,64683.97,1065.79722
2026-07-30 15:00:00+00:00,1785423600000,64683.97,64888.0,64607.31,64730.3,678.51535
2026-07-30 16:00:00+00:00,1785427200000,64730.29,64963.64,64729.56,64818.01,615.24584
2026-07-30 17:00:00+00:00,1785430800000,64818.01,64988.0,64772.0,64872.0,452.4677
2026-07-30 18:00:00+00:00,1785434400000,64871.99,64899.8,64688.0,64702.8,263.9882
2026-07-30 19:00:00+00:00,1785438000000,64702.8,64904.0,64702.79,64800.0,356.88836
2026-07-30 20:00:00+00:00,1785441600000,64800.0,64936.0,64752.12,64777.37,330.42092
2026-07-30 21:00:00+00:00,1785445200000,64777.38,64802.48,64700.34,64735.53,227.76045
2026-07-30 22:00:00+00:00,1785448800000,64735.53,65029.29,64668.91,64851.16,482.45748
2026-07-30 23:00:00+00:00,1785452400000,64851.16,65086.4,64740.0,64780.02,491.7787
2026-07-31 00:00:00+00:00,1785456000000,64780.03,64901.55,64690.29,64724.91,660.4309
2026-07-31 01:00:00+00:00,1785459600000,64724.92,65409.56,64480.44,64564.01,1217.00276
2026-07-31 02:00:00+00:00,1785463200000,64564.0,64614.0,64203.58,64297.79,855.65776
2026-07-31 03:00:00+00:00,1785466800000,64297.79,64439.81,64172.0,64370.0,548.04563
2026-07-31 04:00:00+00:00,1785470400000,64370.0,64438.0,64236.0,64300.0,391.13431
2026-07-31 05:00:00+00:00,1785474000000,64299.99,64421.68,64268.47,64363.06,529.40293
2026-07-31 06:00:00+00:00,1785477600000,64363.06,64496.64,64196.08,64231.97,503.77566
2026-07-31 07:00:00+00:00,1785481200000,64231.97,64245.57,63878.11,63950.01,3088.95651
2026-07-31 08:00:00+00:00,1785484800000,63950.01,63987.36,63784.67,63834.01,734.18718
2026-07-31 09:00:00+00:00,1785488400000,63834.01,63847.13,63638.18,63715.9,562.33026
2026-07-31 10:00:00+00:00,1785492000000,63715.91,63951.77,63610.0,63918.67,422.39058
2026-07-31 11:00:00+00:00,1785495600000,63918.68,64011.99,63792.01,63805.51,287.14604
2026-07-31 12:00:00+00:00,1785499200000,63805.5,63830.62,63627.66,63754.01,516.25828
2026-07-31 13:00:00+00:00,1785502800000,63754.01,63849.19,63241.71,63270.73,1511.53534
2026-07-31 14:00:00+00:00,1785506400000,63270.72,63310.0,62466.0,62682.06,3628.40429
2026-07-31 15:00:00+00:00,1785510000000,62682.05,62769.36,62490.24,62716.57,965.95557
2026-07-31 16:00:00+00:00,1785513600000,62716.57,62931.79,62709.01,62870.88,857.24803
2026-07-31 17:00:00+00:00,1785517200000,62870.87,63301.68,62800.0,63245.44,856.72938
2026-07-31 18:00:00+00:00,1785520800000,63245.44,63302.0,62966.0,63097.57,753.45664
2026-07-31 19:00:00+00:00,1785524400000,63097.57,63158.0,62936.29,62972.0,304.88916
2026-07-31 20:00:00+00:00,1785528000000,62972.0,63034.0,62928.35,62953.7,318.42027
2026-07-31 21:00:00+00:00,1785531600000,62953.7,63062.47,62846.0,62947.78,334.75985
2026-07-31 22:00:00+00:00,1785535200000,62947.77,63020.0,62870.01,62950.0,440.99494
2026-07-31 23:00:00+00:00,1785538800000,62950.01,63013.52,62860.64,62887.88,186.49459
2026-08-01 00:00:00+00:00,1785542400000,62887.88,63024.04,62887.87,62938.01,517.26897
2026-08-01 01:00:00+00:00,1785546000000,62938.01,62990.0,62923.47,62975.01,386.71985
2026-08-01 02:00:00+00:00,1785549600000,62975.0,63106.55,62975.0,63075.07,348.67082
2026-08-01 03:00:00+00:00,1785553200000,63075.08,63075.08,62970.65,63004.48,388.95582
2026-08-01 04:00:00+00:00,1785556800000,63004.47,63115.37,62993.2,63115.01,223.92941
2026-08-01 05:00:00+00:00,1785560400000,63115.0,63142.85,63000.85,63020.0,458.27671
2026-08-01 06:00:00+00:00,1785564000000,63020.0,63086.65,62992.82,63080.64,434.87477
2026-08-01 07:00:00+00:00,1785567600000,63080.65,63110.89,63034.0,63050.46,150.69173
2026-08-01 08:00:00+00:00,1785571200000,63050.45,63150.0,63050.45,63126.25,106.02817
2026-08-01 09:00:00+00:00,1785574800000,63126.25,63139.54,63046.33,63053.17,228.45152
2026-08-01 10:00:00+00:00,1785578400000,63053.17,63111.09,62986.31,63056.0,321.04349
2026-08-01 11:00:00+00:00,1785582000000,63055.99,63091.97,63037.72,63076.0,179.08594
2026-08-01 12:00:00+00:00,1785585600000,63076.0,63119.4,63076.0,63103.68,320.18632
2026-08-01 13:00:00+00:00,1785589200000,63103.68,63106.83,63051.0,63069.32,187.46878
2026-08-01 14:00:00+00:00,1785592800000,63069.31,63127.07,63069.31,63126.52,385.79335
2026-08-01 15:00:00+00:00,1785596400000,63126.53,63126.53,63007.05,63007.06,164.42533
2026-08-01 16:00:00+00:00,1785600000000,63007.06,63027.65,62874.0,62932.32,327.87182
2026-08-01 17:00:00+00:00,1785603600000,62932.32,62996.0,62666.0,62708.07,359.17517
2026-08-01 18:00:00+00:00,1785607200000,62708.06,62734.0,62275.0,62580.56,931.42897
2026-08-01 19:00:00+00:00,1785610800000,62580.55,62624.0,62461.17,62529.82,312.52626
2026-08-01 20:00:00+00:00,1785614400000,62529.81,62674.98,62482.99,62662.13,183.46966
2026-08-01 21:00:00+00:00,1785618000000,62662.14,62864.0,62662.13,62812.75,229.38386
2026-08-01 22:00:00+00:00,1785621600000,62812.76,62866.62,62794.17,62831.28,129.54917
2026-08-01 23:00:00+00:00,1785625200000,62831.29,62862.8,62769.97,62823.64,287.81315
2026-08-02 00:00:00+00:00,1785628800000,62823.65,62979.99,62806.58,62833.99,397.27424
2026-08-02 01:00:00+00:00,1785632400000,62834.0,63088.0,62834.0,62981.87,215.77694
2026-08-02 02:00:00+00:00,1785636000000,62981.87,63547.7,62958.54,63451.58,1068.41906
2026-08-02 03:00:00+00:00,1785639600000,63451.58,63550.0,63380.0,63461.95,388.55462
2026-08-02 04:00:00+00:00,1785643200000,63461.95,63612.0,63461.95,63590.0,302.37117
2026-08-02 05:00:00+00:00,1785646800000,63590.0,63634.0,63415.26,63453.27,261.31562
2026-08-02 06:00:00+00:00,1785650400000,63453.27,63498.15,63435.99,63482.49,160.39885
2026-08-02 07:00:00+00:00,1785654000000,63482.49,63544.51,63480.0,63506.24,412.11258
2026-08-02 08:00:00+00:00,1785657600000,63506.23,63530.0,63172.0,63193.99,542.79786
2026-08-02 09:00:00+00:00,1785661200000,63194.0,63320.0,63094.0,63273.94,277.11141
2026-08-02 10:00:00+00:00,1785664800000,63273.94,63273.94,63125.06,63205.03,200.2751
2026-08-02 11:00:00+00:00,1785668400000,63205.03,63206.0,62982.38,63031.99,373.06149
2026-08-02 12:00:00+00:00,1785672000000,63031.99,63231.67,63031.99,63125.49,247.99863
2026-08-02 13:00:00+00:00,1785675600000,63125.49,63146.89,63010.0,63126.92,262.12825
2026-08-02 14:00:00+00:00,1785679200000,63126.92,63186.0,63062.0,63069.37,314.22912
2026-08-02 15:00:00+00:00,1785682800000,63069.37,63186.0,63050.0,63109.14,191.05332
2026-08-02 16:00:00+00:00,1785686400000,63109.13,63273.49,63064.01,63180.36,267.96361
2026-08-02 17:00:00+00:00,1785690000000,63180.36,63342.0,63152.0,63300.28,318.39177
2026-08-02 18:00:00+00:00,1785693600000,63300.0,63610.01,63290.0,63382.01,518.81545
2026-08-02 19:00:00+00:00,1785697200000,63382.01,63479.85,63323.89,63456.01,247.35839
2026-08-02 20:00:00+00:00,1785700800000,63456.0,63501.48,63404.69,63494.52,140.51262
2026-08-02 21:00:00+00:00,1785704400000,63494.51,63785.0,63479.45,63578.0,457.27756
2026-08-02 22:00:00+00:00,1785708000000,63578.01,63796.33,63376.71,63424.58,484.1409
2026-08-02 23:00:00+00:00,1785711600000,63424.58,63596.0,63344.0,63570.0,337.67298
2026-08-03 00:00:00+00:00,1785715200000,63570.01,63596.0,63208.3,63317.6,357.32342
2026-08-03 01:00:00+00:00,1785718800000,63317.61,63350.0,63111.1,63212.16,372.31318
2026-08-03 02:00:00+00:00,1785722400000,63212.16,63286.0,63100.0,63141.4,334.18959
2026-08-03 03:00:00+00:00,1785726000000,63141.39,63168.44,62786.04,62870.49,516.46423
2026-08-03 04:00:00+00:00,1785729600000,62870.48,63001.77,62770.37,62790.0,320.41763
2026-08-03 05:00:00+00:00,1785733200000,62790.0,62875.02,62751.3,62827.17,546.69206
2026-08-03 06:00:00+00:00,1785736800000,62827.17,62872.58,62613.0,62623.6,396.31841
2026-08-03 07:00:00+00:00,1785740400000,62623.6,62700.0,62552.04,62621.1,1264.72827
2026-08-03 08:00:00+00:00,1785744000000,62621.1,62647.69,62300.0,62541.5,657.33122
2026-08-03 09:00:00+00:00,1785747600000,62541.5,62863.1,62520.0,62837.4,585.41075
2026-08-03 10:00:00+00:00,1785751200000,62837.4,62860.0,62615.11,62742.01,443.80935
2026-08-03 11:00:00+00:00,1785754800000,62742.01,62778.92,62540.95,62560.01,282.26451
2026-08-03 12:00:00+00:00,1785758400000,62560.01,62799.3,62445.26,62700.0,437.23263
2026-08-03 13:00:00+00:00,1785762000000,62700.01,63390.0,62562.42,63351.09,1121.39133
2026-08-03 14:00:00+00:00,1785765600000,63351.09,63992.71,63136.0,63967.19,2387.82383
2026-08-03 15:00:00+00:00,1785769200000,63967.19,63989.75,63646.59,63694.91,1368.53804
2026-08-03 16:00:00+00:00,1785772800000,63694.9,63939.99,63664.0,63776.46,800.0795
2026-08-03 17:00:00+00:00,1785776400000,63776.46,64059.75,63714.55,63906.0,628.1066
2026-08-03 18:00:00+00:00,1785780000000,63905.99,64000.0,63768.0,63870.87,368.04477
2026-08-03 19:00:00+00:00,1785783600000,63870.87,64080.0,63846.0,63869.38,545.18183
2026-08-03 20:00:00+00:00,1785787200000,63869.38,64023.61,63769.92,63775.43,498.9936
2026-08-03 21:00:00+00:00,1785790800000,63775.43,63791.98,63548.0,63590.15,427.95014
2026-08-03 22:00:00+00:00,1785794400000,63590.15,63680.0,63392.01,63618.0,422.48287
2026-08-03 23:00:00+00:00,1785798000000,63618.01,63621.35,63465.43,63520.0,460.20967
2026-08-04 00:00:00+00:00,1785801600000,63520.0,63585.09,63322.01,63361.99,536.23408
2026-08-04 01:00:00+00:00,1785805200000,63362.0,63927.99,63361.99,63847.93,808.63269
2026-08-04 02:00:00+00:00,1785808800000,63847.92,63972.0,63686.44,63822.44,596.20908
2026-08-04 03:00:00+00:00,1785812400000,63822.45,63860.0,63649.0,63800.01,343.13285
2026-08-04 04:00:00+00:00,1785816000000,63800.01,64243.81,63762.0,64029.0,795.09044
2026-08-04 05:00:00+00:00,1785819600000,64029.01,64056.0,63788.23,63818.48,306.74636
2026-08-04 06:00:00+00:00,1785823200000,63818.47,63859.71,63654.16,63670.0,321.82249
2026-08-04 07:00:00+00:00,1785826800000,63670.0,63763.63,63506.78,63685.74,779.79552
2026-08-04 08:00:00+00:00,1785830400000,63685.73,63748.22,63564.99,63588.94,412.14854
2026-08-04 09:00:00+00:00,1785834000000,63589.04,63610.0,63516.43,63603.73,356.68509
2026-08-04 10:00:00+00:00,1785837600000,63603.73,63842.0,63451.8,63764.0,613.8334
2026-08-04 11:00:00+00:00,1785841200000,63763.99,63950.0,63712.0,63926.0,457.77198
2026-08-04 12:00:00+00:00,1785844800000,63926.0,64062.46,63788.0,63906.41,546.54537
2026-08-04 13:00:00+00:00,1785848400000,63906.41,64097.74,63656.0,63683.94,1052.90355
2026-08-04 14:00:00+00:00,1785852000000,63683.95,64193.54,63615.38,64128.72,879.92592
2026-08-04 15:00:00+00:00,1785855600000,64128.73,64238.0,63814.29,64125.14,876.1178
2026-08-04 16:00:00+00:00,1785859200000,64125.14,64130.0,63897.22,63950.93,546.40306
2026-08-04 17:00:00+00:00,1785862800000,63950.94,64184.0,63892.0,63972.09,719.77508
2026-08-04 18:00:00+00:00,1785866400000,63972.09,64400.0,63965.73,64305.99,693.34672
2026-08-04 19:00:00+00:00,1785870000000,64305.99,64413.21,64193.57,64233.36,534.82384
2026-08-04 20:00:00+00:00,1785873600000,64233.35,64420.0,64001.68,64341.0,558.35238
2026-08-04 21:00:00+00:00,1785877200000,64341.0,64341.99,64175.52,64194.0,220.73608
2026-08-04 22:00:00+00:00,1785880800000,64193.99,64293.91,64140.0,64270.61,181.53234
2026-08-04 23:00:00+00:00,1785884400000,64270.62,64549.16,64081.26,64106.56,551.91443
2026-08-05 00:00:00+00:00,1785888000000,64106.55,64193.25,63978.44,63988.0,649.78599
2026-08-05 01:00:00+00:00,1785891600000,63988.0,64346.0,63950.0,64333.84,393.02738
2026-08-05 02:00:00+00:00,1785895200000,64333.85,64504.0,64322.59,64368.26,562.72054
2026-08-05 03:00:00+00:00,1785898800000,64368.27,64446.0,64046.0,64183.27,445.73851
2026-08-05 04:00:00+00:00,1785902400000,64183.27,64218.0,64088.01,64176.7,184.21473
2026-08-05 05:00:00+00:00,1785906000000,64176.69,64525.97,64163.36,64330.87,480.37923
2026-08-05 06:00:00+00:00,1785909600000,64330.86,64373.31,64229.34,64253.58,396.58374
2026-08-05 07:00:00+00:00,1785913200000,64253.59,64272.0,63995.89,64163.99,577.00898
2026-08-05 08:00:00+00:00,1785916800000,64164.0,64280.0,64098.0,64120.81,335.28683
2026-08-05 09:00:00+00:00,1785920400000,64120.81,64210.83,64102.95,64155.05,184.00109
2026-08-05 10:00:00+00:00,1785924000000,64155.06,64242.93,64020.0,64062.23,387.90421
2026-08-05 11:00:00+00:00,1785927600000,64062.23,64150.0,64044.5,64075.28,258.58817
2026-08-05 12:00:00+00:00,1785931200000,64075.28,64581.43,64050.0,64332.43,1037.97436
2026-08-05 13:00:00+00:00,1785934800000,64332.43,64412.0,63880.0,64407.99,1022.29322
2026-08-05 14:00:00+00:00,1785938400000,64407.99,64578.0,64300.0,64476.39,1047.50709
2026-08-05 15:00:00+00:00,1785942000000,64476.4,64744.0,64385.49,64388.01,986.83874
2026-08-05 16:00:00+00:00,1785945600000,64388.01,64760.99,64388.0,64661.99,538.9344
2026-08-05 17:00:00+00:00,1785949200000,64661.99,64804.0,64541.71,64770.0,480.07544
2026-08-05 18:00:00+00:00,1785952800000,64770.0,64844.99,64670.01,64799.1,509.17226
2026-08-05 19:00:00+00:00,1785956400000,64799.1,64936.18,64781.79,64840.28,466.98679
2026-08-05 20:00:00+00:00,1785960000000,64840.27,65025.22,64806.46,64822.89,498.389
2026-08-05 21:00:00+00:00,1785963600000,64822.88,64825.78,64657.69,64733.13,467.37291
2026-08-05 22:00:00+00:00,1785967200000,64733.13,64783.84,64629.81,64636.0,271.07045
2026-08-05 23:00:00+00:00,1785970800000,64636.0,64749.99,64579.15,64665.23,561.00122
2026-08-06 00:00:00+00:00,1785974400000,64665.24,64724.38,64572.0,64644.99,476.9934
2026-08-06 01:00:00+00:00,1785978000000,64644.92,64659.65,64498.0,64580.07,393.9399
2026-08-06 02:00:00+00:00,1785981600000,64580.08,64650.62,64439.34,64579.36,432.25507
2026-08-06 03:00:00+00:00,1785985200000,64579.36,64583.63,64493.2,64531.03,197.99261
2026-08-06 04:00:00+00:00,1785988800000,64531.03,64755.72,64496.27,64734.65,354.38235
2026-08-06 05:00:00+00:00,1785992400000,64734.65,64996.0,64730.26,64908.09,515.23827
2026-08-06 06:00:00+00:00,1785996000000,64908.1,64908.1,64745.69,64860.0,233.29381
2026-08-06 07:00:00+00:00,1785999600000,64860.0,64965.66,64776.0,64809.7,679.84082
2026-08-06 08:00:00+00:00,1786003200000,64809.7,64999.0,64760.0,64941.99,323.50568
2026-08-06 09:00:00+00:00,1786006800000,64942.0,64944.0,64630.0,64683.62,404.08385
2026-08-06 10:00:00+00:00,1786010400000,64683.62,64685.05,64581.21,64615.95,207.8831
2026-08-06 11:00:00+00:00,1786014000000,64615.95,64661.26,64503.54,64622.09,372.14171
2026-08-06 12:00:00+00:00,1786017600000,64622.08,64637.68,64381.96,64424.0,336.45805
2026-08-06 13:00:00+00:00,1786021200000,64424.01,64524.21,64172.0,64434.01,870.19548
2026-08-06 14:00:00+00:00,1786024800000,64434.01,64850.0,64362.0,64778.0,781.12724
2026-08-06 15:00:00+00:00,1786028400000,64778.01,64987.26,64624.29,64631.87,772.83402
2026-08-06 16:00:00+00:00,1786032000000,64631.88,64778.0,64592.37,64757.99,370.31723
2026-08-06 17:00:00+00:00,1786035600000,64758.0,64834.0,64548.81,64621.69,293.75208
2026-08-06 18:00:00+00:00,1786039200000,64621.68,64621.69,64378.67,64418.47,347.29306
2026-08-06 19:00:00+00:00,1786042800000,64418.48,64474.71,64365.0,64446.0,449.59357
2026-08-06 20:00:00+00:00,1786046400000,64446.01,64536.32,64439.7,64439.7,195.47529
2026-08-06 21:00:00+00:00,1786050000000,64439.71,64513.99,64404.74,64440.74,249.73283
2026-08-06 22:00:00+00:00,1786053600000,64440.74,64450.0,64330.4,64351.49,210.70667
2026-08-06 23:00:00+00:00,1786057200000,64351.48,64360.01,64200.0,64323.61,395.39675
2026-08-07 00:00:00+00:00,1786060800000,64323.61,64410.0,64230.59,64317.99,285.45231
2026-08-07 01:00:00+00:00,1786064400000,64318.0,64476.78,64300.0,64422.55,351.02167
2026-08-07 02:00:00+00:00,1786068000000,64422.54,64544.0,64252.09,64399.87,388.69448
2026-08-07 03:00:00+00:00,1786071600000,64399.88,64407.73,64260.0,64289.99,199.96303
2026-08-07 04:00:00+00:00,1786075200000,64289.99,64364.08,64166.0,64255.13,222.89749
2026-08-07 05:00:00+00:00,1786078800000,64255.14,64400.0,64177.62,64336.43,321.20596
2026-08-07 06:00:00+00:00,1786082400000,64336.42,64463.75,64283.91,64304.12,452.26837
2026-08-07 07:00:00+00:00,1786086000000,64304.12,64436.13,64264.0,64319.84,382.39149
2026-08-07 08:00:00+00:00,1786089600000,64319.84,64672.1,64304.22,64600.0,433.22408
2026-08-07 09:00:00+00:00,1786093200000,64600.0,64965.0,64599.99,64839.32,917.15159
2026-08-07 10:00:00+00:00,1786096800000,64839.32,64916.0,64802.0,64893.98,362.71626
2026-08-07 11:00:00+00:00,1786100400000,64893.99,65213.33,64893.64,65029.98,652.67441
2026-08-07 12:00:00+00:00,1786104000000,65029.98,65390.99,64986.26,65292.32,1412.7636
2026-08-07 13:00:00+00:00,1786107600000,65292.31,65338.0,64984.68,65009.24,1271.25225
2026-08-07 14:00:00+00:00,1786111200000,65009.23,65275.03,64788.0,64957.98,982.58571
2026-08-07 15:00:00+00:00,1786114800000,64957.98,65136.17,64894.83,64912.72,468.0279
2026-08-07 16:00:00+00:00,1786118400000,64912.71,65072.31,64814.0,64814.0,485.33624
2026-08-07 17:00:00+00:00,1786122000000,64814.01,64828.82,64525.0,64764.33,603.65716
2026-08-07 18:00:00+00:00,1786125600000,64764.33,64881.13,64676.0,64735.51,225.44204
2026-08-07 19:00:00+00:00,1786129200000,64735.52,65039.42,64735.52,64960.47,398.55222
2026-08-07 20:00:00+00:00,1786132800000,64960.46,65053.56,64948.0,64972.0,238.49651
2026-08-07 21:00:00+00:00,1786136400000,64972.0,65102.0,64928.0,64928.01,187.58406
2026-08-07 22:00:00+00:00,1786140000000,64928.02,64947.7,64846.0,64888.0,304.11479
2026-08-07 23:00:00+00:00,1786143600000,64888.0,64923.2,64869.99,64923.19,259.93041
2026-08-08 00:00:00+00:00,1786147200000,64923.2,64954.0,64784.19,64929.01,432.5947
2026-08-08 01:00:00+00:00,1786150800000,64929.01,64965.0,64908.97,64911.79,283.12303
2026-08-08 02:00:00+00:00,1786154400000,64911.8,64957.47,64894.49,64923.97,317.46111
2026-08-08 03:00:00+00:00,1786158000000,64923.98,65074.18,64918.28,65033.0,277.39242
2026-08-08 04:00:00+00:00,1786161600000,65033.0,65071.15,64971.18,65013.58,199.83614
2026-08-08 05:00:00+00:00,1786165200000,65013.58,65018.64,64976.0,64995.39,118.91329
2026-08-08 06:00:00+00:00,1786168800000,64995.39,65014.0,64959.81,65006.61,298.35674
2026-08-08 07:00:00+00:00,1786172400000,65006.61,65006.61,64951.34,64960.0,169.03379
2026-08-08 08:00:00+00:00,1786176000000,64959.99,65020.5,64948.56,64993.87,150.80437
2026-08-08 09:00:00+00:00,1786179600000,64993.88,65050.0,64992.98,64994.31,303.53576
2026-08-08 10:00:00+00:00,1786183200000,64994.31,65022.43,64994.31,65005.87,144.30853
2026-08-08 11:00:00+00:00,1786186800000,65005.88,65024.1,64957.0,64967.35,178.16146
2026-08-08 12:00:00+00:00,1786190400000,64967.36,65050.55,64924.0,65008.34,234.45077
2026-08-08 13:00:00+00:00,1786194000000,65008.33,65018.0,65000.0,65015.27,187.85749
2026-08-08 14:00:00+00:00,1786197600000,65015.27,65192.54,65015.27,65129.02,356.35929
2026-08-08 15:00:00+00:00,1786201200000,65129.01,65149.57,65061.31,65080.82,186.5848
2026-08-08 16:00:00+00:00,1786204800000,65080.83,65116.82,65039.0,65086.45,128.83529
2026-08-08 17:00:00+00:00,1786208400000,65086.46,65150.0,65075.46,65119.75,187.72596
2026-08-08 18:00:00+00:00,1786212000000,65119.75,65119.75,65025.54,65044.07,168.52013
2026-08-08 19:00:00+00:00,1786215600000,65044.08,65093.7,65017.39,65075.41,205.39734
2026-08-08 20:00:00+00:00,1786219200000,65075.4,65100.61,65060.0,65082.41,382.31735
2026-08-08 21:00:00+00:00,1786222800000,65082.42,65082.42,65000.53,65012.96,216.53129
2026-08-08 22:00:00+00:00,1786226400000,65012.95,65038.0,64948.17,64950.61,427.30382
2026-08-08 23:00:00+00:00,1786230000000,64950.62,64975.99,64936.01,64962.6,204.73811
2026-08-09 00:00:00+00:00,1786233600000,64962.6,64991.93,64958.17,64973.65,214.05253
2026-08-09 01:00:00+00:00,1786237200000,64973.65,65002.0,64838.33,64861.46,330.74593
2026-08-09 02:00:00+00:00,1786240800000,64861.46,64863.16,64777.92,64820.01,255.40052
2026-08-09 03:00:00+00:00,1786244400000,64820.01,64820.01,64730.08,64788.8,153.75776
2026-08-09 04:00:00+00:00,1786248000000,64788.8,64826.13,64785.0,64785.0,156.31772
2026-08-09 05:00:00+00:00,1786251600000,64785.01,64801.58,64777.0,64801.58,194.39306
2026-08-09 06:00:00+00:00,1786255200000,64801.57,64867.11,64801.57,64849.99,216.36529
2026-08-09 07:00:00+00:00,1786258800000,64850.0,64860.01,64826.14,64826.14,338.38864
2026-08-09 08:00:00+00:00,1786262400000,64826.15,64960.06,64792.1,64824.16,328.93534
2026-08-09 09:00:00+00:00,1786266000000,64824.17,64877.86,64809.68,64877.85,149.22124
2026-08-09 10:00:00+00:00,1786269600000,64877.86,64994.07,64877.85,64959.86,249.48898
2026-08-09 11:00:00+00:00,1786273200000,64959.87,65000.0,64950.0,64950.0,150.77221
2026-08-09 12:00:00+00:00,1786276800000,64950.01,64962.41,64914.73,64960.11,166.88575
2026-08-09 13:00:00+00:00,1786280400000,64960.12,65266.0,64960.11,65219.78,406.90586
2026-08-09 14:00:00+00:00,1786284000000,65219.78,65300.0,65150.95,65260.01,280.8075
2026-08-09 15:00:00+00:00,1786287600000,65260.01,65264.0,65214.0,65228.68,364.1864
2026-08-09 16:00:00+00:00,1786291200000,65228.68,65266.06,65182.36,65232.14,289.41282
2026-08-09 17:00:00+00:00,1786294800000,65232.15,65239.18,65198.68,65198.68,130.05099
2026-08-09 18:00:00+00:00,1786298400000,65198.68,65220.0,65192.0,65199.68,83.21999
2026-08-09 19:00:00+00:00,1786302000000,65199.69,65210.0,65179.72,65180.66,257.6312
2026-08-09 20:00:00+00:00,1786305600000,65180.66,65181.99,65046.25,65137.96,465.99754
2026-08-09 21:00:00+00:00,1786309200000,65137.96,65250.0,65115.05,65192.99,485.32235
2026-08-09 22:00:00+00:00,1786312800000,65192.99,65474.46,64971.41,65077.13,941.55321
2026-08-09 23:00:00+00:00,1786316400000,65077.13,65108.0,64842.59,64901.59,421.42323
2026-08-10 00:00:00+00:00,1786320000000,64901.59,65322.58,64826.78,64968.01,556.44925
2026-08-10 01:00:00+00:00,1786323600000,64968.21,65391.14,64900.0,65189.99,410.26148
2026-08-10 02:00:00+00:00,1786327200000,65190.0,65220.0,64903.54,65099.99,432.7132
2026-08-10 03:00:00+00:00,1786330800000,65099.99,65172.0,64904.99,64982.01,335.63049
2026-08-10 04:00:00+00:00,1786334400000,64982.0,65100.0,64924.0,65006.73,333.49313
2026-08-10 05:00:00+00:00,1786338000000,65006.74,65159.25,64979.88,65134.0,299.63603
2026-08-10 06:00:00+00:00,1786341600000,65134.0,65339.7,65130.01,65299.4,433.93661
2026-08-10 07:00:00+00:00,1786345200000,65299.4,65379.13,65196.53,65202.73,554.01187
2026-08-10 08:00:00+00:00,1786348800000,65202.72,65328.73,65192.0,65245.58,316.81156
2026-08-10 09:00:00+00:00,1786352400000,65245.59,65245.59,64958.87,64967.24,389.34609
2026-08-10 10:00:00+00:00,1786356000000,64967.25,65074.61,64967.24,65013.06,428.4961
2026-08-10 11:00:00+00:00,1786359600000,65013.07,65130.16,64977.93,65125.98,160.3373
2026-08-10 12:00:00+00:00,1786363200000,65125.99,65237.8,64850.0,64870.75,596.12387
2026-08-10 13:00:00+00:00,1786366800000,64870.74,64973.72,64518.01,64561.98,1297.24239
2026-08-10 14:00:00+00:00,1786370400000,64561.98,64888.32,64544.01,64625.77,650.29814
2026-08-10 15:00:00+00:00,1786374000000,64625.77,64711.43,64203.15,64299.99,1096.33991
2026-08-10 16:00:00+00:00,1786377600000,64299.99,64354.0,63830.57,63904.65,1498.06925
2026-08-10 17:00:00+00:00,1786381200000,63904.65,64027.12,63832.0,63953.04,1290.55418
2026-08-10 18:00:00+00:00,1786384800000,63953.04,64020.64,63806.27,63889.39,944.06538
2026-08-10 19:00:00+00:00,1786388400000,63889.39,64101.34,63888.01,64045.7,543.26284
2026-08-10 20:00:00+00:00,1786392000000,64045.7,64215.21,64023.06,64158.5,286.34235
2026-08-10 21:00:00+00:00,1786395600000,64158.49,64158.5,63987.0,63987.0,239.68387
2026-08-10 22:00:00+00:00,1786399200000,63987.0,64055.95,63944.0,64016.0,216.96727
2026-08-10 23:00:00+00:00,1786402800000,64015.99,64020.0,63920.69,63970.01,328.33621
2026-08-11 00:00:00+00:00,1786406400000,63970.01,64058.0,63895.64,64040.0,690.26826
2026-08-11 01:00:00+00:00,1786410000000,64040.01,64080.1,63958.2,64060.8,355.07512
2026-08-11 02:00:00+00:00,1786413600000,64060.8,64086.0,64030.0,64044.59,263.24469
2026-08-11 03:00:00+00:00,1786417200000,64044.6,64176.0,64044.59,64155.01,524.13513
2026-08-11 04:00:00+00:00,1786420800000,64155.0,64159.65,64021.02,64023.51,360.17249
2026-08-11 05:00:00+00:00,1786424400000,64023.51,64051.93,63964.0,64000.0,217.31247
2026-08-11 06:00:00+00:00,1786428000000,64000.0,64050.43,63852.0,63969.28,681.87714
2026-08-11 07:00:00+00:00,1786431600000,63969.29,64108.0,63911.09,64065.99,380.83043
2026-08-11 08:00:00+00:00,1786435200000,64066.0,64148.78,64044.72,64136.41,168.66039
2026-08-11 09:00:00+00:00,1786438800000,64136.41,64300.0,64121.51,64300.0,453.24003
2026-08-11 10:00:00+00:00,1786442400000,64300.0,64312.7,64200.0,64233.23,408.12036
2026-08-11 11:00:00+00:00,1786446000000,64233.23,64400.0,64233.23,64389.57,538.09782
2026-08-11 12:00:00+00:00,1786449600000,64389.58,64515.43,64274.57,64330.01,714.43565
2026-08-11 13:00:00+00:00,1786453200000,64330.0,64368.42,64050.0,64200.28,1390.7479
2026-08-11 14:00:00+00:00,1786456800000,64200.29,64263.83,63714.75,63770.03,985.02313
2026-08-11 15:00:00+00:00,1786460400000,63770.03,63868.0,63451.0,63609.87,1286.57237
2026-08-11 16:00:00+00:00,1786464000000,63609.86,63660.0,63459.54,63512.59,740.82749
2026-08-11 17:00:00+00:00,1786467600000,63512.59,63632.94,63461.88,63607.88,482.84238
2026-08-11 18:00:00+00:00,1786471200000,63607.87,63626.03,63251.59,63373.07,749.01907
2026-08-11 19:00:00+00:00,1786474800000,63373.07,63536.0,63238.0,63536.0,452.04779
2026-08-11 20:00:00+00:00,1786478400000,63536.0,63748.37,63536.0,63740.0,321.5572
2026-08-11 21:00:00+00:00,1786482000000,63740.0,63768.58,63622.0,63672.73,269.417
2026-08-11 22:00:00+00:00,1786485600000,63672.73,63768.0,63626.25,63668.49,253.27935
2026-08-11 23:00:00+00:00,1786489200000,63668.5,63668.5,63543.55,63600.0,204.82882
2026-08-12 00:00:00+00:00,1786492800000,63600.01,63745.53,63534.01,63742.07,247.42097
2026-08-12 01:00:00+00:00,1786496400000,63742.07,63855.5,63698.18,63813.8,499.92358
2026-08-12 02:00:00+00:00,1786500000000,63813.8,63908.01,63730.72,63749.76,612.29132
2026-08-12 03:00:00+00:00,1786503600000,63749.77,63845.91,63709.85,63835.59,538.85374
2026-08-12 04:00:00+00:00,1786507200000,63835.58,63891.42,63739.99,63769.58,568.35931
2026-08-12 05:00:00+00:00,1786510800000,63769.58,63869.56,63724.25,63849.94,540.4656
2026-08-12 06:00:00+00:00,1786514400000,63849.94,63849.94,63606.15,63711.97,563.28705
2026-08-12 07:00:00+00:00,1786518000000,63711.97,63838.0,63644.1,63837.99,458.43036
2026-08-12 08:00:00+00:00,1786521600000,63838.0,63867.2,63773.98,63794.94,303.11959
2026-08-12 09:00:00+00:00,1786525200000,63794.95,64130.47,63768.01,64108.81,553.52986
2026-08-12 10:00:00+00:00,1786528800000,64108.82,64218.0,64059.99,64143.36,996.13758
2026-08-12 11:00:00+00:00,1786532400000,64143.36,64249.5,64113.5,64240.04,414.30431
2026-08-12 12:00:00+00:00,1786536000000,64240.04,64500.0,63976.37,64119.71,1297.05947
2026-08-12 13:00:00+00:00,1786539600000,64119.72,64159.36,63840.0,63840.0,727.44098
2026-08-12 14:00:00+00:00,1786543200000,63840.0,63926.13,63362.74,63363.39,1163.88428
2026-08-12 15:00:00+00:00,1786546800000,63363.39,63570.01,63316.0,63441.47,771.05562
2026-08-12 16:00:00+00:00,1786550400000,63441.48,63578.0,63368.35,63492.12,487.79219
2026-08-12 17:00:00+00:00,1786554000000,63492.12,63556.0,63416.4,63471.0,292.36777
2026-08-12 18:00:00+00:00,1786557600000,63470.99,63522.56,63373.97,63386.59,396.92257
2026-08-12 19:00:00+00:00,1786561200000,63386.58,63465.13,63310.34,63421.11,381.53313
2026-08-12 20:00:00+00:00,1786564800000,63421.11,63600.0,63421.11,63599.99,307.26199
2026-08-12 21:00:00+00:00,1786568400000,63600.0,63661.24,63421.61,63469.83,267.57645
2026-08-12 22:00:00+00:00,1786572000000,63469.84,63536.0,63370.0,63432.28,240.00896
2026-08-12 23:00:00+00:00,1786575600000,63432.28,63482.89,63378.23,63479.99,998.04154
2026-08-13 00:00:00+00:00,1786579200000,63479.99,63717.31,63460.32,63556.92,406.77009
2026-08-13 01:00:00+00:00,1786582800000,63556.91,63631.67,63382.45,63456.11,317.88444
2026-08-13 02:00:00+00:00,1786586400000,63456.1,63582.0,63380.0,63550.01,458.1649
2026-08-13 03:00:00+00:00,1786590000000,63550.01,63686.4,63514.21,63646.99,401.71819
2026-08-13 04:00:00+00:00,1786593600000,63647.0,63778.0,63591.56,63693.74,223.42484
2026-08-13 05:00:00+00:00,1786597200000,63693.73,64010.0,63671.64,63878.0,500.10882
2026-08-13 06:00:00+00:00,1786600800000,63878.01,63942.36,63757.47,63942.35,256.03719
2026-08-13 07:00:00+00:00,1786604400000,63942.36,63947.09,63856.13,63865.84,533.09585
2026-08-13 08:00:00+00:00,1786608000000,63865.84,63915.0,63742.0,63766.8,439.81868
2026-08-13 09:00:00+00:00,1786611600000,63766.8,63786.49,63587.99,63782.64,337.82326
2026-08-13 10:00:00+00:00,1786615200000,63782.65,63818.16,63586.0,63651.19,317.79982
2026-08-13 11:00:00+00:00,1786618800000,63651.2,63660.76,63350.0,63484.3,355.63538
2026-08-13 12:00:00+00:00,1786622400000,63484.31,63710.0,63450.0,63697.76,384.47294
2026-08-13 13:00:00+00:00,1786626000000,63697.76,63850.0,63566.0,63724.0,561.86509
2026-08-13 14:00:00+00:00,1786629600000,63723.99,63999.0,63686.0,63859.45,669.38212
2026-08-13 15:00:00+00:00,1786633200000,63859.46,63940.08,63420.0,63420.01,505.15868
2026-08-13 16:00:00+00:00,1786636800000,63420.01,63568.97,62802.27,63160.13,1752.37181
2026-08-13 17:00:00+00:00,1786640400000,63160.13,63294.61,63074.44,63144.38,644.48394
2026-08-13 18:00:00+00:00,1786644000000,63144.37,63369.63,63105.44,63310.0,325.89181
2026-08-13 19:00:00+00:00,1786647600000,63310.0,63519.39,63310.0,63407.99,349.14796
2026-08-13 20:00:00+00:00,1786651200000,63408.0,63474.34,63368.0,63415.55,239.68311
2026-08-13 21:00:00+00:00,1786654800000,63415.56,63500.0,63390.0,63474.0,188.33344
2026-08-13 22:00:00+00:00,1786658400000,63474.0,63640.0,63473.99,63530.01,226.97651
2026-08-13 23:00:00+00:00,1786662000000,63530.01,63539.03,63400.0,63490.86,397.80966
2026-08-14 00:00:00+00:00,1786665600000,63490.86,63552.99,63410.0,63541.45,377.80366
2026-08-14 01:00:00+00:00,1786669200000,63541.45,63585.92,63458.0,63575.86,310.91391
2026-08-14 02:00:00+00:00,1786672800000,63575.86,63617.45,63465.38,63465.39,489.39475
2026-08-14 03:00:00+00:00,1786676400000,63465.39,63576.0,63301.58,63310.0,296.84163
2026-08-14 04:00:00+00:00,1786680000000,63310.0,63472.5,63276.0,63372.56,530.66039
2026-08-14 05:00:00+00:00,1786683600000,63372.56,63400.3,63286.67,63379.83,201.71573
2026-08-14 06:00:00+00:00,1786687200000,63379.83,63379.83,62942.0,62974.14,627.73261
2026-08-14 07:00:00+00:00,1786690800000,62974.14,63110.0,62920.0,62920.78,730.23378
2026-08-14 08:00:00+00:00,1786694400000,62920.78,62997.83,62700.0,62940.01,892.48443
2026-08-14 09:00:00+00:00,1786698000000,62940.01,62940.01,62744.0,62792.75,501.14919
2026-08-14 10:00:00+00:00,1786701600000,62792.75,62946.0,62739.98,62814.14,598.55074
2026-08-14 11:00:00+00:00,1786705200000,62814.14,62936.82,62814.0,62868.83,444.92265
2026-08-14 12:00:00+00:00,1786708800000,62868.83,62913.3,62726.26,62741.69,486.51649
2026-08-14 13:00:00+00:00,1786712400000,62741.68,62822.33,62605.0,62668.0,987.78817
2026-08-14 14:00:00+00:00,1786716000000,62668.0,62797.88,62535.24,62620.01,998.23888
2026-08-14 15:00:00+00:00,1786719600000,62620.01,63089.18,62612.0,62990.95,988.09918
2026-08-14 16:00:00+00:00,1786723200000,62990.94,63215.58,62966.86,63133.48,566.22185
2026-08-14 17:00:00+00:00,1786726800000,63133.49,63247.05,63000.0,63013.69,454.05828
2026-08-14 18:00:00+00:00,1786730400000,63013.7,63088.21,62894.85,62930.01,367.77038
2026-08-14 19:00:00+00:00,1786734000000,62930.01,62996.0,62830.0,62968.05,394.98545
2026-08-14 20:00:00+00:00,1786737600000,62968.06,63020.74,62896.85,62907.59,359.43765
2026-08-14 21:00:00+00:00,1786741200000,62907.59,62937.22,62873.25,62928.49,179.646
2026-08-14 22:00:00+00:00,1786744800000,62928.49,62957.28,62800.0,62886.88,226.57205
2026-08-14 23:00:00+00:00,1786748400000,62886.87,63066.13,62865.03,63043.56,329.09114
2026-08-15 00:00:00+00:00,1786752000000,63043.56,63059.5,62992.91,63019.88,208.64233
2026-08-15 01:00:00+00:00,1786755600000,63019.89,63051.78,62993.57,63045.13,485.23532
2026-08-15 02:00:00+00:00,1786759200000,63045.14,63134.82,63035.95,63134.41,243.54429
2026-08-15 03:00:00+00:00,1786762800000,63134.41,63187.98,63039.99,63051.25,184.46775
2026-08-15 04:00:00+00:00,1786766400000,63051.25,63151.65,63051.25,63122.0,172.30243
2026-08-15 05:00:00+00:00,1786770000000,63122.01,63155.76,63039.99,63089.0,213.28052
2026-08-15 06:00:00+00:00,1786773600000,63089.0,63134.84,63027.89,63114.68,373.75318
2026-08-15 07:00:00+00:00,1786777200000,63114.68,63134.83,63042.0,63075.43,688.73174
2026-08-15 08:00:00+00:00,1786780800000,63075.43,63085.8,62933.71,62935.72,177.99645
2026-08-15 09:00:00+00:00,1786784400000,62935.72,63045.83,62920.0,63030.38,183.99371
2026-08-15 10:00:00+00:00,1786788000000,63030.39,63051.74,63002.12,63046.1,79.58111
2026-08-15 11:00:00+00:00,1786791600000,63046.1,63054.69,62996.85,63022.01,175.71191
2026-08-15 12:00:00+00:00,1786795200000,63022.01,63055.36,62946.58,63050.13,109.73402
2026-08-15 13:00:00+00:00,1786798800000,63050.12,63080.88,63028.11,63060.35,132.2968
2026-08-15 14:00:00+00:00,1786802400000,63060.34,63060.35,62996.77,63040.0,244.03751
2026-08-15 15:00:00+00:00,1786806000000,63040.01,63120.09,63032.0,63100.55,214.37562
2026-08-15 16:00:00+00:00,1786809600000,63100.55,63124.99,63066.73,63096.63,202.83972
2026-08-15 17:00:00+00:00,1786813200000,63096.62,63100.69,63066.21,63070.5,96.56413
2026-08-15 18:00:00+00:00,1786816800000,63070.49,63115.58,63044.37,63057.58,294.79086
2026-08-15 19:00:00+00:00,1786820400000,63057.58,63127.4,63057.57,63126.08,516.06271
2026-08-15 20:00:00+00:00,1786824000000,63126.07,63126.08,63076.96,63103.29,55.31906
2026-08-15 21:00:00+00:00,1786827600000,63103.29,63168.95,63103.29,63159.04,170.99952
2026-08-15 22:00:00+00:00,1786831200000,63159.04,63175.0,63135.52,63135.52,95.56932
2026-08-15 23:00:00+00:00,1786834800000,63135.52,63139.96,63086.0,63086.01,85.33037
2026-08-16 00:00:00+00:00,1786838400000,63086.01,63086.01,63061.47,63085.82,94.57372
2026-08-16 01:00:00+00:00,1786842000000,63085.81,63085.82,63012.0,63084.78,180.55557
2026-08-16 02:00:00+00:00,1786845600000,63084.78,63151.59,63024.22,63121.91,245.34897
2026-08-16 03:00:00+00:00,1786849200000,63121.92,63130.01,63115.61,63130.0,105.94774
2026-08-16 04:00:00+00:00,1786852800000,63130.01,63158.8,63090.0,63090.01,130.32114
2026-08-16 05:00:00+00:00,1786856400000,63090.0,63094.0,63040.0,63069.43,235.12057
2026-08-16 06:00:00+00:00,1786860000000,63069.43,63083.79,63043.21,63069.31,280.31849
2026-08-16 07:00:00+00:00,1786863600000,63069.32,63069.32,63054.34,63061.02,146.93998
2026-08-16 08:00:00+00:00,1786867200000,63061.03,63079.76,63061.02,63072.42,108.9221
2026-08-16 09:00:00+00:00,1786870800000,63072.43,63072.43,62968.45,62992.69,290.93169
2026-08-16 10:00:00+00:00,1786874400000,62992.68,63013.62,62968.45,63008.57,133.29459
2026-08-16 11:00:00+00:00,1786878000000,63008.56,63013.66,62981.93,63013.66,213.61707
2026-08-16 12:00:00+00:00,1786881600000,63013.66,63025.42,62997.77,63021.98,78.74312
2026-08-16 13:00:00+00:00,1786885200000,63021.99,63070.05,63021.98,63060.01,146.76198
2026-08-16 14:00:00+00:00,1786888800000,63060.01,63102.86,63060.0,63102.85,159.23473
2026-08-16 15:00:00+00:00,1786892400000,63102.86,63146.4,63102.86,63146.39,173.3934
2026-08-16 16:00:00+00:00,1786896000000,63146.39,63390.0,63137.35,63260.01,394.04188
2026-08-16 17:00:00+00:00,1786899600000,63260.0,63276.61,63209.4,63210.01,68.21136
